============================================================
开始运行山西爬虫: 2026-07-01 22:00:01
当前目录: /home/intsig/zwx/shanxi/spider
Python: /home/vipuser/miniconda3/envs/myenv/bin/python
脚本: /home/intsig/zwx/shanxi/spider/shanxi_regex_ai.py
============================================================
============================================================
山西省公共资源交易平台爬虫 v4.3（历史回填 + 自检 + AI兜底 + IP代理池）
时间: 2026-07-01 22:00:02
输出: /home/intsig/zwx/shanxi/output/山西.csv
============================================================
初始化 Session...
Session 初始化成功
代理开关: True
代理池状态: {'available': 30, 'bad_total': 0, 'bad_unique': 0, 'api_calls_used': 1, 'api_calls_limit': 200, 'min_size': 8, 'default_num': 30, 'default_time': 5, 'default_port': 2, 'auto_refresh': True}
[CSV] 加载增量总表 262 行：/home/intsig/zwx/shanxi/output/山西.csv

===== 第一步：招标计划 =====
  [列表] channelId=198 第1页...
  [POST失败1/3] ReadTimeout: HTTPSConnectionPool(host='prec.sxzwfw.gov.cn', port=443): Read timed out. (read timeout=18) | https://prec.sxzwfw.gov.cn/queryContent-jyxx.jspx
  [列表] 总条数=11，当前已获取=10
  [列表] channelId=198 第2页...
  [列表] 总条数=11，当前已获取=11
  [列表] 共 11 条

  [招标计划] 市府街南金沙路东，市府街南张辽路东、市府街南北关路西、古北街南居然之家北等21块地块新能源汽车充电桩建设项目
  [GET失败1/3] ConnectionError: ('Connection aborted.', ConnectionResetError(104, 'Connection reset by peer')) | https://prec.sxzwfw.gov.cn/jyxxzbjh/1070332.jhtml
  → 新增

  [招标计划] 大同市平城区复地紫城老旧电梯更新更换项目
  → 新增

  [招标计划] 2026年朔城区“四好农村路"公路工程
  [GET失败1/3] ConnectionError: ('Connection aborted.', ConnectionResetError(104, 'Connection reset by peer')) | https://prec.sxzwfw.gov.cn/jyxxzbjh/1070287.jhtml
  → 新增

  [招标计划] 忻府区秀容中学建设项目
  [GET失败1/3] ConnectionError: ('Connection aborted.', ConnectionResetError(104, 'Connection reset by peer')) | https://prec.sxzwfw.gov.cn/jyxxzbjh/1070190.jhtml
  → 新增

  [招标计划] 大同曌能独立储能电站项目
  → 新增

  [招标计划] 忻府区新能源汽车充电基础设施项目
  → 新增

  [招标计划] 府城社区玉关公寓改造项目
  [GET失败1/3] ReadTimeout: HTTPSConnectionPool(host='prec.sxzwfw.gov.cn', port=443): Read timed out. (read timeout=15) | https://prec.sxzwfw.gov.cn/jyxxzbjh/1070162.jhtml
  [GET失败2/3] ReadTimeout: HTTPSConnectionPool(host='prec.sxzwfw.gov.cn', port=443): Read timed out. (read timeout=15) | https://prec.sxzwfw.gov.cn/jyxxzbjh/1070162.jhtml
  [GET失败3/3] ConnectionError: ('Connection aborted.', ConnectionResetError(104, 'Connection reset by peer')) | https://prec.sxzwfw.gov.cn/jyxxzbjh/1070162.jhtml
  → 新增

  [招标计划] 晋城一中附属学校10kV电力线路迁改工程
  [GET失败1/3] ProxyError: HTTPSConnectionPool(host='prec.sxzwfw.gov.cn', port=443): Max retries exceeded with url: /jyxxzbjh/1070136.jhtml (Caused by ProxyError('Unable to connect to proxy', OSError('Tunnel connection failed: 618 Internal Server Error'))) | https://prec.sxzwfw.gov.cn/jyxxzbjh/1070136.jhtml
  [GET失败2/3] ConnectionError: ('Connection aborted.', ConnectionResetError(104, 'Connection reset by peer')) | https://prec.sxzwfw.gov.cn/jyxxzbjh/1070136.jhtml
  [GET失败3/3] ConnectionError: ('Connection aborted.', ConnectionResetError(104, 'Connection reset by peer')) | https://prec.sxzwfw.gov.cn/jyxxzbjh/1070136.jhtml
  → 新增

  [招标计划] 平顺县大众市场更新改造、城市驿站改造及周边基础设施环境整治项目
  → 新增

  [招标计划] 选煤厂煤泥水处理系统技术改造项目
  → 新增

  [招标计划] 选煤厂煤泥水处理系统技术改造项目
  [GET失败1/3] ConnectionError: ('Connection aborted.', ConnectionResetError(104, 'Connection reset by peer')) | https://prec.sxzwfw.gov.cn/jyxxzbjh/1070123.jhtml
  → 已存在，补充字段

===== 第二步：招标公告频道 =====
  [列表] channelId=12 第1页...
  [列表] 总条数=24，当前已获取=10
  [列表] channelId=12 第2页...
  [列表] 总条数=24，当前已获取=20
  [列表] channelId=12 第3页...
  [列表] 总条数=24，当前已获取=24
  [列表] 共 24 条

  [招标公告] 物产片区现状路环境整治工程
  [历史搜索] 物产片区现状路环境整治工程
  [历史回填] 搜索项目：物产片区现状路环境整治工程
  [POST失败1/3] ConnectionError: ('Connection aborted.', ConnectionResetError(104, 'Connection reset by peer')) | https://prec.sxzwfw.gov.cn/queryContent-jyxx.jspx
    ✓ 历史招标计划
  [POST失败1/3] ConnectionError: ('Connection aborted.', ConnectionResetError(104, 'Connection reset by peer')) | https://prec.sxzwfw.gov.cn/queryContent-jyxx.jspx
    ✓ 历史招标公告
  → upsert 完成：招标公告

  [终止公告] 国强汾西100MW风力发电项目工程总承包(EPC）招标
  [历史搜索] 国强汾西100MW风力发电项目工程总承包(EPC）招标
  [历史回填] 搜索项目：国强汾西100MW风力发电项目工程总承包(EPC）招标
    ✓ 历史招标公告
  [POST失败1/3] ReadTimeout: HTTPSConnectionPool(host='prec.sxzwfw.gov.cn', port=443): Read timed out. (read timeout=18) | https://prec.sxzwfw.gov.cn/queryContent-jyxx.jspx
  → upsert 完成：终止公告

  [招标公告] 曲沃县县道院裴线（吉许-史村段）改造工程项目施工
  [历史搜索] 曲沃县县道院裴线（吉许-史村段）改造工程项目施工
  [历史回填] 搜索项目：曲沃县县道院裴线（吉许-史村段）改造工程项目施工
    ✓ 历史招标公告
  → upsert 完成：招标公告

  [跳过-控制价] 偏关县文笔大街给排水老旧管网更新改造工程监理项目(1标段)招标控制价

  [未知公告] 阳泉市城区弘弛独立混合储能项目EPC总承包
  [历史搜索] 阳泉市城区弘弛独立混合储能项目EPC总承包
  [历史回填] 搜索项目：阳泉市城区弘弛独立混合储能项目EPC总承包
  [POST失败1/3] ReadTimeout: HTTPSConnectionPool(host='prec.sxzwfw.gov.cn', port=443): Read timed out. (read timeout=18) | https://prec.sxzwfw.gov.cn/queryContent-jyxx.jspx
  → upsert 完成：未知公告

  [招标公告] 长治市屯留区城乡生活西部供水工程勘察设计项目
  [历史搜索] 长治市屯留区城乡生活西部供水工程勘察设计项目
  [历史回填] 搜索项目：长治市屯留区城乡生活西部供水工程勘察设计项目
  [POST失败1/3] ProxyError: HTTPSConnectionPool(host='prec.sxzwfw.gov.cn', port=443): Max retries exceeded with url: /queryContent-jyxx.jspx (Caused by ProxyError('Unable to connect to proxy', OSError('Tunnel connection failed: 435 Proxy Authentication Failed'))) | https://prec.sxzwfw.gov.cn/queryContent-jyxx.jspx
    ✓ 历史招标公告
  [POST失败1/3] ProxyError: HTTPSConnectionPool(host='prec.sxzwfw.gov.cn', port=443): Max retries exceeded with url: /queryContent-jyxx.jspx (Caused by ProxyError('Unable to connect to proxy', OSError('Tunnel connection failed: 618 Internal Server Error'))) | https://prec.sxzwfw.gov.cn/queryContent-jyxx.jspx
  [POST失败2/3] ReadTimeout: HTTPSConnectionPool(host='prec.sxzwfw.gov.cn', port=443): Read timed out. (read timeout=18) | https://prec.sxzwfw.gov.cn/queryContent-jyxx.jspx
  [POST失败3/3] ProxyError: HTTPSConnectionPool(host='prec.sxzwfw.gov.cn', port=443): Max retries exceeded with url: /queryContent-jyxx.jspx (Caused by ProxyError('Unable to connect to proxy', OSError('Tunnel connection failed: 407 Proxy Authentication Required'))) | https://prec.sxzwfw.gov.cn/queryContent-jyxx.jspx
  → upsert 完成：招标公告

  [招标公告] 和顺县生活垃圾焚烧发电项目特许经营者
  [历史搜索] 和顺县生活垃圾焚烧发电项目特许经营者
  [历史回填] 搜索项目：和顺县生活垃圾焚烧发电项目特许经营者
  [POST失败1/3] ReadTimeout: HTTPSConnectionPool(host='prec.sxzwfw.gov.cn', port=443): Read timed out. (read timeout=18) | https://prec.sxzwfw.gov.cn/queryContent-jyxx.jspx
    ✓ 历史招标公告
  → upsert 完成：招标公告

  [招标公告] 翼城县规模化供水项目（第九标段）
  [历史搜索] 翼城县规模化供水项目（第九标段）
  [历史回填] 搜索项目：翼城县规模化供水项目（第九标段）
  [POST失败1/3] ReadTimeout: HTTPSConnectionPool(host='prec.sxzwfw.gov.cn', port=443): Read timed out. (read timeout=18) | https://prec.sxzwfw.gov.cn/queryContent-jyxx.jspx
  [POST失败1/3] ProxyError: HTTPSConnectionPool(host='prec.sxzwfw.gov.cn', port=443): Max retries exceeded with url: /queryContent-jyxx.jspx (Caused by ProxyError('Unable to connect to proxy', RemoteDisconnected('Remote end closed connection without response'))) | https://prec.sxzwfw.gov.cn/queryContent-jyxx.jspx
  [GET失败1/3] ReadTimeout: HTTPSConnectionPool(host='prec.sxzwfw.gov.cn', port=443): Read timed out. (read timeout=15) | https://prec.sxzwfw.gov.cn/jyxxgczb/1070223.jhtml
  [GET失败2/3] ConnectionError: HTTPSConnectionPool(host='prec.sxzwfw.gov.cn', port=443): Read timed out. | https://prec.sxzwfw.gov.cn/jyxxgczb/1070223.jhtml
  [GET失败3/3] ConnectionError: ('Connection aborted.', ConnectionResetError(104, 'Connection reset by peer')) | https://prec.sxzwfw.gov.cn/jyxxgczb/1070223.jhtml
    ✓ 历史招标公告
  [POST失败1/3] ConnectionError: ('Connection aborted.', ConnectionResetError(104, 'Connection reset by peer')) | https://prec.sxzwfw.gov.cn/queryContent-jyxx.jspx
  [POST失败1/3] ReadTimeout: HTTPSConnectionPool(host='prec.sxzwfw.gov.cn', port=443): Read timed out. (read timeout=18) | https://prec.sxzwfw.gov.cn/queryContent-jyxx.jspx
  [POST失败1/3] ConnectionError: HTTPSConnectionPool(host='prec.sxzwfw.gov.cn', port=443): Read timed out. | https://prec.sxzwfw.gov.cn/queryContent-jyxx.jspx
  → upsert 完成：招标公告

  [招标公告] 汾西县县域东部支线供水工程勘察设计
  [GET失败1/3] ReadTimeout: HTTPSConnectionPool(host='prec.sxzwfw.gov.cn', port=443): Read timed out. (read timeout=15) | https://prec.sxzwfw.gov.cn/jyxxgczb/1070222.jhtml
  [历史搜索] 汾西县县域东部支线供水工程勘察设计
  [历史回填] 搜索项目：汾西县县域东部支线供水工程勘察设计
  [POST失败1/3] ReadTimeout: HTTPSConnectionPool(host='prec.sxzwfw.gov.cn', port=443): Read timed out. (read timeout=18) | https://prec.sxzwfw.gov.cn/queryContent-jyxx.jspx
  [POST失败2/3] ReadTimeout: HTTPSConnectionPool(host='prec.sxzwfw.gov.cn', port=443): Read timed out. (read timeout=18) | https://prec.sxzwfw.gov.cn/queryContent-jyxx.jspx
  [POST失败3/3] ConnectionError: ('Connection aborted.', ConnectionResetError(104, 'Connection reset by peer')) | https://prec.sxzwfw.gov.cn/queryContent-jyxx.jspx
    ✓ 历史招标公告
  [POST失败1/3] ConnectionError: ('Connection aborted.', ConnectionResetError(104, 'Connection reset by peer')) | https://prec.sxzwfw.gov.cn/queryContent-jyxx.jspx
  [POST失败2/3] ReadTimeout: HTTPSConnectionPool(host='prec.sxzwfw.gov.cn', port=443): Read timed out. (read timeout=18) | https://prec.sxzwfw.gov.cn/queryContent-jyxx.jspx
  [POST失败1/3] ReadTimeout: HTTPSConnectionPool(host='prec.sxzwfw.gov.cn', port=443): Read timed out. (read timeout=18) | https://prec.sxzwfw.gov.cn/queryContent-jyxx.jspx
  → upsert 完成：招标公告

  [招标公告] 壶关县龙泉镇四家池村蔬菜育苗基地厂房建设项目施工
  [GET失败1/3] ProxyError: HTTPSConnectionPool(host='prec.sxzwfw.gov.cn', port=443): Max retries exceeded with url: /jyxxgczb/1070212.jhtml (Caused by ProxyError('Unable to connect to proxy', OSError('Tunnel connection failed: 618 Internal Server Error'))) | https://prec.sxzwfw.gov.cn/jyxxgczb/1070212.jhtml
  [历史搜索] 壶关县龙泉镇四家池村蔬菜育苗基地厂房建设项目施工
  [历史回填] 搜索项目：壶关县龙泉镇四家池村蔬菜育苗基地厂房建设项目施工
  [POST失败1/3] ReadTimeout: HTTPSConnectionPool(host='prec.sxzwfw.gov.cn', port=443): Read timed out. (read timeout=18) | https://prec.sxzwfw.gov.cn/queryContent-jyxx.jspx
  [POST失败2/3] ConnectionError: ('Connection aborted.', ConnectionResetError(104, 'Connection reset by peer')) | https://prec.sxzwfw.gov.cn/queryContent-jyxx.jspx
  [GET失败1/3] ConnectionError: ('Connection aborted.', ConnectionResetError(104, 'Connection reset by peer')) | https://prec.sxzwfw.gov.cn/jyxxgczb/1070212.jhtml
  [GET失败2/3] ConnectionError: ('Connection aborted.', RemoteDisconnected('Remote end closed connection without response')) | https://prec.sxzwfw.gov.cn/jyxxgczb/1070212.jhtml
  [GET失败3/3] ReadTimeout: HTTPSConnectionPool(host='prec.sxzwfw.gov.cn', port=443): Read timed out. (read timeout=15) | https://prec.sxzwfw.gov.cn/jyxxgczb/1070212.jhtml
    ✓ 历史招标公告
  → upsert 完成：招标公告

  [跳过-控制价] 壶关县龙泉镇四家池村蔬菜育苗基地厂房建设项目施工招标控制价

  [跳过-控制价] 五台县门限石乡大北沟片区农村人居环境整治项目初步设计项目(1标段)招标控制价

  [跳过-控制价] 朔州市山阴县燃气管道改造项目探伤(1标段)招标控制价

  [跳过-控制价] 朔州市山阴县燃气管道改造项目施工(1标段)招标控制价

  [招标公告] 侯马市文公路、文明路、新田路雨污分流及综合管网建设工程设计施工工程总承包
  [历史搜索] 侯马市文公路、文明路、新田路雨污分流及综合管网建设工程设计施工工程总承包
  [历史回填] 搜索项目：侯马市文公路、文明路、新田路雨污分流及综合管网建设工程设计施工工程总承包
  [POST失败1/3] ProxyError: HTTPSConnectionPool(host='prec.sxzwfw.gov.cn', port=443): Max retries exceeded with url: /queryContent-jyxx.jspx (Caused by ProxyError('Unable to connect to proxy', OSError('Tunnel connection failed: 436 Proxy Authentication Failed'))) | https://prec.sxzwfw.gov.cn/queryContent-jyxx.jspx
  [POST失败1/3] ReadTimeout: HTTPSConnectionPool(host='prec.sxzwfw.gov.cn', port=443): Read timed out. (read timeout=18) | https://prec.sxzwfw.gov.cn/queryContent-jyxx.jspx
  [GET失败1/3] ConnectionError: ('Connection aborted.', ConnectionResetError(104, 'Connection reset by peer')) | https://prec.sxzwfw.gov.cn/jyxxgczb/1070179.jhtml
    ✓ 历史招标公告
  [POST失败1/3] ConnectionError: ('Connection aborted.', ConnectionResetError(104, 'Connection reset by peer')) | https://prec.sxzwfw.gov.cn/queryContent-jyxx.jspx
  [POST失败2/3] ConnectionError: ('Connection aborted.', ConnectionResetError(104, 'Connection reset by peer')) | https://prec.sxzwfw.gov.cn/queryContent-jyxx.jspx
  [POST失败1/3] ReadTimeout: HTTPSConnectionPool(host='prec.sxzwfw.gov.cn', port=443): Read timed out. (read timeout=18) | https://prec.sxzwfw.gov.cn/queryContent-jyxx.jspx
  [POST失败2/3] ReadTimeout: HTTPSConnectionPool(host='prec.sxzwfw.gov.cn', port=443): Read timed out. (read timeout=18) | https://prec.sxzwfw.gov.cn/queryContent-jyxx.jspx
  [POST失败1/3] ConnectionError: ('Connection aborted.', ConnectionResetError(104, 'Connection reset by peer')) | https://prec.sxzwfw.gov.cn/queryContent-jyxx.jspx
  → upsert 完成：招标公告

  [跳过-控制价] 忻州神池县缓洪池建设项目施工项目(1标段)招标控制价

  [跳过-控制价] 长治市台上片区城中村改造及基础设施配套建设项目勘察设计招标控制价

  [招标公告] 潇河晋中市榆次区城区段防洪能力提升工程勘察和初步设计
  [历史搜索] 潇河晋中市榆次区城区段防洪能力提升工程勘察和初步设计
  [历史回填] 搜索项目：潇河晋中市榆次区城区段防洪能力提升工程勘察和初步设计
  [POST失败1/3] ReadTimeout: HTTPSConnectionPool(host='prec.sxzwfw.gov.cn', port=443): Read timed out. (read timeout=18) | https://prec.sxzwfw.gov.cn/queryContent-jyxx.jspx
  [POST失败2/3] ReadTimeout: HTTPSConnectionPool(host='prec.sxzwfw.gov.cn', port=443): Read timed out. (read timeout=18) | https://prec.sxzwfw.gov.cn/queryContent-jyxx.jspx
  [POST失败3/3] ReadTimeout: HTTPSConnectionPool(host='prec.sxzwfw.gov.cn', port=443): Read timed out. (read timeout=18) | https://prec.sxzwfw.gov.cn/queryContent-jyxx.jspx
  [POST失败1/3] ConnectionError: ('Connection aborted.', ConnectionResetError(104, 'Connection reset by peer')) | https://prec.sxzwfw.gov.cn/queryContent-jyxx.jspx
  [POST失败2/3] ConnectionError: ('Connection aborted.', ConnectionResetError(104, 'Connection reset by peer')) | https://prec.sxzwfw.gov.cn/queryContent-jyxx.jspx
  [GET失败1/3] ConnectionError: ('Connection aborted.', ConnectionResetError(104, 'Connection reset by peer')) | https://prec.sxzwfw.gov.cn/jyxxgczb/1070125.jhtml
    ✓ 历史招标公告
  [POST失败1/3] ConnectionError: ('Connection aborted.', ConnectionResetError(104, 'Connection reset by peer')) | https://prec.sxzwfw.gov.cn/queryContent-jyxx.jspx
  [POST失败2/3] ReadTimeout: HTTPSConnectionPool(host='prec.sxzwfw.gov.cn', port=443): Read timed out. (read timeout=18) | https://prec.sxzwfw.gov.cn/queryContent-jyxx.jspx
  [POST失败3/3] ConnectionError: ('Connection aborted.', ConnectionResetError(104, 'Connection reset by peer')) | https://prec.sxzwfw.gov.cn/queryContent-jyxx.jspx
  → upsert 完成：招标公告

  [招标公告] 长治市滨湖区九年一贯制学校新建项目初步设计
  [GET失败1/3] ConnectionError: ('Connection aborted.', RemoteDisconnected('Remote end closed connection without response')) | https://prec.sxzwfw.gov.cn/jyxxgczb/1070112.jhtml
  [GET失败2/3] ReadTimeout: HTTPSConnectionPool(host='prec.sxzwfw.gov.cn', port=443): Read timed out. (read timeout=15) | https://prec.sxzwfw.gov.cn/jyxxgczb/1070112.jhtml
  [GET失败3/3] ReadTimeout: HTTPSConnectionPool(host='prec.sxzwfw.gov.cn', port=443): Read timed out. (read timeout=15) | https://prec.sxzwfw.gov.cn/jyxxgczb/1070112.jhtml
  [历史搜索] 长治市滨湖区九年一贯制学校新建项目初步设计
  [历史回填] 搜索项目：长治市滨湖区九年一贯制学校新建项目初步设计
  [POST失败1/3] ProxyError: HTTPSConnectionPool(host='prec.sxzwfw.gov.cn', port=443): Max retries exceeded with url: /queryContent-jyxx.jspx (Caused by ProxyError('Unable to connect to proxy', OSError('Tunnel connection failed: 618 Internal Server Error'))) | https://prec.sxzwfw.gov.cn/queryContent-jyxx.jspx
  [POST失败2/3] ConnectionError: ('Connection aborted.', ConnectionResetError(104, 'Connection reset by peer')) | https://prec.sxzwfw.gov.cn/queryContent-jyxx.jspx
    ✓ 历史招标公告
  → upsert 完成：招标公告

  [跳过-控制价] 长治市滨湖区九年一贯制学校新建项目初步设计招标控制价

  [招标公告] 长子县医疗集团紧密型县域医共体建设项目（第一标段）施工
  [历史搜索] 长子县医疗集团紧密型县域医共体建设项目（第一标段）施工
  [历史回填] 搜索项目：长子县医疗集团紧密型县域医共体建设项目（第一标段）施工
  [GET失败1/3] ProxyError: HTTPSConnectionPool(host='prec.sxzwfw.gov.cn', port=443): Max retries exceeded with url: /jyxxgczb/1070110.jhtml (Caused by ProxyError('Unable to connect to proxy', OSError('Tunnel connection failed: 407 Proxy Authentication Required'))) | https://prec.sxzwfw.gov.cn/jyxxgczb/1070110.jhtml
    ✓ 历史招标公告
  [POST失败1/3] ConnectionError: ('Connection aborted.', ConnectionResetError(104, 'Connection reset by peer')) | https://prec.sxzwfw.gov.cn/queryContent-jyxx.jspx
  [POST失败1/3] ConnectionError: ('Connection aborted.', RemoteDisconnected('Remote end closed connection without response')) | https://prec.sxzwfw.gov.cn/queryContent-jyxx.jspx
  → upsert 完成：招标公告

  [招标公告] 长治市第二中学校（滨湖校区）建设项目勘察
  [历史搜索] 长治市第二中学校（滨湖校区）建设项目勘察
  [历史回填] 搜索项目：长治市第二中学校（滨湖校区）建设项目勘察
    ✓ 历史招标公告
  [POST失败1/3] ConnectionError: ('Connection aborted.', ConnectionResetError(104, 'Connection reset by peer')) | https://prec.sxzwfw.gov.cn/queryContent-jyxx.jspx
  → upsert 完成：招标公告

  [招标公告] 临猗县楚侯污水处理厂提标改造工程监理
  [历史搜索] 临猗县楚侯污水处理厂提标改造工程监理
  [历史回填] 搜索项目：临猗县楚侯污水处理厂提标改造工程监理
  [GET失败1/3] ConnectionError: ('Connection aborted.', ConnectionResetError(104, 'Connection reset by peer')) | https://prec.sxzwfw.gov.cn/jyxxgczb/1070071.jhtml
    ✓ 历史招标公告
  → upsert 完成：招标公告

  [招标公告] 临猗县楚侯污水处理厂提标改造工程
  [历史搜索] 临猗县楚侯污水处理厂提标改造工程
  [历史回填] 搜索项目：临猗县楚侯污水处理厂提标改造工程
    ✓ 历史招标计划
    ✓ 历史招标公告
  [GET失败1/3] ReadTimeout: HTTPSConnectionPool(host='prec.sxzwfw.gov.cn', port=443): Read timed out. (read timeout=15) | https://prec.sxzwfw.gov.cn/jyxxgchxr/979206.jhtml
    ✓ 历史候选人监督部门
  [GET失败1/3] ProxyError: HTTPSConnectionPool(host='prec.sxzwfw.gov.cn', port=443): Max retries exceeded with url: /jyxxgcgs/982129.jhtml (Caused by ProxyError('Unable to connect to proxy', OSError('Tunnel connection failed: 435 Proxy Authentication Failed'))) | https://prec.sxzwfw.gov.cn/jyxxgcgs/982129.jhtml
    ✓ 历史结果监督部门
  → upsert 完成：招标公告

===== 第三步：变更公告 =====
  [列表] channelId=13 第1页...
  [POST失败1/3] ReadTimeout: HTTPSConnectionPool(host='prec.sxzwfw.gov.cn', port=443): Read timed out. (read timeout=18) | https://prec.sxzwfw.gov.cn/queryContent-jyxx.jspx
  [列表] 总条数=5，当前已获取=5
  [列表] 共 5 条

  [终止公告] 大同市平城区供水管网及设施更新改造项目（一期）
  [历史搜索] 大同市平城区供水管网及设施更新改造项目（一期）
  [历史回填] 搜索项目：大同市平城区供水管网及设施更新改造项目（一期）
  [POST失败1/3] ProxyError: HTTPSConnectionPool(host='prec.sxzwfw.gov.cn', port=443): Max retries exceeded with url: /queryContent-jyxx.jspx (Caused by ProxyError('Unable to connect to proxy', RemoteDisconnected('Remote end closed connection without response'))) | https://prec.sxzwfw.gov.cn/queryContent-jyxx.jspx
  [GET失败1/3] ReadTimeout: HTTPSConnectionPool(host='prec.sxzwfw.gov.cn', port=443): Read timed out. (read timeout=15) | https://prec.sxzwfw.gov.cn/jyxxgczb/1067548.jhtml
    ✓ 历史招标公告
  [POST失败1/3] ConnectionError: ('Connection aborted.', ConnectionResetError(104, 'Connection reset by peer')) | https://prec.sxzwfw.gov.cn/queryContent-jyxx.jspx
  [GET失败1/3] ReadTimeout: HTTPSConnectionPool(host='prec.sxzwfw.gov.cn', port=443): Read timed out. (read timeout=15) | https://prec.sxzwfw.gov.cn/jyxxgchxr/1069177.jhtml
    ✓ 历史候选人监督部门
    ✓ 历史结果监督部门
  → upsert 完成：终止公告

  [变更公告] 晋城市晓庄街（消防指挥中心段）道路工程总承包补充公告
  [历史搜索] 晋城市晓庄街（消防指挥中心段）道路工程总承包补充公告
  [历史回填] 搜索项目：晋城市晓庄街（消防指挥中心段）道路工程总承包补充公告
  [POST失败1/3] ReadTimeout: HTTPSConnectionPool(host='prec.sxzwfw.gov.cn', port=443): Read timed out. (read timeout=18) | https://prec.sxzwfw.gov.cn/queryContent-jyxx.jspx
  [POST失败1/3] ReadTimeout: HTTPSConnectionPool(host='prec.sxzwfw.gov.cn', port=443): Read timed out. (read timeout=18) | https://prec.sxzwfw.gov.cn/queryContent-jyxx.jspx
  → upsert 完成：变更公告

  [延期公告] 山西汾西矿业（集团）有限责任公司灵北煤矿矸石充填二期工程项目二次招标
  [历史搜索] 山西汾西矿业（集团）有限责任公司灵北煤矿矸石充填二期工程项目二次招标
  [历史回填] 搜索项目：山西汾西矿业（集团）有限责任公司灵北煤矿矸石充填二期工程项目二次招标
    ✓ 历史招标公告
  [POST失败1/3] ConnectionError: ('Connection aborted.', ConnectionResetError(104, 'Connection reset by peer')) | https://prec.sxzwfw.gov.cn/queryContent-jyxx.jspx
  [POST失败2/3] ReadTimeout: HTTPSConnectionPool(host='prec.sxzwfw.gov.cn', port=443): Read timed out. (read timeout=18) | https://prec.sxzwfw.gov.cn/queryContent-jyxx.jspx
  → upsert 完成：延期公告

  [变更公告] 翼城县集中供热管网改造及新能源热源替代项目施工二标段
  [历史搜索] 翼城县集中供热管网改造及新能源热源替代项目施工二标段
  [历史回填] 搜索项目：翼城县集中供热管网改造及新能源热源替代项目施工二标段
  [POST失败1/3] ReadTimeout: HTTPSConnectionPool(host='prec.sxzwfw.gov.cn', port=443): Read timed out. (read timeout=18) | https://prec.sxzwfw.gov.cn/queryContent-jyxx.jspx
    ✓ 历史招标公告
  [POST失败1/3] ProxyError: HTTPSConnectionPool(host='prec.sxzwfw.gov.cn', port=443): Max retries exceeded with url: /queryContent-jyxx.jspx (Caused by ProxyError('Unable to connect to proxy', OSError('Tunnel connection failed: 407 Proxy Authentication Required'))) | https://prec.sxzwfw.gov.cn/queryContent-jyxx.jspx
  [POST失败2/3] ConnectionError: ('Connection aborted.', RemoteDisconnected('Remote end closed connection without response')) | https://prec.sxzwfw.gov.cn/queryContent-jyxx.jspx
  → upsert 完成：变更公告

  [延期公告] 云州区老城区平房区域地下管网改造工程设计
  [历史搜索] 云州区老城区平房区域地下管网改造工程设计
  [历史回填] 搜索项目：云州区老城区平房区域地下管网改造工程设计
  [GET失败1/3] ReadTimeout: HTTPSConnectionPool(host='prec.sxzwfw.gov.cn', port=443): Read timed out. (read timeout=15) | https://prec.sxzwfw.gov.cn/jyxxgczb/1065318.jhtml
    ✓ 历史招标公告
  [POST失败1/3] ReadTimeout: HTTPSConnectionPool(host='prec.sxzwfw.gov.cn', port=443): Read timed out. (read timeout=18) | https://prec.sxzwfw.gov.cn/queryContent-jyxx.jspx
  → upsert 完成：延期公告

===== 第四步：中标候选人公示 =====
  [列表] channelId=14 第1页...
  [列表] 总条数=36，当前已获取=10
  [列表] channelId=14 第2页...
  [POST失败1/3] ConnectionError: ('Connection aborted.', ConnectionResetError(104, 'Connection reset by peer')) | https://prec.sxzwfw.gov.cn/queryContent_2-jyxx.jspx
  [列表] 总条数=36，当前已获取=20
  [列表] channelId=14 第3页...
  [列表] 总条数=36，当前已获取=30
  [列表] channelId=14 第4页...
  [列表] 总条数=36，当前已获取=36
  [列表] 共 36 条

  [中标候选人公示] 杏花岭区2024年老旧小区改造项目（二期）设计施工总承包（EPC）
  [历史搜索] 杏花岭区2024年老旧小区改造项目（二期）设计施工总承包（EPC）
  [历史回填] 搜索项目：杏花岭区2024年老旧小区改造项目（二期）设计施工总承包（EPC）
  [POST失败1/3] ConnectionError: ('Connection aborted.', ConnectionResetError(104, 'Connection reset by peer')) | https://prec.sxzwfw.gov.cn/queryContent-jyxx.jspx
  [POST失败2/3] ReadTimeout: HTTPSConnectionPool(host='prec.sxzwfw.gov.cn', port=443): Read timed out. (read timeout=18) | https://prec.sxzwfw.gov.cn/queryContent-jyxx.jspx
  [POST失败1/3] ConnectionError: ('Connection aborted.', ConnectionResetError(104, 'Connection reset by peer')) | https://prec.sxzwfw.gov.cn/queryContent-jyxx.jspx
  [GET失败1/3] ReadTimeout: HTTPSConnectionPool(host='prec.sxzwfw.gov.cn', port=443): Read timed out. (read timeout=15) | https://prec.sxzwfw.gov.cn/jyxxgczb/1059730.jhtml
    ✓ 历史招标公告
    ✓ 历史候选人监督部门
  → upsert 完成：中标候选人公示

  [中标候选人公示] 大禹渡灌区新增恢复灌溉面积工程2026年度项目二次
  [历史搜索] 大禹渡灌区新增恢复灌溉面积工程2026年度项目二次
  [历史回填] 搜索项目：大禹渡灌区新增恢复灌溉面积工程2026年度项目二次
    ✓ 历史招标公告
  [POST失败1/3] ConnectionError: ('Connection aborted.', ConnectionResetError(104, 'Connection reset by peer')) | https://prec.sxzwfw.gov.cn/queryContent-jyxx.jspx
  [POST失败2/3] ProxyError: HTTPSConnectionPool(host='prec.sxzwfw.gov.cn', port=443): Max retries exceeded with url: /queryContent-jyxx.jspx (Caused by ProxyError('Unable to connect to proxy', OSError('Tunnel connection failed: 618 Internal Server Error'))) | https://prec.sxzwfw.gov.cn/queryContent-jyxx.jspx
  [GET失败1/3] ConnectionError: ('Connection aborted.', ConnectionResetError(104, 'Connection reset by peer')) | https://prec.sxzwfw.gov.cn/jyxxgchxr/1070359.jhtml
    ✓ 历史候选人监督部门
  → upsert 完成：中标候选人公示

  [中标候选人公示] 国道209线河津市过境改线工程施工
  [历史搜索] 国道209线河津市过境改线工程施工
  [历史回填] 搜索项目：国道209线河津市过境改线工程施工
  [POST失败1/3] ConnectionError: ('Connection aborted.', ConnectionResetError(104, 'Connection reset by peer')) | https://prec.sxzwfw.gov.cn/queryContent-jyxx.jspx
  [GET失败1/3] ProxyError: HTTPSConnectionPool(host='prec.sxzwfw.gov.cn', port=443): Max retries exceeded with url: /jyxxgczb/1062836.jhtml (Caused by ProxyError('Unable to connect to proxy', OSError('Tunnel connection failed: 407 Proxy Authentication Required'))) | https://prec.sxzwfw.gov.cn/jyxxgczb/1062836.jhtml
    ✓ 历史招标公告
    ✓ 历史候选人监督部门
    ✓ 历史结果监督部门
  → upsert 完成：中标候选人公示

  [中标候选人公示] 山西新景矿煤业有限责任公司保安分区15号煤开采项目PC总承包
  [历史搜索] 山西新景矿煤业有限责任公司保安分区15号煤开采项目PC总承包
  [历史回填] 搜索项目：山西新景矿煤业有限责任公司保安分区15号煤开采项目PC总承包
    ✓ 历史招标计划
  [POST失败1/3] ProxyError: HTTPSConnectionPool(host='prec.sxzwfw.gov.cn', port=443): Max retries exceeded with url: /queryContent-jyxx.jspx (Caused by ProxyError('Unable to connect to proxy', OSError('Tunnel connection failed: 436 Proxy Authentication Failed'))) | https://prec.sxzwfw.gov.cn/queryContent-jyxx.jspx
  [POST失败2/3] ReadTimeout: HTTPSConnectionPool(host='prec.sxzwfw.gov.cn', port=443): Read timed out. (read timeout=18) | https://prec.sxzwfw.gov.cn/queryContent-jyxx.jspx
  [POST失败3/3] ReadTimeout: HTTPSConnectionPool(host='prec.sxzwfw.gov.cn', port=443): Read timed out. (read timeout=18) | https://prec.sxzwfw.gov.cn/queryContent-jyxx.jspx
  [POST失败1/3] ConnectionError: ('Connection aborted.', RemoteDisconnected('Remote end closed connection without response')) | https://prec.sxzwfw.gov.cn/queryContent-jyxx.jspx
  [GET失败1/3] ReadTimeout: HTTPSConnectionPool(host='prec.sxzwfw.gov.cn', port=443): Read timed out. (read timeout=15) | https://prec.sxzwfw.gov.cn/jyxxgchxr/1070342.jhtml
  [GET失败2/3] ReadTimeout: HTTPSConnectionPool(host='prec.sxzwfw.gov.cn', port=443): Read timed out. (read timeout=15) | https://prec.sxzwfw.gov.cn/jyxxgchxr/1070342.jhtml
  [GET失败3/3] ProxyError: HTTPSConnectionPool(host='prec.sxzwfw.gov.cn', port=443): Max retries exceeded with url: /jyxxgchxr/1070342.jhtml (Caused by ProxyError('Unable to connect to proxy', OSError('Tunnel connection failed: 407 Proxy Authentication Required'))) | https://prec.sxzwfw.gov.cn/jyxxgchxr/1070342.jhtml
    ✓ 历史候选人监督部门
  → upsert 完成：中标候选人公示

  [中标候选人公示] 寿阳县老旧小区供热老化管道更新改造工程
  [GET失败1/3] ReadTimeout: HTTPSConnectionPool(host='prec.sxzwfw.gov.cn', port=443): Read timed out. (read timeout=15) | https://prec.sxzwfw.gov.cn/jyxxgchxr/1070337.jhtml
  [历史搜索] 寿阳县老旧小区供热老化管道更新改造工程
  [历史回填] 搜索项目：寿阳县老旧小区供热老化管道更新改造工程
  [GET失败1/3] ReadTimeout: HTTPSConnectionPool(host='prec.sxzwfw.gov.cn', port=443): Read timed out. (read timeout=15) | https://prec.sxzwfw.gov.cn/jyxxzbjh/918700.jhtml
    ✓ 历史招标计划
  [POST失败1/3] ReadTimeout: HTTPSConnectionPool(host='prec.sxzwfw.gov.cn', port=443): Read timed out. (read timeout=18) | https://prec.sxzwfw.gov.cn/queryContent-jyxx.jspx
  [GET失败1/3] ReadTimeout: HTTPSConnectionPool(host='prec.sxzwfw.gov.cn', port=443): Read timed out. (read timeout=15) | https://prec.sxzwfw.gov.cn/jyxxgczb/1056919.jhtml
  [GET失败2/3] ConnectionError: ('Connection aborted.', ConnectionResetError(104, 'Connection reset by peer')) | https://prec.sxzwfw.gov.cn/jyxxgczb/1056919.jhtml
  [GET失败3/3] ConnectionError: ('Connection aborted.', ConnectionResetError(104, 'Connection reset by peer')) | https://prec.sxzwfw.gov.cn/jyxxgczb/1056919.jhtml
    ✓ 历史招标公告
  [POST失败1/3] ReadTimeout: HTTPSConnectionPool(host='prec.sxzwfw.gov.cn', port=443): Read timed out. (read timeout=18) | https://prec.sxzwfw.gov.cn/queryContent-jyxx.jspx
  [GET失败1/3] ReadTimeout: HTTPSConnectionPool(host='prec.sxzwfw.gov.cn', port=443): Read timed out. (read timeout=15) | https://prec.sxzwfw.gov.cn/jyxxgchxr/1070337.jhtml
    ✓ 历史候选人监督部门
  [POST失败1/3] ConnectionError: ('Connection aborted.', ConnectionResetError(104, 'Connection reset by peer')) | https://prec.sxzwfw.gov.cn/queryContent-jyxx.jspx
  [POST失败2/3] ReadTimeout: HTTPSConnectionPool(host='prec.sxzwfw.gov.cn', port=443): Read timed out. (read timeout=18) | https://prec.sxzwfw.gov.cn/queryContent-jyxx.jspx
  [POST失败3/3] ReadTimeout: HTTPSConnectionPool(host='prec.sxzwfw.gov.cn', port=443): Read timed out. (read timeout=18) | https://prec.sxzwfw.gov.cn/queryContent-jyxx.jspx
  → upsert 完成：中标候选人公示

  [中标候选人公示] 2026年绛县小型农村供水工程规范化改造项目勘察设计
  [GET失败1/3] ConnectionError: ('Connection aborted.', ConnectionResetError(104, 'Connection reset by peer')) | https://prec.sxzwfw.gov.cn/jyxxgchxr/1070321.jhtml
  [GET失败2/3] ReadTimeout: HTTPSConnectionPool(host='prec.sxzwfw.gov.cn', port=443): Read timed out. (read timeout=15) | https://prec.sxzwfw.gov.cn/jyxxgchxr/1070321.jhtml
  [历史搜索] 2026年绛县小型农村供水工程规范化改造项目勘察设计
  [历史回填] 搜索项目：2026年绛县小型农村供水工程规范化改造项目勘察设计
  [GET失败1/3] ReadTimeout: HTTPSConnectionPool(host='prec.sxzwfw.gov.cn', port=443): Read timed out. (read timeout=15) | https://prec.sxzwfw.gov.cn/jyxxgczb/1063480.jhtml
    ✓ 历史招标公告
    ✓ 历史候选人监督部门
  [POST失败1/3] ConnectionError: ('Connection aborted.', ConnectionResetError(104, 'Connection reset by peer')) | https://prec.sxzwfw.gov.cn/queryContent-jyxx.jspx
  → upsert 完成：中标候选人公示

  [中标候选人公示] 黎城县公办养老中心项目施工
  [历史搜索] 黎城县公办养老中心项目施工
  [历史回填] 搜索项目：黎城县公办养老中心项目施工
  [POST失败1/3] ConnectionError: ('Connection aborted.', ConnectionResetError(104, 'Connection reset by peer')) | https://prec.sxzwfw.gov.cn/queryContent-jyxx.jspx
    ✓ 历史招标公告
    ✓ 历史候选人监督部门
  [POST失败1/3] ReadTimeout: HTTPSConnectionPool(host='prec.sxzwfw.gov.cn', port=443): Read timed out. (read timeout=18) | https://prec.sxzwfw.gov.cn/queryContent-jyxx.jspx
  → upsert 完成：中标候选人公示

  [中标候选人公示] 杨家堡污水厂进水管网改造工程施工
  [历史搜索] 杨家堡污水厂进水管网改造工程施工
  [历史回填] 搜索项目：杨家堡污水厂进水管网改造工程施工
    ✓ 历史招标公告
  [POST失败1/3] ConnectionError: ('Connection aborted.', ConnectionResetError(104, 'Connection reset by peer')) | https://prec.sxzwfw.gov.cn/queryContent-jyxx.jspx
  [POST失败1/3] ConnectionError: ('Connection aborted.', ConnectionResetError(104, 'Connection reset by peer')) | https://prec.sxzwfw.gov.cn/queryContent-jyxx.jspx
    ✓ 历史候选人监督部门
  [POST失败1/3] ConnectionError: ('Connection aborted.', ConnectionResetError(104, 'Connection reset by peer')) | https://prec.sxzwfw.gov.cn/queryContent-jyxx.jspx
  [POST失败2/3] ReadTimeout: HTTPSConnectionPool(host='prec.sxzwfw.gov.cn', port=443): Read timed out. (read timeout=18) | https://prec.sxzwfw.gov.cn/queryContent-jyxx.jspx
  → upsert 完成：中标候选人公示

  [中标候选人公示] 太原市西山地表水厂供水工程一取水泵站(引黄原水)工程施工
  [历史搜索] 太原市西山地表水厂供水工程一取水泵站(引黄原水)工程施工
  [历史回填] 搜索项目：太原市西山地表水厂供水工程一取水泵站(引黄原水)工程施工
  [POST失败1/3] ConnectionError: ('Connection aborted.', ConnectionResetError(104, 'Connection reset by peer')) | https://prec.sxzwfw.gov.cn/queryContent-jyxx.jspx
    ✓ 历史招标公告
  [POST失败1/3] ConnectionError: ('Connection aborted.', ConnectionResetError(104, 'Connection reset by peer')) | https://prec.sxzwfw.gov.cn/queryContent-jyxx.jspx
    ✓ 历史候选人监督部门
  → upsert 完成：中标候选人公示

  [中标候选人公示] 太原供水集团有限公司财大东巷等46条新建给水管网工程钢管采购（二次）
  [历史搜索] 太原供水集团有限公司财大东巷等46条新建给水管网工程钢管采购（二次）
  [历史回填] 搜索项目：太原供水集团有限公司财大东巷等46条新建给水管网工程钢管采购（二次）
  [POST失败1/3] ConnectionError: ('Connection aborted.', RemoteDisconnected('Remote end closed connection without response')) | https://prec.sxzwfw.gov.cn/queryContent-jyxx.jspx
  [POST失败2/3] ConnectionError: ('Connection aborted.', ConnectionResetError(104, 'Connection reset by peer')) | https://prec.sxzwfw.gov.cn/queryContent-jyxx.jspx
  [POST失败3/3] ConnectionError: ('Connection aborted.', ConnectionResetError(104, 'Connection reset by peer')) | https://prec.sxzwfw.gov.cn/queryContent-jyxx.jspx
    ✓ 历史招标公告
  [POST失败1/3] ConnectionError: ('Connection aborted.', ConnectionResetError(104, 'Connection reset by peer')) | https://prec.sxzwfw.gov.cn/queryContent-jyxx.jspx
  [GET失败1/3] ConnectionError: ('Connection aborted.', ConnectionResetError(104, 'Connection reset by peer')) | https://prec.sxzwfw.gov.cn/jyxxgchxr/1070307.jhtml
  [GET失败2/3] ConnectionError: ('Connection aborted.', ConnectionResetError(104, 'Connection reset by peer')) | https://prec.sxzwfw.gov.cn/jyxxgchxr/1070307.jhtml
    ✓ 历史候选人监督部门
  → upsert 完成：中标候选人公示

  [中标候选人公示] 中村镇张马村历山花卉融创基地
  [GET失败1/3] ReadTimeout: HTTPSConnectionPool(host='prec.sxzwfw.gov.cn', port=443): Read timed out. (read timeout=15) | https://prec.sxzwfw.gov.cn/jyxxgchxr/1070266.jhtml
  [历史搜索] 中村镇张马村历山花卉融创基地
  [历史回填] 搜索项目：中村镇张马村历山花卉融创基地
    ✓ 历史招标计划
    ✓ 历史招标公告
    ✓ 历史候选人监督部门
  [POST失败1/3] ReadTimeout: HTTPSConnectionPool(host='prec.sxzwfw.gov.cn', port=443): Read timed out. (read timeout=18) | https://prec.sxzwfw.gov.cn/queryContent-jyxx.jspx
  [POST失败2/3] ProxyError: HTTPSConnectionPool(host='prec.sxzwfw.gov.cn', port=443): Max retries exceeded with url: /queryContent-jyxx.jspx (Caused by ProxyError('Unable to connect to proxy', OSError('Tunnel connection failed: 436 Proxy Authentication Failed'))) | https://prec.sxzwfw.gov.cn/queryContent-jyxx.jspx
  → upsert 完成：中标候选人公示

  [中标候选人公示] 潇河产业园区文源学校建设工程（一标段）施工（暂估价）断桥铝合金窗采购项目
  [历史搜索] 潇河产业园区文源学校建设工程（一标段）施工（暂估价）断桥铝合金窗采购项目
  [历史回填] 搜索项目：潇河产业园区文源学校建设工程（一标段）施工（暂估价）断桥铝合金窗采购项目
  [POST失败1/3] ConnectionError: ('Connection aborted.', ConnectionResetError(104, 'Connection reset by peer')) | https://prec.sxzwfw.gov.cn/queryContent-jyxx.jspx
  [GET失败1/3] ReadTimeout: HTTPSConnectionPool(host='prec.sxzwfw.gov.cn', port=443): Read timed out. (read timeout=15) | https://prec.sxzwfw.gov.cn/jyxxgczb/1061980.jhtml
    ✓ 历史招标公告
  [POST失败1/3] ReadTimeout: HTTPSConnectionPool(host='prec.sxzwfw.gov.cn', port=443): Read timed out. (read timeout=18) | https://prec.sxzwfw.gov.cn/queryContent-jyxx.jspx
    ✓ 历史候选人监督部门
  → upsert 完成：中标候选人公示

  [中标候选人公示] 大秦铁路股份有限公司太原铁路工程建设指挥部太原动车组运用所增设控制集中系统（CCS）工程施工总价承包项目(1标段)中标候选人公示更正
  [GET失败1/3] ConnectionError: ('Connection aborted.', ConnectionResetError(104, 'Connection reset by peer')) | https://prec.sxzwfw.gov.cn/jyxxgchxr/1070214.jhtml
  [历史搜索] 大秦铁路股份有限公司太原铁路工程建设指挥部太原动车组运用所增设控制集中系统（CCS）工程施工总价承包项目(1标段)中标候选人公示更正
  [历史回填] 搜索项目：大秦铁路股份有限公司太原铁路工程建设指挥部太原动车组运用所增设控制集中系统（CCS）工程施工总价承包项目(1标段)中标候选人公示更正
  [POST失败1/3] ReadTimeout: HTTPSConnectionPool(host='prec.sxzwfw.gov.cn', port=443): Read timed out. (read timeout=18) | https://prec.sxzwfw.gov.cn/queryContent-jyxx.jspx
  [POST失败1/3] ReadTimeout: HTTPSConnectionPool(host='prec.sxzwfw.gov.cn', port=443): Read timed out. (read timeout=18) | https://prec.sxzwfw.gov.cn/queryContent-jyxx.jspx
    ✓ 历史候选人监督部门
  [POST失败1/3] ConnectionError: ('Connection aborted.', RemoteDisconnected('Remote end closed connection without response')) | https://prec.sxzwfw.gov.cn/queryContent-jyxx.jspx
  → upsert 完成：中标候选人公示

  [中标候选人公示] 晋中市松塔水库供水（二期）工程管材及管件采购03标
  [历史搜索] 晋中市松塔水库供水（二期）工程管材及管件采购03标
  [历史回填] 搜索项目：晋中市松塔水库供水（二期）工程管材及管件采购03标
  [POST失败1/3] ConnectionError: ('Connection aborted.', ConnectionResetError(104, 'Connection reset by peer')) | https://prec.sxzwfw.gov.cn/queryContent-jyxx.jspx
    ✓ 历史候选人监督部门
  → upsert 完成：中标候选人公示

  [中标候选人公示] 山西省太行山国有林管理局2026年太行山(山西段东南部)生态保护修复与水土流失综合治理项目（第二批）（第三十二标段）
  [历史搜索] 山西省太行山国有林管理局2026年太行山(山西段东南部)生态保护修复与水土流失综合治理项目（第二批）（第三十二标段）
  [历史回填] 搜索项目：山西省太行山国有林管理局2026年太行山(山西段东南部)生态保护修复与水土流失综合治理项目（第二批）（第三十二标段）
  [POST失败1/3] ReadTimeout: HTTPSConnectionPool(host='prec.sxzwfw.gov.cn', port=443): Read timed out. (read timeout=18) | https://prec.sxzwfw.gov.cn/queryContent-jyxx.jspx
    ✓ 历史候选人监督部门
  → upsert 完成：中标候选人公示

  [中标候选人公示] 山西省太行山国有林管理局2026年太行山(山西段东南部)生态保护修复与水土流失综合治理项目（第二批）（第三十标段）
  [历史搜索] 山西省太行山国有林管理局2026年太行山(山西段东南部)生态保护修复与水土流失综合治理项目（第二批）（第三十标段）
  [历史回填] 搜索项目：山西省太行山国有林管理局2026年太行山(山西段东南部)生态保护修复与水土流失综合治理项目（第二批）（第三十标段）
    ✓ 历史候选人监督部门
  → upsert 完成：中标候选人公示

  [中标候选人公示] 山西省太行山国有林管理局2026年太行山(山西段东南部)生态保护修复与水土流失综合治理项目（第二批）（第三十三标段）
  [GET失败1/3] ReadTimeout: HTTPSConnectionPool(host='prec.sxzwfw.gov.cn', port=443): Read timed out. (read timeout=15) | https://prec.sxzwfw.gov.cn/jyxxgchxr/1070204.jhtml
  [历史搜索] 山西省太行山国有林管理局2026年太行山(山西段东南部)生态保护修复与水土流失综合治理项目（第二批）（第三十三标段）
  [历史回填] 搜索项目：山西省太行山国有林管理局2026年太行山(山西段东南部)生态保护修复与水土流失综合治理项目（第二批）（第三十三标段）
  [POST失败1/3] ConnectionError: ('Connection aborted.', ConnectionResetError(104, 'Connection reset by peer')) | https://prec.sxzwfw.gov.cn/queryContent-jyxx.jspx
    ✓ 历史候选人监督部门
  → upsert 完成：中标候选人公示

  [中标候选人公示] 山西省太行山国有林管理局2026年太行山(山西段东南部)生态保护修复与水土流失综合治理项目（第二批）项目（第三十一标段）
  [历史搜索] 山西省太行山国有林管理局2026年太行山(山西段东南部)生态保护修复与水土流失综合治理项目（第二批）项目（第三十一标段）
  [历史回填] 搜索项目：山西省太行山国有林管理局2026年太行山(山西段东南部)生态保护修复与水土流失综合治理项目（第二批）项目（第三十一标段）
  [POST失败1/3] ReadTimeout: HTTPSConnectionPool(host='prec.sxzwfw.gov.cn', port=443): Read timed out. (read timeout=18) | https://prec.sxzwfw.gov.cn/queryContent-jyxx.jspx
    ✓ 历史候选人监督部门
  → upsert 完成：中标候选人公示

  [中标候选人公示] 山西省太行山国有林管理局2026年太行山(山西段东南部)生态保护修复与水土流失综合治理项目（第二批）（第二十九标段）
  [历史搜索] 山西省太行山国有林管理局2026年太行山(山西段东南部)生态保护修复与水土流失综合治理项目（第二批）（第二十九标段）
  [历史回填] 搜索项目：山西省太行山国有林管理局2026年太行山(山西段东南部)生态保护修复与水土流失综合治理项目（第二批）（第二十九标段）
  [POST失败1/3] ConnectionError: ('Connection aborted.', ConnectionResetError(104, 'Connection reset by peer')) | https://prec.sxzwfw.gov.cn/queryContent-jyxx.jspx
    ✓ 历史候选人监督部门
  [POST失败1/3] ConnectionError: ('Connection aborted.', ConnectionResetError(104, 'Connection reset by peer')) | https://prec.sxzwfw.gov.cn/queryContent-jyxx.jspx
  → upsert 完成：中标候选人公示

  [中标候选人公示] 山西省太行山国有林管理局2026年太行山(山西段东南部)生态保护修复与水土流失综合治理项目（第二批）（第四十二标段）
  [GET失败1/3] ConnectionError: ('Connection aborted.', ConnectionResetError(104, 'Connection reset by peer')) | https://prec.sxzwfw.gov.cn/jyxxgchxr/1070201.jhtml
  [历史搜索] 山西省太行山国有林管理局2026年太行山(山西段东南部)生态保护修复与水土流失综合治理项目（第二批）（第四十二标段）
  [历史回填] 搜索项目：山西省太行山国有林管理局2026年太行山(山西段东南部)生态保护修复与水土流失综合治理项目（第二批）（第四十二标段）
    ✓ 历史候选人监督部门
  → upsert 完成：中标候选人公示

  [中标候选人公示] 山西省太行山国有林管理局2026年太行山(山西段东南部)生态保护修复与水土流失综合治理项目（第二批）（第九标段）
  [GET失败1/3] ConnectionError: HTTPSConnectionPool(host='prec.sxzwfw.gov.cn', port=443): Read timed out. | https://prec.sxzwfw.gov.cn/jyxxgchxr/1070200.jhtml
  [GET失败2/3] ConnectionError: ('Connection aborted.', ConnectionResetError(104, 'Connection reset by peer')) | https://prec.sxzwfw.gov.cn/jyxxgchxr/1070200.jhtml
  [历史搜索] 山西省太行山国有林管理局2026年太行山(山西段东南部)生态保护修复与水土流失综合治理项目（第二批）（第九标段）
  [历史回填] 搜索项目：山西省太行山国有林管理局2026年太行山(山西段东南部)生态保护修复与水土流失综合治理项目（第二批）（第九标段）
  [POST失败1/3] ConnectionError: ('Connection aborted.', ConnectionResetError(104, 'Connection reset by peer')) | https://prec.sxzwfw.gov.cn/queryContent-jyxx.jspx
  [GET失败1/3] ConnectionError: ('Connection aborted.', ConnectionResetError(104, 'Connection reset by peer')) | https://prec.sxzwfw.gov.cn/jyxxgchxr/1070200.jhtml
    ✓ 历史候选人监督部门
  [POST失败1/3] ReadTimeout: HTTPSConnectionPool(host='prec.sxzwfw.gov.cn', port=443): Read timed out. (read timeout=18) | https://prec.sxzwfw.gov.cn/queryContent-jyxx.jspx
  → upsert 完成：中标候选人公示

  [中标候选人公示] 山西省太行山国有林管理局2026年太行山(山西段东南部)生态保护修复与水土流失综合治理项目（第二批）（第四十一标段）
  [历史搜索] 山西省太行山国有林管理局2026年太行山(山西段东南部)生态保护修复与水土流失综合治理项目（第二批）（第四十一标段）
  [历史回填] 搜索项目：山西省太行山国有林管理局2026年太行山(山西段东南部)生态保护修复与水土流失综合治理项目（第二批）（第四十一标段）
  [POST失败1/3] ProxyError: HTTPSConnectionPool(host='prec.sxzwfw.gov.cn', port=443): Max retries exceeded with url: /queryContent-jyxx.jspx (Caused by ProxyError('Unable to connect to proxy', OSError('Tunnel connection failed: 645 Proxy Authentication In Black List'))) | https://prec.sxzwfw.gov.cn/queryContent-jyxx.jspx
    ✓ 历史候选人监督部门
  → upsert 完成：中标候选人公示

  [中标候选人公示] 山西省太行山国有林管理局2026年太行山(山西段东南部)生态保护修复与水土流失综合治理项目（第二批）（第四标段）
  [历史搜索] 山西省太行山国有林管理局2026年太行山(山西段东南部)生态保护修复与水土流失综合治理项目（第二批）（第四标段）
  [历史回填] 搜索项目：山西省太行山国有林管理局2026年太行山(山西段东南部)生态保护修复与水土流失综合治理项目（第二批）（第四标段）
  [POST失败1/3] ConnectionError: ('Connection aborted.', ConnectionResetError(104, 'Connection reset by peer')) | https://prec.sxzwfw.gov.cn/queryContent-jyxx.jspx
  [GET失败1/3] ConnectionError: ('Connection aborted.', ConnectionResetError(104, 'Connection reset by peer')) | https://prec.sxzwfw.gov.cn/jyxxgchxr/1070198.jhtml
    ✓ 历史候选人监督部门
  → upsert 完成：中标候选人公示

  [中标候选人公示] 山西省太行山国有林管理局2026年太行山(山西段东南部)生态保护修复与水土流失综合治理项目（第二批）（第十标段）
  [历史搜索] 山西省太行山国有林管理局2026年太行山(山西段东南部)生态保护修复与水土流失综合治理项目（第二批）（第十标段）
  [历史回填] 搜索项目：山西省太行山国有林管理局2026年太行山(山西段东南部)生态保护修复与水土流失综合治理项目（第二批）（第十标段）
  [GET失败1/3] ReadTimeout: HTTPSConnectionPool(host='prec.sxzwfw.gov.cn', port=443): Read timed out. (read timeout=15) | https://prec.sxzwfw.gov.cn/jyxxgchxr/1070197.jhtml
  [GET失败2/3] ConnectionError: ('Connection aborted.', ConnectionResetError(104, 'Connection reset by peer')) | https://prec.sxzwfw.gov.cn/jyxxgchxr/1070197.jhtml
  [GET失败3/3] ReadTimeout: HTTPSConnectionPool(host='prec.sxzwfw.gov.cn', port=443): Read timed out. (read timeout=15) | https://prec.sxzwfw.gov.cn/jyxxgchxr/1070197.jhtml
    ✓ 历史候选人监督部门
  [POST失败1/3] ReadTimeout: HTTPSConnectionPool(host='prec.sxzwfw.gov.cn', port=443): Read timed out. (read timeout=18) | https://prec.sxzwfw.gov.cn/queryContent-jyxx.jspx
  → upsert 完成：中标候选人公示

  [中标候选人公示] 山西省太行山国有林管理局2026年太行山(山西段东南部)生态保护修复与水土流失综合治理项目（第二批）（第四十标段）
  [历史搜索] 山西省太行山国有林管理局2026年太行山(山西段东南部)生态保护修复与水土流失综合治理项目（第二批）（第四十标段）
  [历史回填] 搜索项目：山西省太行山国有林管理局2026年太行山(山西段东南部)生态保护修复与水土流失综合治理项目（第二批）（第四十标段）
  [POST失败1/3] ProxyError: HTTPSConnectionPool(host='prec.sxzwfw.gov.cn', port=443): Max retries exceeded with url: /queryContent-jyxx.jspx (Caused by ProxyError('Unable to connect to proxy', RemoteDisconnected('Remote end closed connection without response'))) | https://prec.sxzwfw.gov.cn/queryContent-jyxx.jspx
  [POST失败1/3] ProxyError: HTTPSConnectionPool(host='prec.sxzwfw.gov.cn', port=443): Max retries exceeded with url: /queryContent-jyxx.jspx (Caused by ProxyError('Unable to connect to proxy', OSError('Tunnel connection failed: 436 Proxy Authentication Failed'))) | https://prec.sxzwfw.gov.cn/queryContent-jyxx.jspx
    ✓ 历史候选人监督部门
  → upsert 完成：中标候选人公示

  [中标候选人公示] 山西省太行山国有林管理局2026年太行山(山西段东南部)生态保护修复与水土流失综合治理项目（第二批）（第三十九标段）
  [历史搜索] 山西省太行山国有林管理局2026年太行山(山西段东南部)生态保护修复与水土流失综合治理项目（第二批）（第三十九标段）
  [历史回填] 搜索项目：山西省太行山国有林管理局2026年太行山(山西段东南部)生态保护修复与水土流失综合治理项目（第二批）（第三十九标段）
  [POST失败1/3] ReadTimeout: HTTPSConnectionPool(host='prec.sxzwfw.gov.cn', port=443): Read timed out. (read timeout=18) | https://prec.sxzwfw.gov.cn/queryContent-jyxx.jspx
  [POST失败1/3] ReadTimeout: HTTPSConnectionPool(host='prec.sxzwfw.gov.cn', port=443): Read timed out. (read timeout=18) | https://prec.sxzwfw.gov.cn/queryContent-jyxx.jspx
  [POST失败2/3] ConnectionError: ('Connection aborted.', ConnectionResetError(104, 'Connection reset by peer')) | https://prec.sxzwfw.gov.cn/queryContent-jyxx.jspx
    ✓ 历史候选人监督部门
  → upsert 完成：中标候选人公示

  [中标候选人公示] 榆社三中操场改造工程
  [历史搜索] 榆社三中操场改造工程
  [历史回填] 搜索项目：榆社三中操场改造工程
    ✓ 历史招标计划
  [POST失败1/3] ConnectionError: ('Connection aborted.', ConnectionResetError(104, 'Connection reset by peer')) | https://prec.sxzwfw.gov.cn/queryContent-jyxx.jspx
    ✓ 历史招标公告
    ✓ 历史候选人监督部门
  → upsert 完成：中标候选人公示

  [中标候选人公示] 山西阳泉矿区泊里煤矿项目15101工作面三号瓦斯鉴定巷定向长钻孔工程（15103、15105工作面切巷外1148m）
  [GET失败1/3] ProxyError: HTTPSConnectionPool(host='prec.sxzwfw.gov.cn', port=443): Max retries exceeded with url: /jyxxgchxr/1070183.jhtml (Caused by ProxyError('Unable to connect to proxy', OSError('Tunnel connection failed: 407 Proxy Authentication Required'))) | https://prec.sxzwfw.gov.cn/jyxxgchxr/1070183.jhtml
  [历史搜索] 山西阳泉矿区泊里煤矿项目15101工作面三号瓦斯鉴定巷定向长钻孔工程（15103、15105工作面切巷外1148m）
  [历史回填] 搜索项目：山西阳泉矿区泊里煤矿项目15101工作面三号瓦斯鉴定巷定向长钻孔工程（15103、15105工作面切巷外1148m）
    ✓ 历史招标计划
    ✓ 历史招标公告
  [POST失败1/3] ConnectionError: ('Connection aborted.', RemoteDisconnected('Remote end closed connection without response')) | https://prec.sxzwfw.gov.cn/queryContent-jyxx.jspx
    ✓ 历史候选人监督部门
  [POST失败1/3] ReadTimeout: HTTPSConnectionPool(host='prec.sxzwfw.gov.cn', port=443): Read timed out. (read timeout=18) | https://prec.sxzwfw.gov.cn/queryContent-jyxx.jspx
  → upsert 完成：中标候选人公示

  [中标候选人公示] 太原轨道交通集团2026年信息化一期及听景APP维保服务项目(二次)
  [GET失败1/3] ProxyError: HTTPSConnectionPool(host='prec.sxzwfw.gov.cn', port=443): Max retries exceeded with url: /jyxxgchxr/1070160.jhtml (Caused by ProxyError('Unable to connect to proxy', RemoteDisconnected('Remote end closed connection without response'))) | https://prec.sxzwfw.gov.cn/jyxxgchxr/1070160.jhtml
  [历史搜索] 太原轨道交通集团2026年信息化一期及听景APP维保服务项目(二次)
  [历史回填] 搜索项目：太原轨道交通集团2026年信息化一期及听景APP维保服务项目(二次)
  [POST失败1/3] ProxyError: HTTPSConnectionPool(host='prec.sxzwfw.gov.cn', port=443): Max retries exceeded with url: /queryContent-jyxx.jspx (Caused by ProxyError('Unable to connect to proxy', RemoteDisconnected('Remote end closed connection without response'))) | https://prec.sxzwfw.gov.cn/queryContent-jyxx.jspx
    ✓ 历史招标公告
  [GET失败1/3] ReadTimeout: HTTPSConnectionPool(host='prec.sxzwfw.gov.cn', port=443): Read timed out. (read timeout=15) | https://prec.sxzwfw.gov.cn/jyxxgchxr/1070160.jhtml
  [GET失败2/3] ProxyError: HTTPSConnectionPool(host='prec.sxzwfw.gov.cn', port=443): Max retries exceeded with url: /jyxxgchxr/1070160.jhtml (Caused by ProxyError('Unable to connect to proxy', OSError('Tunnel connection failed: 436 Proxy Authentication Failed'))) | https://prec.sxzwfw.gov.cn/jyxxgchxr/1070160.jhtml
  [GET失败3/3] ReadTimeout: HTTPSConnectionPool(host='prec.sxzwfw.gov.cn', port=443): Read timed out. (read timeout=15) | https://prec.sxzwfw.gov.cn/jyxxgchxr/1070160.jhtml
    ✓ 历史候选人监督部门
  → upsert 完成：中标候选人公示

  [中标候选人公示] 太原市杏花岭区宇乔400MW/800MWh独立储能调频电站项目(EPC总承包）
  [GET失败1/3] ProxyError: HTTPSConnectionPool(host='prec.sxzwfw.gov.cn', port=443): Max retries exceeded with url: /jyxxgchxr/1070147.jhtml (Caused by ProxyError('Unable to connect to proxy', RemoteDisconnected('Remote end closed connection without response'))) | https://prec.sxzwfw.gov.cn/jyxxgchxr/1070147.jhtml
  [历史搜索] 太原市杏花岭区宇乔400MW/800MWh独立储能调频电站项目(EPC总承包）
  [历史回填] 搜索项目：太原市杏花岭区宇乔400MW/800MWh独立储能调频电站项目(EPC总承包）
  → upsert 完成：中标候选人公示

  [中标候选人公示] 太原供水集团有限公司供水城市生命线监测系统项目软硬件设备采购
  [历史搜索] 太原供水集团有限公司供水城市生命线监测系统项目软硬件设备采购
  [历史回填] 搜索项目：太原供水集团有限公司供水城市生命线监测系统项目软硬件设备采购
  [POST失败1/3] ReadTimeout: HTTPSConnectionPool(host='prec.sxzwfw.gov.cn', port=443): Read timed out. (read timeout=18) | https://prec.sxzwfw.gov.cn/queryContent-jyxx.jspx
    ✓ 历史招标公告
  [POST失败1/3] ReadTimeout: HTTPSConnectionPool(host='prec.sxzwfw.gov.cn', port=443): Read timed out. (read timeout=18) | https://prec.sxzwfw.gov.cn/queryContent-jyxx.jspx
    ✓ 历史候选人监督部门
  → upsert 完成：中标候选人公示

  [中标候选人公示] 001太原西山“骑行+”户外运动场地设施与服务保障设施建设项目施工
  [历史搜索] 001太原西山“骑行+”户外运动场地设施与服务保障设施建设项目施工
  [历史回填] 搜索项目：001太原西山“骑行+”户外运动场地设施与服务保障设施建设项目施工
  → upsert 完成：中标候选人公示

  [中标候选人公示] 清徐县集中供热联网扩容改造工程监理
  [历史搜索] 清徐县集中供热联网扩容改造工程监理
  [历史回填] 搜索项目：清徐县集中供热联网扩容改造工程监理
    ✓ 历史招标公告
    ✓ 历史候选人监督部门
  → upsert 完成：中标候选人公示

  [中标候选人公示] 2025年长治市潞州区雨污分流管网改造项目监理
  [历史搜索] 2025年长治市潞州区雨污分流管网改造项目监理
  [历史回填] 搜索项目：2025年长治市潞州区雨污分流管网改造项目监理
    ✓ 历史招标公告
    ✓ 历史候选人监督部门
  → upsert 完成：中标候选人公示

  [中标候选人公示] 山西蓝焰煤层气集团有限责任公司2026年和顺横岭区块煤层气勘查开发项目煤层气井钻井工程二次重新招标
  [历史搜索] 山西蓝焰煤层气集团有限责任公司2026年和顺横岭区块煤层气勘查开发项目煤层气井钻井工程二次重新招标
  [历史回填] 搜索项目：山西蓝焰煤层气集团有限责任公司2026年和顺横岭区块煤层气勘查开发项目煤层气井钻井工程二次重新招标
    ✓ 历史招标公告
    ✓ 历史候选人监督部门
  → upsert 完成：中标候选人公示

  [中标候选人公示] 大宁县胡城水库工程EPC总承包项目
  [历史搜索] 大宁县胡城水库工程EPC总承包项目
  [历史回填] 搜索项目：大宁县胡城水库工程EPC总承包项目
  [POST失败1/3] ReadTimeout: HTTPSConnectionPool(host='prec.sxzwfw.gov.cn', port=443): Read timed out. (read timeout=18) | https://prec.sxzwfw.gov.cn/queryContent-jyxx.jspx
    ✓ 历史招标公告
  [GET失败1/3] ReadTimeout: HTTPSConnectionPool(host='prec.sxzwfw.gov.cn', port=443): Read timed out. (read timeout=15) | https://prec.sxzwfw.gov.cn/jyxxgchxr/1070044.jhtml
    ✓ 历史候选人监督部门
  → upsert 完成：中标候选人公示

===== 第五步：中标结果公示 =====
  [列表] channelId=15 第1页...
  [列表] 总条数=17，当前已获取=10
  [列表] channelId=15 第2页...
  [POST失败1/3] ProxyError: HTTPSConnectionPool(host='prec.sxzwfw.gov.cn', port=443): Max retries exceeded with url: /queryContent_2-jyxx.jspx (Caused by ProxyError('Unable to connect to proxy', OSError('Tunnel connection failed: 435 Proxy Authentication Failed'))) | https://prec.sxzwfw.gov.cn/queryContent_2-jyxx.jspx
  [列表] 总条数=17，当前已获取=17
  [列表] 共 17 条

  [中标结果公示] 中信机电能源科技（山西）有限公司 220千伏变电站工程项目设备采购（一）
  [历史搜索] 中信机电能源科技（山西）有限公司 220千伏变电站工程项目设备采购（一）
  [历史回填] 搜索项目：中信机电能源科技（山西）有限公司 220千伏变电站工程项目设备采购（一）
  [POST失败1/3] ConnectionError: ('Connection aborted.', ConnectionResetError(104, 'Connection reset by peer')) | https://prec.sxzwfw.gov.cn/queryContent-jyxx.jspx
  [POST失败1/3] ReadTimeout: HTTPSConnectionPool(host='prec.sxzwfw.gov.cn', port=443): Read timed out. (read timeout=18) | https://prec.sxzwfw.gov.cn/queryContent-jyxx.jspx
    ✓ 历史招标公告
    ✓ 历史候选人监督部门
  [GET失败1/3] ConnectionError: ('Connection aborted.', RemoteDisconnected('Remote end closed connection without response')) | https://prec.sxzwfw.gov.cn/jyxxgcgs/1070351.jhtml
    ✓ 历史结果监督部门
  → upsert 完成：中标结果公示

  [中标结果公示] 清徐县2025年农村公路养护工程
  [GET失败1/3] ProxyError: HTTPSConnectionPool(host='prec.sxzwfw.gov.cn', port=443): Max retries exceeded with url: /jyxxgcgs/1070317.jhtml (Caused by ProxyError('Unable to connect to proxy', OSError('Tunnel connection failed: 407 Proxy Authentication Required'))) | https://prec.sxzwfw.gov.cn/jyxxgcgs/1070317.jhtml
  [GET失败2/3] ConnectionError: ('Connection aborted.', ConnectionResetError(104, 'Connection reset by peer')) | https://prec.sxzwfw.gov.cn/jyxxgcgs/1070317.jhtml
  [历史搜索] 清徐县2025年农村公路养护工程
  [历史回填] 搜索项目：清徐县2025年农村公路养护工程
  [POST失败1/3] ReadTimeout: HTTPSConnectionPool(host='prec.sxzwfw.gov.cn', port=443): Read timed out. (read timeout=18) | https://prec.sxzwfw.gov.cn/queryContent-jyxx.jspx
    ✓ 历史招标计划
    ✓ 历史招标公告
  [POST失败1/3] ReadTimeout: HTTPSConnectionPool(host='prec.sxzwfw.gov.cn', port=443): Read timed out. (read timeout=18) | https://prec.sxzwfw.gov.cn/queryContent-jyxx.jspx
  [GET失败1/3] ConnectionError: ('Connection aborted.', ConnectionResetError(104, 'Connection reset by peer')) | https://prec.sxzwfw.gov.cn/jyxxgchxr/1067957.jhtml
    ✓ 历史候选人监督部门
  [POST失败1/3] ConnectionError: ('Connection aborted.', ConnectionResetError(104, 'Connection reset by peer')) | https://prec.sxzwfw.gov.cn/queryContent-jyxx.jspx
    ✓ 历史结果监督部门
  → upsert 完成：中标结果公示

  [中标结果公示] 山西省太行山国有林管理局2026年太行山(山西段东南部)生态保护修复与水土流失综合治理项目（第三批）（第十五标段）
  [历史搜索] 山西省太行山国有林管理局2026年太行山(山西段东南部)生态保护修复与水土流失综合治理项目（第三批）（第十五标段）
  [历史回填] 搜索项目：山西省太行山国有林管理局2026年太行山(山西段东南部)生态保护修复与水土流失综合治理项目（第三批）（第十五标段）
  [POST失败1/3] ConnectionError: ('Connection aborted.', ConnectionResetError(104, 'Connection reset by peer')) | https://prec.sxzwfw.gov.cn/queryContent-jyxx.jspx
  [POST失败2/3] ConnectionError: ('Connection aborted.', ConnectionResetError(104, 'Connection reset by peer')) | https://prec.sxzwfw.gov.cn/queryContent-jyxx.jspx
  [POST失败3/3] ReadTimeout: HTTPSConnectionPool(host='prec.sxzwfw.gov.cn', port=443): Read timed out. (read timeout=18) | https://prec.sxzwfw.gov.cn/queryContent-jyxx.jspx
  [POST失败1/3] ProxyError: HTTPSConnectionPool(host='prec.sxzwfw.gov.cn', port=443): Max retries exceeded with url: /queryContent-jyxx.jspx (Caused by ProxyError('Unable to connect to proxy', OSError('Tunnel connection failed: 436 Proxy Authentication Failed'))) | https://prec.sxzwfw.gov.cn/queryContent-jyxx.jspx
  [POST失败1/3] ReadTimeout: HTTPSConnectionPool(host='prec.sxzwfw.gov.cn', port=443): Read timed out. (read timeout=18) | https://prec.sxzwfw.gov.cn/queryContent-jyxx.jspx
    ✓ 历史候选人监督部门
    ✓ 历史结果监督部门
  → upsert 完成：中标结果公示

  [中标结果公示] 山西省太行山国有林管理局2026年太行山(山西段东南部)生态保护修复与水土流失综合治理项目（第三批）（第十四标段）
  [历史搜索] 山西省太行山国有林管理局2026年太行山(山西段东南部)生态保护修复与水土流失综合治理项目（第三批）（第十四标段）
  [历史回填] 搜索项目：山西省太行山国有林管理局2026年太行山(山西段东南部)生态保护修复与水土流失综合治理项目（第三批）（第十四标段）
    ✓ 历史候选人监督部门
    ✓ 历史结果监督部门
  → upsert 完成：中标结果公示

  [中标结果公示] 山西省太行山国有林管理局2026年太行山(山西段东南部)生态保护修复与水土流失综合治理项目（第三批）（第十三标段）
  [历史搜索] 山西省太行山国有林管理局2026年太行山(山西段东南部)生态保护修复与水土流失综合治理项目（第三批）（第十三标段）
  [历史回填] 搜索项目：山西省太行山国有林管理局2026年太行山(山西段东南部)生态保护修复与水土流失综合治理项目（第三批）（第十三标段）
    ✓ 历史候选人监督部门
  [POST失败1/3] ReadTimeout: HTTPSConnectionPool(host='prec.sxzwfw.gov.cn', port=443): Read timed out. (read timeout=18) | https://prec.sxzwfw.gov.cn/queryContent-jyxx.jspx
  [POST失败2/3] ReadTimeout: HTTPSConnectionPool(host='prec.sxzwfw.gov.cn', port=443): Read timed out. (read timeout=18) | https://prec.sxzwfw.gov.cn/queryContent-jyxx.jspx
    ✓ 历史结果监督部门
  → upsert 完成：中标结果公示

  [中标结果公示] 山西省太行山国有林管理局2026年太行山(山西段东南部)生态保护修复与水土流失综合治理项目（第三批）（第十二标段）
  [历史搜索] 山西省太行山国有林管理局2026年太行山(山西段东南部)生态保护修复与水土流失综合治理项目（第三批）（第十二标段）
  [历史回填] 搜索项目：山西省太行山国有林管理局2026年太行山(山西段东南部)生态保护修复与水土流失综合治理项目（第三批）（第十二标段）
  [POST失败1/3] ReadTimeout: HTTPSConnectionPool(host='prec.sxzwfw.gov.cn', port=443): Read timed out. (read timeout=18) | https://prec.sxzwfw.gov.cn/queryContent-jyxx.jspx
  [POST失败2/3] ReadTimeout: HTTPSConnectionPool(host='prec.sxzwfw.gov.cn', port=443): Read timed out. (read timeout=18) | https://prec.sxzwfw.gov.cn/queryContent-jyxx.jspx
  [POST失败3/3] ConnectionError: ('Connection aborted.', RemoteDisconnected('Remote end closed connection without response')) | https://prec.sxzwfw.gov.cn/queryContent-jyxx.jspx
    ✓ 历史候选人监督部门
    ✓ 历史结果监督部门
  → upsert 完成：中标结果公示

  [中标结果公示] 山西省太行山国有林管理局2026年太行山(山西段东南部)生态保护修复与水土流失综合治理项目（第三批）（第五标段）
  [历史搜索] 山西省太行山国有林管理局2026年太行山(山西段东南部)生态保护修复与水土流失综合治理项目（第三批）（第五标段）
  [历史回填] 搜索项目：山西省太行山国有林管理局2026年太行山(山西段东南部)生态保护修复与水土流失综合治理项目（第三批）（第五标段）
  [POST失败1/3] ProxyError: HTTPSConnectionPool(host='prec.sxzwfw.gov.cn', port=443): Max retries exceeded with url: /queryContent-jyxx.jspx (Caused by ProxyError('Unable to connect to proxy', OSError('Tunnel connection failed: 436 Proxy Authentication Failed'))) | https://prec.sxzwfw.gov.cn/queryContent-jyxx.jspx
  [GET失败1/3] ConnectionError: ('Connection aborted.', RemoteDisconnected('Remote end closed connection without response')) | https://prec.sxzwfw.gov.cn/jyxxgchxr/1068826.jhtml
    ✓ 历史候选人监督部门
    ✓ 历史结果监督部门
  → upsert 完成：中标结果公示

  [中标结果公示] 山西省太行山国有林管理局2026年太行山(山西段东南部)生态保护修复与水土流失综合治理项目（第三批）（第四标段）
  [历史搜索] 山西省太行山国有林管理局2026年太行山(山西段东南部)生态保护修复与水土流失综合治理项目（第三批）（第四标段）
  [历史回填] 搜索项目：山西省太行山国有林管理局2026年太行山(山西段东南部)生态保护修复与水土流失综合治理项目（第三批）（第四标段）
    ✓ 历史候选人监督部门
    ✓ 历史结果监督部门
  → upsert 完成：中标结果公示

  [中标结果公示] 山西省太行山国有林管理局2026年太行山(山西段东南部)生态保护修复与水土流失综合治理项目（第三批）（第十九标段）
  [历史搜索] 山西省太行山国有林管理局2026年太行山(山西段东南部)生态保护修复与水土流失综合治理项目（第三批）（第十九标段）
  [历史回填] 搜索项目：山西省太行山国有林管理局2026年太行山(山西段东南部)生态保护修复与水土流失综合治理项目（第三批）（第十九标段）
  [POST失败1/3] ConnectionError: ('Connection aborted.', RemoteDisconnected('Remote end closed connection without response')) | https://prec.sxzwfw.gov.cn/queryContent-jyxx.jspx
    ✓ 历史候选人监督部门
    ✓ 历史结果监督部门
  → upsert 完成：中标结果公示

  [中标结果公示] 山西省太行山国有林管理局2026年太行山(山西段东南部)生态保护修复与水土流失综合治理项目（第三批）（第十八标段）
  [历史搜索] 山西省太行山国有林管理局2026年太行山(山西段东南部)生态保护修复与水土流失综合治理项目（第三批）（第十八标段）
  [历史回填] 搜索项目：山西省太行山国有林管理局2026年太行山(山西段东南部)生态保护修复与水土流失综合治理项目（第三批）（第十八标段）
    ✓ 历史候选人监督部门
    ✓ 历史结果监督部门
  → upsert 完成：中标结果公示

  [中标结果公示] 山西省太行山国有林管理局2026年太行山(山西段东南部)生态保护修复与水土流失综合治理项目（第三批）（第十七标段）
  [GET失败1/3] ReadTimeout: HTTPSConnectionPool(host='prec.sxzwfw.gov.cn', port=443): Read timed out. (read timeout=15) | https://prec.sxzwfw.gov.cn/jyxxgcgs/1070245.jhtml
  [GET失败2/3] ReadTimeout: HTTPSConnectionPool(host='prec.sxzwfw.gov.cn', port=443): Read timed out. (read timeout=15) | https://prec.sxzwfw.gov.cn/jyxxgcgs/1070245.jhtml
  [历史搜索] 山西省太行山国有林管理局2026年太行山(山西段东南部)生态保护修复与水土流失综合治理项目（第三批）（第十七标段）
  [历史回填] 搜索项目：山西省太行山国有林管理局2026年太行山(山西段东南部)生态保护修复与水土流失综合治理项目（第三批）（第十七标段）
    ✓ 历史候选人监督部门
  [POST失败1/3] ConnectionError: ('Connection aborted.', ConnectionResetError(104, 'Connection reset by peer')) | https://prec.sxzwfw.gov.cn/queryContent-jyxx.jspx
  [GET失败1/3] ProxyError: HTTPSConnectionPool(host='prec.sxzwfw.gov.cn', port=443): Max retries exceeded with url: /jyxxgcgs/1070245.jhtml (Caused by ProxyError('Unable to connect to proxy', OSError('Tunnel connection failed: 407 Proxy Authentication Required'))) | https://prec.sxzwfw.gov.cn/jyxxgcgs/1070245.jhtml
  [GET失败2/3] ReadTimeout: HTTPSConnectionPool(host='prec.sxzwfw.gov.cn', port=443): Read timed out. (read timeout=15) | https://prec.sxzwfw.gov.cn/jyxxgcgs/1070245.jhtml
    ✓ 历史结果监督部门
  → upsert 完成：中标结果公示

  [中标结果公示] 山西省太行山国有林管理局2026年太行山(山西段东南部)生态保护修复与水土流失综合治理项目（第三批）（第十六标段）
  [历史搜索] 山西省太行山国有林管理局2026年太行山(山西段东南部)生态保护修复与水土流失综合治理项目（第三批）（第十六标段）
  [历史回填] 搜索项目：山西省太行山国有林管理局2026年太行山(山西段东南部)生态保护修复与水土流失综合治理项目（第三批）（第十六标段）
  [POST失败1/3] ConnectionError: ('Connection aborted.', ConnectionResetError(104, 'Connection reset by peer')) | https://prec.sxzwfw.gov.cn/queryContent-jyxx.jspx
  [POST失败1/3] ConnectionError: ('Connection aborted.', ConnectionResetError(104, 'Connection reset by peer')) | https://prec.sxzwfw.gov.cn/queryContent-jyxx.jspx
    ✓ 历史候选人监督部门
  [GET失败1/3] ConnectionError: ('Connection aborted.', ConnectionResetError(104, 'Connection reset by peer')) | https://prec.sxzwfw.gov.cn/jyxxgcgs/1070244.jhtml
    ✓ 历史结果监督部门
  → upsert 完成：中标结果公示

  [中标结果公示] 山西蓝焰煤层气集团有限责任公司晋城矿区煤层气加密井建设项目（二期）煤层气井录井技术服务
  [历史搜索] 山西蓝焰煤层气集团有限责任公司晋城矿区煤层气加密井建设项目（二期）煤层气井录井技术服务
  [历史回填] 搜索项目：山西蓝焰煤层气集团有限责任公司晋城矿区煤层气加密井建设项目（二期）煤层气井录井技术服务
    ✓ 历史招标公告
  [POST失败1/3] ConnectionError: ('Connection aborted.', ConnectionResetError(104, 'Connection reset by peer')) | https://prec.sxzwfw.gov.cn/queryContent-jyxx.jspx
    ✓ 历史候选人监督部门
    ✓ 历史结果监督部门
  → upsert 完成：中标结果公示

  [中标结果公示] 运城市专门学校项目（一期）-智能化系统
  [历史搜索] 运城市专门学校项目（一期）-智能化系统
  [历史回填] 搜索项目：运城市专门学校项目（一期）-智能化系统
    ✓ 历史招标公告
    ✓ 历史候选人监督部门
    ✓ 历史结果监督部门
  → upsert 完成：中标结果公示

  [中标结果公示] 绛县中心城区集中供热管网及换热站改造扩容建设项目监理
  [历史搜索] 绛县中心城区集中供热管网及换热站改造扩容建设项目监理
  [历史回填] 搜索项目：绛县中心城区集中供热管网及换热站改造扩容建设项目监理
    ✓ 历史招标公告
  [POST失败1/3] ConnectionError: ('Connection aborted.', ConnectionResetError(104, 'Connection reset by peer')) | https://prec.sxzwfw.gov.cn/queryContent-jyxx.jspx
    ✓ 历史候选人监督部门
  [POST失败1/3] ReadTimeout: HTTPSConnectionPool(host='prec.sxzwfw.gov.cn', port=443): Read timed out. (read timeout=18) | https://prec.sxzwfw.gov.cn/queryContent-jyxx.jspx
    ✓ 历史结果监督部门
  → upsert 完成：中标结果公示

  [中标结果公示] 山西省古县城区崩塌地质灾害综合治理项目勘察服务
  [GET失败1/3] ProxyError: HTTPSConnectionPool(host='prec.sxzwfw.gov.cn', port=443): Max retries exceeded with url: /jyxxgcgs/1070043.jhtml (Caused by ProxyError('Unable to connect to proxy', OSError('Tunnel connection failed: 436 Proxy Authentication Failed'))) | https://prec.sxzwfw.gov.cn/jyxxgcgs/1070043.jhtml
  [历史搜索] 山西省古县城区崩塌地质灾害综合治理项目勘察服务
  [历史回填] 搜索项目：山西省古县城区崩塌地质灾害综合治理项目勘察服务
  [GET失败1/3] ConnectionError: ('Connection aborted.', ConnectionResetError(104, 'Connection reset by peer')) | https://prec.sxzwfw.gov.cn/jyxxgczb/1061132.jhtml
    ✓ 历史招标公告
  [GET失败1/3] ConnectionError: ('Connection aborted.', RemoteDisconnected('Remote end closed connection without response')) | https://prec.sxzwfw.gov.cn/jyxxgchxr/1068775.jhtml
    ✓ 历史候选人监督部门
  [GET失败1/3] ConnectionError: HTTPSConnectionPool(host='prec.sxzwfw.gov.cn', port=443): Read timed out. | https://prec.sxzwfw.gov.cn/jyxxgcgs/1070043.jhtml
    ✓ 历史结果监督部门
  → upsert 完成：中标结果公示

  [中标结果公示] 洪洞县山焦中学新建餐厅项目施工
  [历史搜索] 洪洞县山焦中学新建餐厅项目施工
  [历史回填] 搜索项目：洪洞县山焦中学新建餐厅项目施工
  [POST失败1/3] ConnectionError: ('Connection aborted.', ConnectionResetError(104, 'Connection reset by peer')) | https://prec.sxzwfw.gov.cn/queryContent-jyxx.jspx
  [POST失败2/3] ConnectionError: ('Connection aborted.', ConnectionResetError(104, 'Connection reset by peer')) | https://prec.sxzwfw.gov.cn/queryContent-jyxx.jspx
  [POST失败3/3] ReadTimeout: HTTPSConnectionPool(host='prec.sxzwfw.gov.cn', port=443): Read timed out. (read timeout=18) | https://prec.sxzwfw.gov.cn/queryContent-jyxx.jspx
  [POST失败1/3] ConnectionError: ('Connection aborted.', ConnectionResetError(104, 'Connection reset by peer')) | https://prec.sxzwfw.gov.cn/queryContent-jyxx.jspx
  [GET失败1/3] ReadTimeout: HTTPSConnectionPool(host='prec.sxzwfw.gov.cn', port=443): Read timed out. (read timeout=15) | https://prec.sxzwfw.gov.cn/jyxxgczb/1058786.jhtml
    ✓ 历史招标公告
  [POST失败1/3] ReadTimeout: HTTPSConnectionPool(host='prec.sxzwfw.gov.cn', port=443): Read timed out. (read timeout=18) | https://prec.sxzwfw.gov.cn/queryContent-jyxx.jspx
  [GET失败1/3] ConnectionError: ('Connection aborted.', ConnectionResetError(104, 'Connection reset by peer')) | https://prec.sxzwfw.gov.cn/jyxxgchxr/1068774.jhtml
  [GET失败2/3] ConnectionError: ('Connection aborted.', ConnectionResetError(104, 'Connection reset by peer')) | https://prec.sxzwfw.gov.cn/jyxxgchxr/1068774.jhtml
    ✓ 历史候选人监督部门
  [GET失败1/3] ReadTimeout: HTTPSConnectionPool(host='prec.sxzwfw.gov.cn', port=443): Read timed out. (read timeout=15) | https://prec.sxzwfw.gov.cn/jyxxgcgs/1070042.jhtml
  [GET失败2/3] ReadTimeout: HTTPSConnectionPool(host='prec.sxzwfw.gov.cn', port=443): Read timed out. (read timeout=15) | https://prec.sxzwfw.gov.cn/jyxxgcgs/1070042.jhtml
    ✓ 历史结果监督部门
  → upsert 完成：中标结果公示
[索引] → /home/intsig/zwx/shanxi/output/山西_index.txt
[自检] → /home/intsig/zwx/shanxi/log/20260701_check.log

===== AI 兜底补充提取 =====
  [长子县医疗集团紧密型县域医共体建设项目（第一标段）施工] AI补字段 ['标书发售时间', '招标人', '招标人地址', '招标人联系人', '招标人联系方式', '招标代理机构', '招标代理机构地址', '招标代理机构联系人', '招标代理机构联系方式'] ← https://prec.sxzwfw.gov.cn/jyxxgczb/1070110.jhtml
    ✓ 标书发售时间: 2026年07月01日至2026年07月24日
    ✓ 招标人: 长子县卫生健康和体育局
    ✓ 招标人地址: 山西省长子县东大街304号
    ✓ 招标人联系人: 韩先生
    ✓ 招标人联系方式: 0355-8322241
    ✓ 招标代理机构: 山西安成项目管理有限公司
    ✓ 招标代理机构地址: 长治市太行北路188号科技企业加速器6号楼四层
    ✓ 招标代理机构联系人: 李先生
    ✓ 招标代理机构联系方式: 0355-5124586
  [长治市第二中学校（滨湖校区）建设项目勘察] AI补字段 ['开标时间', '标书发售时间', '招标代理机构联系方式'] ← https://prec.sxzwfw.gov.cn/jyxxgczb/1070107.jhtml
  [GET失败1/5] ReadTimeout: HTTPSConnectionPool(host='prec.sxzwfw.gov.cn', port=443): Read timed out. (read timeout=15) | https://prec.sxzwfw.gov.cn/jyxxgczb/1070107.jhtml
    ✓ 开标时间: 2026-07-22 09:30
    ✓ 标书发售时间: 2026-07-01 至 2026-07-22
    ✓ 招标代理机构联系方式: 1 6635593548@163.com
  [临猗县楚侯污水处理厂提标改造工程] AI补字段 ['开标时间', '标书发售时间', '公告内容', '招标人', '招标人地址', '招标人联系人', '招标人联系方式', '招标代理机构', '招标代理机构地址', '招标代理机构联系人', '招标代理机构联系方式'] ← https://prec.sxzwfw.gov.cn/jyxxgczb/1070071.jhtml
  [PDF公告] 发现PDF: https://ggzyjyzx.yuncheng.gov.cn:8083/upload/wj/2c9f80959f12ded0019f17dd571e1545.pdf
  [PDF] 直接提取文字成功，长度=1934
    ✓ 开标时间: 2026 年7 月22 日9 时00 分
    ✓ 标书发售时间: 2026 年7 月1 日09 时00 分至2026 年7 月8 日09 时00 分
    ✓ 公告内容: 临猗县楚侯污水处理厂提标改造工程监理招标公告（招标编号：2026GC010499）招标项目所在地区:山西省 运城市 临猗现代农业产业示范区一、招标条件本临猗县楚
    ✗ 招标人: AI未提取
    ✗ 招标人地址: AI未提取
    ✗ 招标人联系人: AI未提取
    ✗ 招标人联系方式: AI未提取
    ✗ 招标代理机构: AI未提取
    ✗ 招标代理机构地址: AI未提取
    ✗ 招标代理机构联系人: AI未提取
    ✗ 招标代理机构联系方式: AI未提取
  [马村镇马村村高标准设施蔬菜基地项目] AI补字段 ['招标人地址', '招标代理机构地址', '监督部门联系方式'] ← https://prec.sxzwfw.gov.cn/jyxxgczb/1069822.jhtml
  [GET失败1/5] ConnectionError: ('Connection aborted.', ConnectionResetError(104, 'Connection reset by peer')) | https://prec.sxzwfw.gov.cn/jyxxgczb/1069822.jhtml
    ✗ 招标人地址: AI未提取
    ✗ 招标代理机构地址: AI未提取
    ✓ 监督部门联系方式: 高平市农业农村局
  [万荣县2026年农村公路建设工程（半坡至南张）] AI补字段 ['招标人', '招标人地址', '招标人联系人', '招标人联系方式', '招标代理机构', '招标代理机构地址', '招标代理机构联系人', '招标代理机构联系方式', '监督部门', '监督部门联系方式'] ← https://prec.sxzwfw.gov.cn/jyxxgczb/1069121.jhtml
  [PDF公告] 发现PDF: https://ggzyjyzx.yuncheng.gov.cn:8083/upload/wj/2c9f80959ec96301019f1177bdbe26f9.pdf
  [PDF] 直接提取文字成功，长度=3119
    ✓ 招标人: 万荣县交通运输局
    ✓ 招标人地址: 万荣县城五一东街
    ✓ 招标人联系人: 王先生
    ✓ 招标人联系方式: 15935990567
    ✓ 招标代理机构: 山西乾永项目管理有限公司
    ✓ 招标代理机构地址: 运城市盐湖区红旗东街363 号隆兴美院内办公楼5 楼501 室
    ✓ 招标代理机构联系人: 闫先生
    ✓ 招标代理机构联系方式: 0359-2521086、19935745378
    ✓ 监督部门: 运城市交通运输局
    ✓ 监督部门联系方式: 0359-2050335
  [侯马市XX训练基地建设项目（二次）] AI补字段 ['监督部门联系方式'] ← https://prec.sxzwfw.gov.cn/jyxxgczb/1062990.jhtml
    ✗ 监督部门联系方式: AI未提取
  [阳泉市全民健身中心（小型体育综合体）建设项目设计施工总承包] AI补字段 ['监督部门联系方式'] ← https://prec.sxzwfw.gov.cn/jyxxgczb/1063973.jhtml
  [GET失败1/5] ReadTimeout: HTTPSConnectionPool(host='prec.sxzwfw.gov.cn', port=443): Read timed out. (read timeout=15) | https://prec.sxzwfw.gov.cn/jyxxgczb/1063973.jhtml
    ✓ 监督部门联系方式: 0353-6668026/6668205
  [太原轨道交通集团2026年信息化一期及听景APP维保服务项目(二次)] AI补字段 ['标书发售时间', '招标代理机构', '招标代理机构地址', '招标代理机构联系人', '招标代理机构联系方式'] ← https://prec.sxzwfw.gov.cn/jyxxgczb/1062946.jhtml
    ✓ 标书发售时间: 2026年06月08日17时00分-2026年06月15日17时00分
    ✓ 招标代理机构: 山西众恒工程招标代理有限公司
    ✓ 招标代理机构地址: 太原市迎泽区并州北路35号金港大厦C座东厅601
    ✓ 招标代理机构联系人: 花艳春
    ✓ 招标代理机构联系方式: 13513515113
  [太原市杏花岭区宇乔400MW/800MWh独立储能调频电站项目(EPC总承包）] AI补字段 ['监督部门联系方式'] ← https://prec.sxzwfw.gov.cn/jyxxgchxr/1070147.jhtml
  [GET失败1/5] ProxyError: HTTPSConnectionPool(host='prec.sxzwfw.gov.cn', port=443): Max retries exceeded with url: /jyxxgchxr/1070147.jhtml (Caused by ProxyError('Unable to connect to proxy', RemoteDisconnected('Remote end closed connection without response'))) | https://prec.sxzwfw.gov.cn/jyxxgchxr/1070147.jhtml
    ✗ 监督部门联系方式: AI未提取
  [太原供水集团有限公司供水城市生命线监测系统项目软硬件设备采购] AI补字段 ['招标代理机构联系人'] ← https://prec.sxzwfw.gov.cn/jyxxgczb/1063269.jhtml
    ✓ 招标代理机构联系人: 兰亚珍
  [001太原西山“骑行+”户外运动场地设施与服务保障设施建设项目施工] AI补字段 ['监督部门', '监督部门联系方式'] ← https://prec.sxzwfw.gov.cn/jyxxgchxr/1070143.jhtml
    ✓ 监督部门: 太原西山生态文化旅游示范区管理委员会
    ✓ 监督部门联系方式: 0351-5235953
  [清徐县集中供热联网扩容改造工程监理] AI补字段 ['招标代理机构联系人'] ← https://prec.sxzwfw.gov.cn/jyxxgczb/1062945.jhtml
    ✓ 招标代理机构联系人: 罗丽
  [2025年长治市潞州区雨污分流管网改造项目监理] AI补字段 ['标书发售时间', '招标人', '招标人地址', '招标人联系人', '招标人联系方式', '招标代理机构', '招标代理机构地址', '招标代理机构联系人', '招标代理机构联系方式'] ← https://prec.sxzwfw.gov.cn/jyxxgczb/1063189.jhtml
    ✓ 标书发售时间: 2026年6月9日 至 2026年6月30日
    ✓ 招标人: 长治市潞州区住房和城乡建设局
    ✓ 招标人地址: 长治市北外环关杜庄村
    ✓ 招标人联系人: 郝先生
    ✓ 招标人联系方式: 0355-2231454
    ✓ 招标代理机构: 山西卓智建设项目管理有限公司
    ✓ 招标代理机构地址: 山西省长治市长治高新技术产业开发区城西北路7080城1号楼4号商铺
    ✓ 招标代理机构联系人: 张先生
    ✓ 招标代理机构联系方式: 0355-6955666
  [山西蓝焰煤层气集团有限责任公司2026年和顺横岭区块煤层气勘查开发项目煤层气井钻井工程二次重新招标] AI补字段 ['招标人地址', '招标人联系人', '招标人联系方式'] ← https://prec.sxzwfw.gov.cn/jyxxgczb/1063443.jhtml
    ✓ 招标人地址: 太原市长治路345号东楼23层
    ✓ 招标人联系人: 李晓辉、张朝、闫潇腾
    ✓ 招标人联系方式: 0351-2453225、2221733、2221755
  [大宁县胡城水库工程EPC总承包项目] AI补字段 ['标书发售时间'] ← https://prec.sxzwfw.gov.cn/jyxxgczb/1062365.jhtml
    ✓ 标书发售时间: 2026年6月8日00时00分至2026年6月13日00时00分
  [应县2026年大石线-新堡东等4条农村道路改造工程] AI补字段 ['监督部门联系方式'] ← https://prec.sxzwfw.gov.cn/jyxxgczb/1062775.jhtml
    ✗ 监督部门联系方式: AI未提取
  [华信振阳高新区200MW/400MWh独立储能项目EPC总承包] AI补字段 ['监督部门联系方式'] ← https://prec.sxzwfw.gov.cn/jyxxgchxr/1069694.jhtml
  [GET失败1/5] ReadTimeout: HTTPSConnectionPool(host='prec.sxzwfw.gov.cn', port=443): Read timed out. (read timeout=15) | https://prec.sxzwfw.gov.cn/jyxxgchxr/1069694.jhtml
    ✓ 监督部门联系方式: 联系电话：15235885550
  [山西地方电力有限公司方山县10kV店坪线等线路新建及改造工程电杆采购] AI补字段 ['监督部门联系方式'] ← https://prec.sxzwfw.gov.cn/jyxxgczb/1061689.jhtml
    ✓ 监督部门联系方式: 0351—4117591
  [五台山站站前综合交通枢纽及相关市政配套项目（供电工程）设计项目] AI补字段 ['监督部门联系方式'] ← https://prec.sxzwfw.gov.cn/jyxxgchxr/1069607.jhtml
  [GET失败1/5] ProxyError: HTTPSConnectionPool(host='prec.sxzwfw.gov.cn', port=443): Max retries exceeded with url: /jyxxgchxr/1069607.jhtml (Caused by ProxyError('Unable to connect to proxy', OSError('Tunnel connection failed: 407 Proxy Authentication Required'))) | https://prec.sxzwfw.gov.cn/jyxxgchxr/1069607.jhtml
    ✗ 监督部门联系方式: AI未提取
  [代县城市地下管网及设施建设改造工程-东北街片区（分区二）监理项目] AI补字段 ['监督部门联系方式'] ← https://prec.sxzwfw.gov.cn/jyxxgchxr/1069232.jhtml
  [GET失败1/5] ConnectionError: ('Connection aborted.', ConnectionResetError(104, 'Connection reset by peer')) | https://prec.sxzwfw.gov.cn/jyxxgchxr/1069232.jhtml
    ✗ 监督部门联系方式: AI未提取
  [代县城市地下管网及设施建设改造工程-东北街片区（分区二）施工项目] AI补字段 ['监督部门联系方式'] ← https://prec.sxzwfw.gov.cn/jyxxgchxr/1069209.jhtml
  [GET失败1/5] ReadTimeout: HTTPSConnectionPool(host='prec.sxzwfw.gov.cn', port=443): Read timed out. (read timeout=15) | https://prec.sxzwfw.gov.cn/jyxxgchxr/1069209.jhtml
    ✗ 监督部门联系方式: AI未提取
  [吉县吉电200MW/400MWh独立储能电站EPC总承包] AI补字段 ['监督部门联系方式'] ← https://prec.sxzwfw.gov.cn/jyxxgchxr/1069140.jhtml
    ✗ 监督部门联系方式: AI未提取
  [五台山风景名胜区石咀热源厂及管网配套工程项目泵类设备（暂估价）采购] AI补字段 ['招标人', '招标人地址', '招标人联系人', '招标人联系方式', '招标代理机构', '招标代理机构地址', '招标代理机构联系人', '招标代理机构联系方式', '监督部门联系方式'] ← https://prec.sxzwfw.gov.cn/jyxxgczb/1062440.jhtml
    ✓ 招标人: 山西省安装集团股份有限公司
    ✓ 招标人地址: 山西转型综合改革示范区唐槐产业园新化路8号
    ✓ 招标人联系人: 李青丽
    ✓ 招标人联系方式: 19135615133
    ✓ 招标代理机构: 山西仲信达工程造价咨询有限公司
    ✓ 招标代理机构地址: 山西转型综合改革示范区唐槐产业园孵化基地4号楼E区10层1012-1014室
    ✗ 招标代理机构联系人: AI未提取
    ✓ 招标代理机构联系方式: 13293919789
    ✓ 监督部门联系方式: 0350-6542678
  [大同市晋北地区高原风沙源生态保护和修复项目桦林背林场2026年人工造林(1,2,3,4,5,6,8,9,10,11,12,] AI补字段 ['监督部门联系方式'] ← https://prec.sxzwfw.gov.cn/jyxxgchxr/1069104.jhtml
    ✗ 监督部门联系方式: AI未提取
  [山西蓝焰煤层气集团有限责任公司晋城矿区煤层气加密井建设项目（二期）煤层气井录井技术服务] AI补字段 ['招标人地址', '招标人联系人', '招标人联系方式'] ← https://prec.sxzwfw.gov.cn/jyxxgczb/1055857.jhtml
    ✓ 招标人地址: 太原市长治路345号东楼23层
    ✓ 招标人联系人: 李晓辉、张朝、闫潇腾
    ✓ 招标人联系方式: 0351-2453225、2221733、2221755
  [运城市专门学校项目（一期）-智能化系统] AI补字段 ['标书发售时间', '招标代理机构', '招标代理机构地址', '招标代理机构联系人', '招标代理机构联系方式'] ← https://prec.sxzwfw.gov.cn/jyxxgczb/1060059.jhtml
  [GET失败1/5] ConnectionError: ('Connection aborted.', ConnectionResetError(104, 'Connection reset by peer')) | https://prec.sxzwfw.gov.cn/jyxxgczb/1060059.jhtml
    ✓ 标书发售时间: 2026年5月28日20时00分至2026年6月2日20时00分
    ✓ 招标代理机构: 山西华厦建设工程咨询有限公司
    ✓ 招标代理机构地址: 山西省太原市小店区平阳路街道八一街8号（平阳路290号）
    ✓ 招标代理机构联系人: 崔晓雄、王思杰、姚红霞
    ✓ 招标代理机构联系方式: 0351-7672889、15525475653、13734011261
  [绛县中心城区集中供热管网及换热站改造扩容建设项目监理] AI补字段 ['开标时间', '标书发售时间', '公告内容', '招标人', '招标人地址', '招标人联系人', '招标人联系方式', '招标代理机构', '招标代理机构地址', '招标代理机构联系人', '招标代理机构联系方式'] ← https://prec.sxzwfw.gov.cn/jyxxgczb/1053270.jhtml
  [PDF公告] 发现PDF: https://ggzyjyzx.yuncheng.gov.cn:8083/upload/wj/2c9f80959e0ce74a019e198e328a16c1.pdf
  [PDF] 直接提取文字成功，长度=1822
    ✓ 开标时间: 2026-06-02 15:00
    ✓ 标书发售时间: 2026-05-13 08:00 - 2026-05-19 18:00
    ✓ 公告内容: 绛县中心城区集中供热管网及换热站改造扩容建设项目监理招标公告（招标编号：2026GC010438）招标项目所在地区：绛县一、招标条件本绛县中心城区集中供热管网及
    ✓ 招标人: 绛县市政公用服务中心
    ✓ 招标人地址: 绛县绛山东街街104 号
    ✓ 招标人联系人: 赵先生
    ✓ 招标人联系方式: 13509799699
    ✓ 招标代理机构: 山西盛友项目管理有限公司
    ✓ 招标代理机构地址: 运城市盐湖区红旗东街2589 号
    ✓ 招标代理机构联系人: 范田田、王超
    ✓ 招标代理机构联系方式: 17634095858
  [洪洞县山焦中学新建餐厅项目施工] AI补字段 ['招标代理机构联系人'] ← https://prec.sxzwfw.gov.cn/jyxxgczb/1058786.jhtml
    ✓ 招标代理机构联系人: 李彦强
  [山西阳煤寺家庄煤业有限责任公司矿井水处理站改造工程（EPC）项目] AI补字段 ['监督部门联系方式'] ← https://prec.sxzwfw.gov.cn/jyxxgczb/1060440.jhtml
  [GET失败1/5] ConnectionError: ('Connection aborted.', ConnectionResetError(104, 'Connection reset by peer')) | https://prec.sxzwfw.gov.cn/jyxxgczb/1060440.jhtml
  [GET失败2/5] ConnectionError: ('Connection aborted.', ConnectionResetError(104, 'Connection reset by peer')) | https://prec.sxzwfw.gov.cn/jyxxgczb/1060440.jhtml
    ✗ 监督部门联系方式: AI未提取
  [广灵县增减挂钩跨省域调剂指标项目高标准农田建设（一斗泉乡等三乡镇板塔寺等三村高标准农田建设项目）] AI补字段 ['监督部门联系方式'] ← https://prec.sxzwfw.gov.cn/jyxxgcgs/1069592.jhtml
    ✗ 监督部门联系方式: AI未提取
  [高平市炎谷丰高标准设施蔬菜基地项目(002二标段)] AI补字段 ['监督部门联系方式'] ← https://prec.sxzwfw.gov.cn/jyxxgchxr/1067695.jhtml
    ✗ 监督部门联系方式: AI未提取
  [孝义市城排渠马庄营、长黄村段农桥改建工程施工项目] AI补字段 ['监督部门联系方式'] ← https://prec.sxzwfw.gov.cn/jyxxgczb/1060810.jhtml
    ✓ 监督部门联系方式: 0358-8282206
  [临猗县城区供水管网漏损治理建设项目监理] AI补字段 ['开标时间', '标书发售时间', '公告内容', '招标人', '招标人地址', '招标人联系人', '招标人联系方式', '招标代理机构', '招标代理机构地址', '招标代理机构联系人', '招标代理机构联系方式'] ← https://prec.sxzwfw.gov.cn/jyxxgczb/1062512.jhtml
  [PDF公告] 发现PDF: https://ggzyjyzx.yuncheng.gov.cn:8083/upload/wj/2c9f80959e25d986019e96fa20a321ab.pdf
  [PDF] 直接提取文字成功，长度=1959
    ✓ 开标时间: 2026 年6 月26 日09 时00 分
    ✓ 标书发售时间: 2026 年6 月6 日00 时00 分至 2026 年6 月12 日23 时59 分
    ✓ 公告内容: 临猗县城区供水管网漏损治理建设项目监理招标公告（招标编号：2026GC010556） 招标项目所在地区：运城市临猗县 一、招标条件 本临猗县城区供水管网漏损治理
    ✓ 招标人: 临猗县市政公用服务中心
    ✓ 招标人地址: 临猗县双塔南路1190 号
    ✓ 招标人联系人: 任先生
    ✓ 招标人联系方式: 13513590611
    ✓ 招标代理机构: 山西华信锦成项目管理有限公司
    ✓ 招标代理机构地址: 山西省太原市迎泽区汇通街与东中环路出口亲海国际B 幢10 层1012 室
    ✓ 招标代理机构联系人: 任先生
    ✓ 招标代理机构联系方式: 15110328778
  [寿阳县盂上线公路改建工程施工（第一标段）] AI补字段 ['监督部门联系方式'] ← https://prec.sxzwfw.gov.cn/jyxxgcgs/1069354.jhtml
    ✗ 监督部门联系方式: AI未提取
  [太原天然气有限公司太原市2026年住宅小区居民共有老旧庭院燃气管网及户内立管更新改造项目工程施工] AI补字段 ['监督部门联系方式'] ← https://prec.sxzwfw.gov.cn/jyxxgcgs/1069250.jhtml
    ✗ 监督部门联系方式: AI未提取
  [黄水河宁武县段河道治理工程勘察设计项目] AI补字段 ['监督部门联系方式'] ← https://prec.sxzwfw.gov.cn/jyxxgchxr/1067711.jhtml
    ✗ 监督部门联系方式: AI未提取
  [太原天然气有限公司太原市2026年住宅小区居民共有老旧庭院燃气管网及户内立管更新改造工程监理] AI补字段 ['监督部门联系方式'] ← https://prec.sxzwfw.gov.cn/jyxxgczb/1061325.jhtml
    ✓ 监督部门联系方式: 电话：0351-2453225、2221733、2221755
  [高平市燃气老化管网及设施更新改造工程（老化燃气管道更新改造EPC）] AI补字段 ['招标人地址', '招标代理机构地址'] ← https://prec.sxzwfw.gov.cn/jyxxgczb/1060412.jhtml
  [GET失败1/5] ConnectionError: ('Connection aborted.', ConnectionResetError(104, 'Connection reset by peer')) | https://prec.sxzwfw.gov.cn/jyxxgczb/1060412.jhtml
    ✗ 招标人地址: AI未提取
    ✗ 招标代理机构地址: AI未提取
  [物产片区现状路环境整治工程] AI补字段 ['招标代理机构', '招标代理机构地址', '招标代理机构联系人', '招标代理机构联系方式'] ← https://prec.sxzwfw.gov.cn/jyxxgczb/1070381.jhtml
    ✓ 招标代理机构: 山西宏昇伟业工程咨询有限公司
    ✓ 招标代理机构地址: 太原市万柏林区和平南路143号金诺大厦5层
    ✓ 招标代理机构联系人: 秦艺丹、杨涛
    ✓ 招标代理机构联系方式: 15110402047、15513889789
  [长治市屯留区城乡生活西部供水工程勘察设计项目] AI补字段 ['开标时间', '标书发售时间', '监督部门联系方式'] ← https://prec.sxzwfw.gov.cn/jyxxgczb/1070251.jhtml
  [GET失败1/5] ConnectionError: ('Connection aborted.', ConnectionResetError(104, 'Connection reset by peer')) | https://prec.sxzwfw.gov.cn/jyxxgczb/1070251.jhtml
    ✓ 开标时间: 2026-07-23 09:30
    ✓ 标书发售时间: 2026-07-01 至 2026-07-23
    ✗ 监督部门联系方式: AI未提取
  [和顺县生活垃圾焚烧发电项目特许经营者] AI补字段 ['监督部门联系方式'] ← https://prec.sxzwfw.gov.cn/jyxxgczb/1070243.jhtml
    ✗ 监督部门联系方式: AI未提取
  [翼城县规模化供水项目（第九标段）] AI补字段 ['标书发售时间'] ← https://prec.sxzwfw.gov.cn/jyxxgczb/1070223.jhtml
    ✓ 标书发售时间: 2026年7月2日00时00分至2026年7月8日23时59分
  [汾西县县域东部支线供水工程勘察设计] AI补字段 ['招标代理机构', '招标代理机构地址', '招标代理机构联系人', '招标代理机构联系方式'] ← https://prec.sxzwfw.gov.cn/jyxxgczb/1070222.jhtml
    ✓ 招标代理机构: 山西汇鑫磊招标代理有限公司
    ✓ 招标代理机构地址: 山西省临汾市尧都区平阳国际A座4层408室
    ✓ 招标代理机构联系人: 田杉杉
    ✓ 招标代理机构联系方式: 13467137510
  [壶关县龙泉镇四家池村蔬菜育苗基地厂房建设项目施工] AI补字段 ['开标时间', '标书发售时间', '招标人联系方式', '招标代理机构地址', '招标代理机构联系人', '招标代理机构联系方式', '监督部门联系方式'] ← https://prec.sxzwfw.gov.cn/jyxxgczb/1070212.jhtml
  [GET失败1/5] ReadTimeout: HTTPSConnectionPool(host='prec.sxzwfw.gov.cn', port=443): Read timed out. (read timeout=15) | https://prec.sxzwfw.gov.cn/jyxxgczb/1070212.jhtml
    ✓ 开标时间: 2026年07月23日09时30分
    ✓ 标书发售时间: 2026年07月01日至2026年07月23日
    ✓ 招标人联系方式: {'地址': '山西省壶关县奋进大街', '联系人': '张女士', '电话': '0355-8777354', '邮箱': 'm15935898751@163
    ✓ 招标代理机构地址: 山西省长治市长治高新技术产业开发区城西北路7080城1号楼4号商铺
    ✓ 招标代理机构联系人: 张先生
    ✓ 招标代理机构联系方式: {'电话': '0355-6955666', '邮箱': 'SXZZ123456_78@163.com'}
    ✓ 监督部门联系方式: {'地址': '', '联系人': '张先生', '电话': '0355-4274188', '邮箱': '0355hgjx@163.com'}
  [山西汾西矿业（集团）有限责任公司灵北煤矿矸石充填二期工程项目二次招标] AI补字段 ['标书发售时间', '招标代理机构', '招标代理机构地址', '招标代理机构联系人', '招标代理机构联系方式'] ← https://prec.sxzwfw.gov.cn/jyxxgczb/1062809.jhtml
    ✓ 标书发售时间: 2026年6月8日 18:00 至 2026年6月13日 18:00（北京时间）
    ✓ 招标代理机构: 山西焦煤集团招标有限公司
    ✓ 招标代理机构地址: 山西省太原市小店区龙城大街102号文旅大厦A座4层
    ✓ 招标代理机构联系人: 朱虹宇
    ✓ 招标代理机构联系方式: 0351-7955111
  [大禹渡灌区新增恢复灌溉面积工程2026年度项目二次] AI补字段 ['开标时间', '标书发售时间', '公告内容', '招标人', '招标人地址', '招标人联系人', '招标人联系方式', '招标代理机构', '招标代理机构地址', '招标代理机构联系人', '招标代理机构联系方式'] ← https://prec.sxzwfw.gov.cn/jyxxgczb/1062720.jhtml
  [GET失败1/5] ConnectionError: ('Connection aborted.', ConnectionResetError(104, 'Connection reset by peer')) | https://prec.sxzwfw.gov.cn/jyxxgczb/1062720.jhtml
  [PDF公告] 发现PDF: https://ggzyjyzx.yuncheng.gov.cn:8083/upload/wj/2c9f80959e25d986019e96b8ebca1e4f.pdf
  [PDF] 下载: https://ggzyjyzx.yuncheng.gov.cn:8083/upload/wj/2c9f80959e25d986019e96b8ebca1e4f.pdf
  [PDF] 直接提取文字成功，长度=1883
    ✓ 开标时间: 2026 年6 月30 日09 时00 分
    ✓ 标书发售时间: 2026 年6 月8 日00 时00 分起至2026 年6 月13 日00 时00 分
    ✓ 公告内容: 大禹渡灌区新增恢复灌溉面积工程2026 年度项目二次 招标公告 （招标编号：2026GC010421） 招标项目所在地区：运城市芮城县 一、招标条件 本大禹渡灌
    ✗ 招标人: AI未提取
    ✗ 招标人地址: AI未提取
    ✗ 招标人联系人: AI未提取
    ✗ 招标人联系方式: AI未提取
    ✗ 招标代理机构: AI未提取
    ✗ 招标代理机构地址: AI未提取
    ✗ 招标代理机构联系人: AI未提取
    ✗ 招标代理机构联系方式: AI未提取
  [国道209线河津市过境改线工程施工] AI补字段 ['开标时间', '标书发售时间', '公告内容', '招标人', '招标人地址', '招标人联系人', '招标人联系方式', '招标代理机构', '招标代理机构地址', '招标代理机构联系人', '招标代理机构联系方式'] ← https://prec.sxzwfw.gov.cn/jyxxgczb/1062836.jhtml
  [PDF公告] 发现PDF: https://ggzyjyzx.yuncheng.gov.cn:8083/upload/wj/2c9f80959e25d986019ea508ac16249f.pdf
  [PDF] 下载: https://ggzyjyzx.yuncheng.gov.cn:8083/upload/wj/2c9f80959e25d986019ea508ac16249f.pdf
  [GET失败1/5] ReadTimeout: HTTPSConnectionPool(host='ggzyjyzx.yuncheng.gov.cn', port=8083): Read timed out. (read timeout=15) | https://ggzyjyzx.yuncheng.gov.cn:8083/upload/wj/2c9f80959e25d986019ea508ac16249f.pdf
  [PDF] 直接提取文字成功，长度=4510
    ✓ 开标时间: 2026年6月30日09时00分
    ✓ 标书发售时间: 2026年6月9日00时00分至2026年6月16日00时00分
    ✓ 公告内容: 国道209 线河津市过境改线工程施工招标公告（项目编号：2026GC010557）招标项目所在地区：运城市河津市一、招标条件国道209 线河津市过境改线工程（项
    ✓ 招标人: 河津市交通运输局
    ✓ 招标人地址: 河津市复兴路1号
    ✓ 招标人联系人: 孙先生
    ✓ 招标人联系方式: 13327485138
    ✓ 招标代理机构: 山西诚泰达工程项目管理有限公司
    ✓ 招标代理机构地址: 运城市盐湖区学苑路立交桥西侧恒大绿洲1号楼三单元301室
    ✓ 招标代理机构联系人: 王先生
    ✓ 招标代理机构联系方式: 17636003318
  [山西新景矿煤业有限责任公司保安分区15号煤开采项目PC总承包] AI补字段 ['监督部门联系方式'] ← https://prec.sxzwfw.gov.cn/jyxxgchxr/1070342.jhtml
    ✗ 监督部门联系方式: AI未提取
  [寿阳县老旧小区供热老化管道更新改造工程] AI补字段 ['开标时间', '标书发售时间', '公告内容', '招标人', '招标人地址', '招标人联系人', '招标人联系方式', '招标代理机构', '招标代理机构地址', '招标代理机构联系人', '招标代理机构联系方式', '监督部门', '监督部门联系方式'] ← https://prec.sxzwfw.gov.cn/jyxxgczb/1056919.jhtml
    ✓ 开标时间: 2026-06-03 09:30
    ✓ 标书发售时间: 2026-05-21 18:00:00.0 至2026-05-26 18:00:00.0
    ✓ 公告内容: （招标编号：E1407000827004381001） 招标项目所在地区:寿阳县 一、招标条件 本 寿阳县老旧小区供热老化管道更新改造工程（招标项目编号：E14
    ✓ 招标人: 寿阳县城乡建设和环境卫生服务中心
    ✓ 招标人地址: 山西省寿阳县新东关街71号
    ✓ 招标人联系人: 闫先生
    ✓ 招标人联系方式: 0354-4621844
    ✓ 招标代理机构: 山西华益工程项目管理有限公司
    ✓ 招标代理机构地址: 山西省晋中市山西示范区晋中开发区汇通产业园区迎宾西街169号银海心悦818-1号商铺
    ✓ 招标代理机构联系人: 贾女士
    ✓ 招标代理机构联系方式: 03548143666
    ✓ 监督部门: 寿阳县住房和城乡建设管理局
    ✓ 监督部门联系方式: 03544623240
  [2026年绛县小型农村供水工程规范化改造项目勘察设计] AI补字段 ['开标时间', '标书发售时间', '公告内容', '招标人', '招标人地址', '招标人联系人', '招标人联系方式', '招标代理机构', '招标代理机构地址', '招标代理机构联系人', '招标代理机构联系方式'] ← https://prec.sxzwfw.gov.cn/jyxxgczb/1063480.jhtml
  [GET失败1/5] ReadTimeout: HTTPSConnectionPool(host='prec.sxzwfw.gov.cn', port=443): Read timed out. (read timeout=15) | https://prec.sxzwfw.gov.cn/jyxxgczb/1063480.jhtml
  [GET失败2/5] ReadTimeout: HTTPSConnectionPool(host='prec.sxzwfw.gov.cn', port=443): Read timed out. (read timeout=15) | https://prec.sxzwfw.gov.cn/jyxxgczb/1063480.jhtml
  [GET失败3/5] ReadTimeout: HTTPSConnectionPool(host='prec.sxzwfw.gov.cn', port=443): Read timed out. (read timeout=15) | https://prec.sxzwfw.gov.cn/jyxxgczb/1063480.jhtml
  [PDF公告] 发现PDF: https://ggzyjyzx.yuncheng.gov.cn:8083/upload/wj/2c9f80959e25d986019eaf11c32b2e62.pdf
  [PDF] 下载: https://ggzyjyzx.yuncheng.gov.cn:8083/upload/wj/2c9f80959e25d986019eaf11c32b2e62.pdf
  [PDF] 直接提取文字成功，长度=2091
    ✓ 开标时间: 2026年7月1日09时00分
    ✓ 标书发售时间: 2026年6月10日09时30分至2026年6月17日09时30分
    ✓ 公告内容: 2026 年绛县小型农村供水工程规范化改造项目勘察设计招标公告（招标编号：2026GC010558）招标项目所在地区：运城市绛县一、招标条件本2026年绛县小型
    ✗ 招标人: AI未提取
    ✗ 招标人地址: AI未提取
    ✗ 招标人联系人: AI未提取
    ✗ 招标人联系方式: AI未提取
    ✗ 招标代理机构: AI未提取
    ✗ 招标代理机构地址: AI未提取
    ✗ 招标代理机构联系人: AI未提取
    ✗ 招标代理机构联系方式: AI未提取
  [黎城县公办养老中心项目施工] AI补字段 ['开标时间', '标书发售时间'] ← https://prec.sxzwfw.gov.cn/jyxxgczb/1063141.jhtml
  [GET失败1/5] ProxyError: HTTPSConnectionPool(host='prec.sxzwfw.gov.cn', port=443): Max retries exceeded with url: /jyxxgczb/1063141.jhtml (Caused by ProxyError('Unable to connect to proxy', OSError('Tunnel connection failed: 436 Proxy Authentication Failed'))) | https://prec.sxzwfw.gov.cn/jyxxgczb/1063141.jhtml
  [GET失败2/5] ProxyError: HTTPSConnectionPool(host='prec.sxzwfw.gov.cn', port=443): Max retries exceeded with url: /jyxxgczb/1063141.jhtml (Caused by ProxyError('Unable to connect to proxy', OSError('Tunnel connection failed: 436 Proxy Authentication Failed'))) | https://prec.sxzwfw.gov.cn/jyxxgczb/1063141.jhtml
    ✓ 开标时间: 2026年6月30日上午9时30分
    ✓ 标书发售时间: 2026年6月9日至2026年6月30日上午9时30分
  [杨家堡污水厂进水管网改造工程施工] AI补字段 ['招标代理机构联系人'] ← https://prec.sxzwfw.gov.cn/jyxxgczb/1063397.jhtml
    ✓ 招标代理机构联系人: 赵鑫
  [太原市西山地表水厂供水工程一取水泵站(引黄原水)工程施工] AI补字段 ['开标时间', '招标代理机构联系人'] ← https://prec.sxzwfw.gov.cn/jyxxgczb/1056211.jhtml
    ✓ 开标时间: 2026年06月03日09时30分
    ✓ 招标代理机构联系人: 石亚琼
  [太原供水集团有限公司财大东巷等46条新建给水管网工程钢管采购（二次）] AI补字段 ['标书发售时间', '招标代理机构联系人'] ← https://prec.sxzwfw.gov.cn/jyxxgczb/1063567.jhtml
  [GET失败1/5] ReadTimeout: HTTPSConnectionPool(host='prec.sxzwfw.gov.cn', port=443): Read timed out. (read timeout=15) | https://prec.sxzwfw.gov.cn/jyxxgczb/1063567.jhtml
    [AI] 调用失败(第1次): Request timed out.
    [AI] 调用失败(第2次): Request timed out.
    [AI] 调用失败(第3次): Request timed out.
    ✗ 标书发售时间: AI未提取
    ✗ 招标代理机构联系人: AI未提取
  [潇河产业园区文源学校建设工程（一标段）施工（暂估价）断桥铝合金窗采购项目] AI补字段 ['标书发售时间', '招标代理机构', '招标代理机构地址', '招标代理机构联系人', '招标代理机构联系方式'] ← https://prec.sxzwfw.gov.cn/jyxxgczb/1061980.jhtml
    [AI] 调用失败(第1次): Request timed out.
    [AI] 调用失败(第2次): Request timed out.
    [AI] 调用失败(第3次): Request timed out.
    ✗ 标书发售时间: AI未提取
    ✗ 招标代理机构: AI未提取
    ✗ 招标代理机构地址: AI未提取
    ✗ 招标代理机构联系人: AI未提取
    ✗ 招标代理机构联系方式: AI未提取
  [大秦铁路股份有限公司太原铁路工程建设指挥部太原动车组运用所增设控制集中系统（CCS）工程施工总价承包项目(1标段)中标候选人公示更正] AI补字段 ['监督部门联系方式'] ← https://prec.sxzwfw.gov.cn/jyxxgchxr/1070214.jhtml
  [GET失败1/5] ReadTimeout: HTTPSConnectionPool(host='prec.sxzwfw.gov.cn', port=443): Read timed out. (read timeout=15) | https://prec.sxzwfw.gov.cn/jyxxgchxr/1070214.jhtml
  [GET失败2/5] ReadTimeout: HTTPSConnectionPool(host='prec.sxzwfw.gov.cn', port=443): Read timed out. (read timeout=15) | https://prec.sxzwfw.gov.cn/jyxxgchxr/1070214.jhtml
  [GET失败3/5] ReadTimeout: HTTPSConnectionPool(host='prec.sxzwfw.gov.cn', port=443): Read timed out. (read timeout=15) | https://prec.sxzwfw.gov.cn/jyxxgchxr/1070214.jhtml
  [GET失败4/5] ReadTimeout: HTTPSConnectionPool(host='prec.sxzwfw.gov.cn', port=443): Read timed out. (read timeout=15) | https://prec.sxzwfw.gov.cn/jyxxgchxr/1070214.jhtml
  [GET失败5/5] ConnectionError: ('Connection aborted.', ConnectionResetError(104, 'Connection reset by peer')) | https://prec.sxzwfw.gov.cn/jyxxgchxr/1070214.jhtml
  [晋中市松塔水库供水（二期）工程管材及管件采购03标] AI补字段 ['监督部门', '监督部门联系方式'] ← https://prec.sxzwfw.gov.cn/jyxxgchxr/1070208.jhtml
    [AI] 调用失败(第1次): Request timed out.
    [AI] 调用失败(第2次): Request timed out.
    [AI] 调用失败(第3次): Request timed out.
    ✗ 监督部门: AI未提取
    ✗ 监督部门联系方式: AI未提取
  [中信机电能源科技（山西）有限公司 220千伏变电站工程项目设备采购（一）] AI补字段 ['开标时间', '标书发售时间', '公告内容', '招标人', '招标人地址', '招标人联系人', '招标人联系方式', '招标代理机构', '招标代理机构地址', '招标代理机构联系人', '招标代理机构联系方式', '监督部门'] ← https://prec.sxzwfw.gov.cn/jyxxgczb/1056210.jhtml
  [GET失败1/5] ReadTimeout: HTTPSConnectionPool(host='prec.sxzwfw.gov.cn', port=443): Read timed out. (read timeout=15) | https://prec.sxzwfw.gov.cn/jyxxgczb/1056210.jhtml
  [PDF公告] 发现PDF: https://ggzyjyzx.yuncheng.gov.cn:8083/upload/wj/2c9f80959e25d986019e3e28d01116ac.pdf
  [PDF] 下载: https://ggzyjyzx.yuncheng.gov.cn:8083/upload/wj/2c9f80959e25d986019e3e28d01116ac.pdf
  [PDF] 直接提取文字成功，长度=2702
    [AI] 调用失败(第1次): Request timed out.
    [AI] 调用失败(第2次): Request timed out.
    [AI] 调用失败(第3次): Request timed out.
    ✗ 开标时间: AI未提取
    ✗ 标书发售时间: AI未提取
    ✗ 公告内容: AI未提取
    ✗ 招标人: AI未提取
    ✗ 招标人地址: AI未提取
    ✗ 招标人联系人: AI未提取
    ✗ 招标人联系方式: AI未提取
    ✗ 招标代理机构: AI未提取
    ✗ 招标代理机构地址: AI未提取
    ✗ 招标代理机构联系人: AI未提取
    ✗ 招标代理机构联系方式: AI未提取
    ✗ 监督部门: AI未提取
  [清徐县2025年农村公路养护工程] AI补字段 ['标书发售时间', '招标代理机构联系人'] ← https://prec.sxzwfw.gov.cn/jyxxgczb/1060013.jhtml
    [AI] 调用失败(第1次): Request timed out.
    [AI] 调用失败(第2次): Request timed out.
    [AI] 调用失败(第3次): Request timed out.
    ✗ 标书发售时间: AI未提取
    ✗ 招标代理机构联系人: AI未提取
[AI报告] → /home/intsig/zwx/shanxi/log/20260701_ai_report.log
  AI补全完成：150 个字段
  AI调用统计：共 53 次
  输入 tokens : 101,050
  输出 tokens : 16,604
  合计 tokens : 117,654
[自检] → /home/intsig/zwx/shanxi/log/20260701_check.log
[索引] → /home/intsig/zwx/shanxi/output/山西_index.txt

============================================================
完成！共 324 条记录 → /home/intsig/zwx/shanxi/output/山西.csv
自检日志 → /home/intsig/zwx/shanxi/log/20260701_check.log
AI报告   → /home/intsig/zwx/shanxi/log/20260701_ai_report.log
============================================================
============================================================
运行结束: 2026-07-01 23:53:08
============================================================
============================================================
开始运行山西爬虫: 2026-07-02 22:00:01
当前目录: /home/intsig/zwx/shanxi/spider
Python: /home/vipuser/miniconda3/envs/myenv/bin/python
脚本: /home/intsig/zwx/shanxi/spider/shanxi_regex_ai.py
============================================================
============================================================
山西省公共资源交易平台爬虫 v4.3（历史回填 + 自检 + AI兜底 + IP代理池）
时间: 2026-07-02 22:00:02
输出: /home/intsig/zwx/shanxi/output/山西.csv
============================================================
初始化 Session...
Session 初始化成功
代理开关: True
代理池状态: {'available': 30, 'bad_total': 0, 'bad_unique': 0, 'api_calls_used': 1, 'api_calls_limit': 200, 'min_size': 8, 'default_num': 30, 'default_time': 5, 'default_port': 2, 'auto_refresh': True}
[CSV] 加载增量总表 334 行：/home/intsig/zwx/shanxi/output/山西.csv

===== 第一步：招标计划 =====
  [列表] channelId=198 第1页...
  [列表] 总条数=18，当前已获取=10
  [列表] channelId=198 第2页...
  [列表] 总条数=18，当前已获取=18
  [列表] 共 18 条

  [招标计划] 永和县2026年农村饮水提升改造项目
  → 新增

  [招标计划] 山西省临汾市2026年中央财政国土绿化项目（霍州段）
  → 新增

  [招标计划] 沁水县胡底乡2026年“四好农村路”建设工程
  → 新增

  [招标计划] 山西晋煤太钢能源有限责任公司三交一号煤矿矿土安三类工程
  → 新增

  [招标计划] 山煤集团河曲2×35万千瓦低热值煤发电项目
  → 新增

  [招标计划] 山西晋煤太钢能源有限责任公司三交一号煤矿矿土安三类工程
  [GET失败1/3] ProxyError: HTTPSConnectionPool(host='prec.sxzwfw.gov.cn', port=443): Max retries exceeded with url: /jyxxzbjh/1070687.jhtml (Caused by ProxyError('Unable to connect to proxy', OSError('Tunnel connection failed: 618 Internal Server Error'))) | https://prec.sxzwfw.gov.cn/jyxxzbjh/1070687.jhtml
  → 已存在，补充字段

  [招标计划] 山煤集团河曲2×35万千瓦低热值煤发电项目
  [GET失败1/3] ReadTimeout: HTTPSConnectionPool(host='prec.sxzwfw.gov.cn', port=443): Read timed out. (read timeout=15) | https://prec.sxzwfw.gov.cn/jyxxzbjh/1070685.jhtml
  → 已存在，补充字段

  [招标计划] G5518晋城至潼关高速公路阳城至运城段全过程工程咨询服务（二期）
  → 新增

  [招标计划] 晋城东南过境（北义城-大箕）高速公路工程
  → 新增

  [招标计划] 县道康石线(康城-阳春堡)路面改造工程
  → 新增

  [招标计划] 万荣县2026年农村公路养护工程
  → 新增

  [招标计划] 万荣县2026年第二批农村公路建设工程
  → 新增

  [招标计划] 太原工业学院30#31#学生公寓建设项目
  → 新增

  [招标计划] 山西省粮油交易中心仓储设施提升改造项目
  → 新增

  [招标计划] 晋城市西北普通高中学校1#图书馆建设项目
  → 新增

  [招标计划] 阳曲县2025年“千万工程”精品示范村建设项目施工
  [GET失败1/3] ConnectionError: ('Connection aborted.', ConnectionResetError(104, 'Connection reset by peer')) | https://prec.sxzwfw.gov.cn/jyxxzbjh/1070483.jhtml
  [GET失败2/3] ConnectionError: ('Connection aborted.', ConnectionResetError(104, 'Connection reset by peer')) | https://prec.sxzwfw.gov.cn/jyxxzbjh/1070483.jhtml
  → 新增

  [招标计划] 隰县第一中学校扩建工程(一期)项目
  → 新增

  [招标计划] 国有工矿大同中煤矿业棚户区改造配套道路项目
  → 已存在，补充字段

===== 第二步：招标公告频道 =====
  [列表] channelId=12 第1页...
  [列表] 总条数=31，当前已获取=10
  [列表] channelId=12 第2页...
  [POST失败1/3] ConnectionError: ('Connection aborted.', ConnectionResetError(104, 'Connection reset by peer')) | https://prec.sxzwfw.gov.cn/queryContent_2-jyxx.jspx
  [列表] 总条数=31，当前已获取=20
  [列表] channelId=12 第3页...
  [列表] 总条数=31，当前已获取=30
  [列表] channelId=12 第4页...
  [列表] 总条数=31，当前已获取=31
  [列表] 共 31 条

  [招标公告] 大秦铁路股份有限公司太原铁路工程建设指挥部大西高铁（太原局管段）新建地震预警监测系统工程施工总价承包项目
  [历史搜索] 大秦铁路股份有限公司太原铁路工程建设指挥部大西高铁（太原局管段）新建地震预警监测系统工程施工总价承包项目
  [历史回填] 搜索项目：大秦铁路股份有限公司太原铁路工程建设指挥部大西高铁（太原局管段）新建地震预警监测系统工程施工总价承包项目
    ✓ 历史招标公告
  [POST失败1/3] ReadTimeout: HTTPSConnectionPool(host='prec.sxzwfw.gov.cn', port=443): Read timed out. (read timeout=18) | https://prec.sxzwfw.gov.cn/queryContent-jyxx.jspx
  → upsert 完成：招标公告

  [终止公告] 平定县娘子关提水工程老旧设备更新改造项目——五级六站机电设备部分——总干二站稀油润滑系统采购招标暂停/
  [历史搜索] 平定县娘子关提水工程老旧设备更新改造项目——五级六站机电设备部分——总干二站稀油润滑系统采购招标暂停/
  [历史回填] 搜索项目：平定县娘子关提水工程老旧设备更新改造项目——五级六站机电设备部分——总干二站稀油润滑系统采购招标暂停/
  → upsert 完成：终止公告

  [终止公告] 平定县娘子关提水工程老旧设备更新改造项目——五级六站机电设备部分——真空引水装置采购招标暂停/
  [历史搜索] 平定县娘子关提水工程老旧设备更新改造项目——五级六站机电设备部分——真空引水装置采购招标暂停/
  [历史回填] 搜索项目：平定县娘子关提水工程老旧设备更新改造项目——五级六站机电设备部分——真空引水装置采购招标暂停/
  [POST失败1/3] ConnectionError: ('Connection aborted.', ConnectionResetError(104, 'Connection reset by peer')) | https://prec.sxzwfw.gov.cn/queryContent-jyxx.jspx
  [POST失败2/3] ConnectionError: ('Connection aborted.', RemoteDisconnected('Remote end closed connection without response')) | https://prec.sxzwfw.gov.cn/queryContent-jyxx.jspx
  → upsert 完成：终止公告

  [招标公告] 大同市平城区供水管网及设施更新改造项目（一期）(1标段)重新
  [GET失败1/3] ProxyError: HTTPSConnectionPool(host='prec.sxzwfw.gov.cn', port=443): Max retries exceeded with url: /jyxxgczb/1070710.jhtml (Caused by ProxyError('Unable to connect to proxy', OSError('Tunnel connection failed: 639 Internal Server Error'))) | https://prec.sxzwfw.gov.cn/jyxxgczb/1070710.jhtml
  [历史搜索] 大同市平城区供水管网及设施更新改造项目（一期）(1标段)重新
  [历史回填] 搜索项目：大同市平城区供水管网及设施更新改造项目（一期）(1标段)重新
    ✓ 历史招标公告
  → upsert 完成：招标公告

  [招标公告] 吉县县道(X589)永固至狮子河线公路改造工程
  [历史搜索] 吉县县道(X589)永固至狮子河线公路改造工程
  [历史回填] 搜索项目：吉县县道(X589)永固至狮子河线公路改造工程
    ✓ 历史招标计划
  [GET失败1/3] ConnectionError: ('Connection aborted.', RemoteDisconnected('Remote end closed connection without response')) | https://prec.sxzwfw.gov.cn/jyxxgczb/1070701.jhtml
  [GET失败2/3] ProxyError: HTTPSConnectionPool(host='prec.sxzwfw.gov.cn', port=443): Max retries exceeded with url: /jyxxgczb/1070701.jhtml (Caused by ProxyError('Unable to connect to proxy', OSError('Tunnel connection failed: 436 Proxy Authentication Failed'))) | https://prec.sxzwfw.gov.cn/jyxxgczb/1070701.jhtml
  [GET失败3/3] ConnectionError: ('Connection aborted.', RemoteDisconnected('Remote end closed connection without response')) | https://prec.sxzwfw.gov.cn/jyxxgczb/1070701.jhtml
    ✓ 历史招标公告
  [POST失败1/3] ReadTimeout: HTTPSConnectionPool(host='prec.sxzwfw.gov.cn', port=443): Read timed out. (read timeout=18) | https://prec.sxzwfw.gov.cn/queryContent-jyxx.jspx
  [POST失败2/3] ProxyError: HTTPSConnectionPool(host='prec.sxzwfw.gov.cn', port=443): Max retries exceeded with url: /queryContent-jyxx.jspx (Caused by ProxyError('Unable to connect to proxy', OSError('Tunnel connection failed: 407 Proxy Authentication Required'))) | https://prec.sxzwfw.gov.cn/queryContent-jyxx.jspx
  [POST失败1/3] ProxyError: HTTPSConnectionPool(host='prec.sxzwfw.gov.cn', port=443): Max retries exceeded with url: /queryContent-jyxx.jspx (Caused by ProxyError('Unable to connect to proxy', RemoteDisconnected('Remote end closed connection without response'))) | https://prec.sxzwfw.gov.cn/queryContent-jyxx.jspx
  [POST失败2/3] ProxyError: HTTPSConnectionPool(host='prec.sxzwfw.gov.cn', port=443): Max retries exceeded with url: /queryContent-jyxx.jspx (Caused by ProxyError('Unable to connect to proxy', OSError('Tunnel connection failed: 407 Proxy Authentication Required'))) | https://prec.sxzwfw.gov.cn/queryContent-jyxx.jspx
  → upsert 完成：招标公告

  [招标公告] 山西转型综改示范区阳曲产业园区侯村片区路网工程经四路（K1+74.00--K1+130.00)施工
  [GET失败1/3] ProxyError: HTTPSConnectionPool(host='prec.sxzwfw.gov.cn', port=443): Max retries exceeded with url: /jyxxgczb/1070699.jhtml (Caused by ProxyError('Unable to connect to proxy', OSError('Tunnel connection failed: 407 Proxy Authentication Required'))) | https://prec.sxzwfw.gov.cn/jyxxgczb/1070699.jhtml
  [GET失败2/3] ReadTimeout: HTTPSConnectionPool(host='prec.sxzwfw.gov.cn', port=443): Read timed out. (read timeout=15) | https://prec.sxzwfw.gov.cn/jyxxgczb/1070699.jhtml
  [历史搜索] 山西转型综改示范区阳曲产业园区侯村片区路网工程经四路（K1+74.00--K1+130.00)施工
  [历史回填] 搜索项目：山西转型综改示范区阳曲产业园区侯村片区路网工程经四路（K1+74.00--K1+130.00)施工
  [POST失败1/3] ReadTimeout: HTTPSConnectionPool(host='prec.sxzwfw.gov.cn', port=443): Read timed out. (read timeout=18) | https://prec.sxzwfw.gov.cn/queryContent-jyxx.jspx
  [POST失败2/3] ReadTimeout: HTTPSConnectionPool(host='prec.sxzwfw.gov.cn', port=443): Read timed out. (read timeout=18) | https://prec.sxzwfw.gov.cn/queryContent-jyxx.jspx
  [POST失败1/3] ReadTimeout: HTTPSConnectionPool(host='prec.sxzwfw.gov.cn', port=443): Read timed out. (read timeout=18) | https://prec.sxzwfw.gov.cn/queryContent-jyxx.jspx
  → upsert 完成：招标公告

  [招标公告] 大秦铁路股份有限公司大同铁路工程建设指挥部大同站西三场驼峰峰顶平台新建风雨棚工程施工总价承包项目
  [历史搜索] 大秦铁路股份有限公司大同铁路工程建设指挥部大同站西三场驼峰峰顶平台新建风雨棚工程施工总价承包项目
  [历史回填] 搜索项目：大秦铁路股份有限公司大同铁路工程建设指挥部大同站西三场驼峰峰顶平台新建风雨棚工程施工总价承包项目
  [POST失败1/3] ReadTimeout: HTTPSConnectionPool(host='prec.sxzwfw.gov.cn', port=443): Read timed out. (read timeout=18) | https://prec.sxzwfw.gov.cn/queryContent-jyxx.jspx
  [POST失败2/3] ConnectionError: ('Connection aborted.', ConnectionResetError(104, 'Connection reset by peer')) | https://prec.sxzwfw.gov.cn/queryContent-jyxx.jspx
  [POST失败3/3] ReadTimeout: HTTPSConnectionPool(host='prec.sxzwfw.gov.cn', port=443): Read timed out. (read timeout=18) | https://prec.sxzwfw.gov.cn/queryContent-jyxx.jspx
  [POST失败1/3] ConnectionError: ('Connection aborted.', ConnectionResetError(104, 'Connection reset by peer')) | https://prec.sxzwfw.gov.cn/queryContent-jyxx.jspx
  [POST失败2/3] ReadTimeout: HTTPSConnectionPool(host='prec.sxzwfw.gov.cn', port=443): Read timed out. (read timeout=18) | https://prec.sxzwfw.gov.cn/queryContent-jyxx.jspx
  [GET失败1/3] ReadTimeout: HTTPSConnectionPool(host='prec.sxzwfw.gov.cn', port=443): Read timed out. (read timeout=15) | https://prec.sxzwfw.gov.cn/jyxxgczb/1070697.jhtml
    ✓ 历史招标公告
  [POST失败1/3] ConnectionError: ('Connection aborted.', ConnectionResetError(104, 'Connection reset by peer')) | https://prec.sxzwfw.gov.cn/queryContent-jyxx.jspx
  [POST失败1/3] ReadTimeout: HTTPSConnectionPool(host='prec.sxzwfw.gov.cn', port=443): Read timed out. (read timeout=18) | https://prec.sxzwfw.gov.cn/queryContent-jyxx.jspx
  → upsert 完成：招标公告

  [招标公告] 临猗县2026年老旧小区改造项目设计
  [历史搜索] 临猗县2026年老旧小区改造项目设计
  [历史回填] 搜索项目：临猗县2026年老旧小区改造项目设计
    ✓ 历史招标公告
  [POST失败1/3] ConnectionError: ('Connection aborted.', ConnectionResetError(104, 'Connection reset by peer')) | https://prec.sxzwfw.gov.cn/queryContent-jyxx.jspx
  → upsert 完成：招标公告

  [跳过-控制价] 闻喜县后夏线（河底-裴社）道路改造工程施工招标控制价

  [招标公告] 高平市现代农业设施蔬菜示范园项目（杜寨村）
  [历史搜索] 高平市现代农业设施蔬菜示范园项目（杜寨村）
  [历史回填] 搜索项目：高平市现代农业设施蔬菜示范园项目（杜寨村）
  [POST失败1/3] ConnectionError: ('Connection aborted.', ConnectionResetError(104, 'Connection reset by peer')) | https://prec.sxzwfw.gov.cn/queryContent-jyxx.jspx
  [POST失败2/3] ReadTimeout: HTTPSConnectionPool(host='prec.sxzwfw.gov.cn', port=443): Read timed out. (read timeout=18) | https://prec.sxzwfw.gov.cn/queryContent-jyxx.jspx
  [POST失败3/3] ProxyError: HTTPSConnectionPool(host='prec.sxzwfw.gov.cn', port=443): Max retries exceeded with url: /queryContent-jyxx.jspx (Caused by ProxyError('Unable to connect to proxy', OSError('Tunnel connection failed: 618 Internal Server Error'))) | https://prec.sxzwfw.gov.cn/queryContent-jyxx.jspx
  [POST失败1/3] ReadTimeout: HTTPSConnectionPool(host='prec.sxzwfw.gov.cn', port=443): Read timed out. (read timeout=18) | https://prec.sxzwfw.gov.cn/queryContent-jyxx.jspx
  [POST失败2/3] ConnectionError: ('Connection aborted.', ConnectionResetError(104, 'Connection reset by peer')) | https://prec.sxzwfw.gov.cn/queryContent-jyxx.jspx
  [POST失败3/3] ConnectionError: ('Connection aborted.', ConnectionResetError(104, 'Connection reset by peer')) | https://prec.sxzwfw.gov.cn/queryContent-jyxx.jspx
  → upsert 完成：招标公告

  [未知公告] 盂县驭风行动50MW风电项目、盂县金泰10万千瓦风电项目工程总承包
  [历史搜索] 盂县驭风行动50MW风电项目、盂县金泰10万千瓦风电项目工程总承包
  [历史回填] 搜索项目：盂县驭风行动50MW风电项目、盂县金泰10万千瓦风电项目工程总承包
  [POST失败1/3] ConnectionError: ('Connection aborted.', ConnectionResetError(104, 'Connection reset by peer')) | https://prec.sxzwfw.gov.cn/queryContent-jyxx.jspx
  [POST失败2/3] ProxyError: HTTPSConnectionPool(host='prec.sxzwfw.gov.cn', port=443): Max retries exceeded with url: /queryContent-jyxx.jspx (Caused by ProxyError('Unable to connect to proxy', RemoteDisconnected('Remote end closed connection without response'))) | https://prec.sxzwfw.gov.cn/queryContent-jyxx.jspx
  [POST失败1/3] ReadTimeout: HTTPSConnectionPool(host='prec.sxzwfw.gov.cn', port=443): Read timed out. (read timeout=18) | https://prec.sxzwfw.gov.cn/queryContent-jyxx.jspx
  → upsert 完成：未知公告

  [未知公告] 盂县驭风行动50MW风电项目、盂县金泰10万千瓦风电项目工程监理
  [历史搜索] 盂县驭风行动50MW风电项目、盂县金泰10万千瓦风电项目工程监理
  [历史回填] 搜索项目：盂县驭风行动50MW风电项目、盂县金泰10万千瓦风电项目工程监理
  → upsert 完成：未知公告

  [未知公告] 阳泉市城区雨污分流源头治理及错接混接改造项目（1-3标段）施工
  [历史搜索] 阳泉市城区雨污分流源头治理及错接混接改造项目（1-3标段）施工
  [历史回填] 搜索项目：阳泉市城区雨污分流源头治理及错接混接改造项目（1-3标段）施工
  → upsert 完成：未知公告

  [招标公告] 盂县秀水市政桥更新重建工程施工
  [历史搜索] 盂县秀水市政桥更新重建工程施工
  [历史回填] 搜索项目：盂县秀水市政桥更新重建工程施工
    ✓ 历史招标公告
  → upsert 完成：招标公告

  [招标公告] 太行洪谷景区配套设施提升项目
  [历史搜索] 太行洪谷景区配套设施提升项目
  [历史回填] 搜索项目：太行洪谷景区配套设施提升项目
    ✓ 历史招标计划
  [POST失败1/3] ReadTimeout: HTTPSConnectionPool(host='prec.sxzwfw.gov.cn', port=443): Read timed out. (read timeout=18) | https://prec.sxzwfw.gov.cn/queryContent-jyxx.jspx
    ✓ 历史招标公告
    ✓ 历史候选人监督部门
  → upsert 完成：招标公告

  [终止公告] 晋能控股集团有限公司潘家窑煤矿项目临时供电工程初步设计及概算、勘察、路径选址报告二次
  [历史搜索] 晋能控股集团有限公司潘家窑煤矿项目临时供电工程初步设计及概算、勘察、路径选址报告二次
  [历史回填] 搜索项目：晋能控股集团有限公司潘家窑煤矿项目临时供电工程初步设计及概算、勘察、路径选址报告二次
    ✓ 历史招标公告
  → upsert 完成：终止公告

  [招标公告] 左云县曌煜200MW风电项目监理
  [历史搜索] 左云县曌煜200MW风电项目监理
  [历史回填] 搜索项目：左云县曌煜200MW风电项目监理
  [POST失败1/3] ProxyError: HTTPSConnectionPool(host='prec.sxzwfw.gov.cn', port=443): Max retries exceeded with url: /queryContent-jyxx.jspx (Caused by ProxyError('Unable to connect to proxy', OSError('Tunnel connection failed: 436 Proxy Authentication Failed'))) | https://prec.sxzwfw.gov.cn/queryContent-jyxx.jspx
  [POST失败1/3] ConnectionError: ('Connection aborted.', ConnectionResetError(104, 'Connection reset by peer')) | https://prec.sxzwfw.gov.cn/queryContent-jyxx.jspx
  [POST失败2/3] ConnectionError: ('Connection aborted.', RemoteDisconnected('Remote end closed connection without response')) | https://prec.sxzwfw.gov.cn/queryContent-jyxx.jspx
    ✓ 历史招标公告
  → upsert 完成：招标公告

  [资格预审公告] 中国工商银行大同分行营业办公用房迁建项目装修及配套工程
  [历史搜索] 中国工商银行大同分行营业办公用房迁建项目装修及配套工程
  [历史回填] 搜索项目：中国工商银行大同分行营业办公用房迁建项目装修及配套工程
    ✓ 历史招标公告
  [POST失败1/3] ReadTimeout: HTTPSConnectionPool(host='prec.sxzwfw.gov.cn', port=443): Read timed out. (read timeout=18) | https://prec.sxzwfw.gov.cn/queryContent-jyxx.jspx
  [POST失败2/3] ConnectionError: ('Connection aborted.', RemoteDisconnected('Remote end closed connection without response')) | https://prec.sxzwfw.gov.cn/queryContent-jyxx.jspx
  [POST失败3/3] ConnectionError: ('Connection aborted.', RemoteDisconnected('Remote end closed connection without response')) | https://prec.sxzwfw.gov.cn/queryContent-jyxx.jspx
  [POST失败1/3] ConnectionError: ('Connection aborted.', RemoteDisconnected('Remote end closed connection without response')) | https://prec.sxzwfw.gov.cn/queryContent-jyxx.jspx
  [POST失败2/3] ConnectionError: ('Connection aborted.', RemoteDisconnected('Remote end closed connection without response')) | https://prec.sxzwfw.gov.cn/queryContent-jyxx.jspx
  → upsert 完成：资格预审公告

  [招标公告] 闻喜县后夏线（河底-裴社）道路改造工程施工
  [GET失败1/3] ConnectionError: ('Connection aborted.', ConnectionResetError(104, 'Connection reset by peer')) | https://prec.sxzwfw.gov.cn/jyxxgczb/1070585.jhtml
  [历史搜索] 闻喜县后夏线（河底-裴社）道路改造工程施工
  [历史回填] 搜索项目：闻喜县后夏线（河底-裴社）道路改造工程施工
  [POST失败1/3] ConnectionError: ('Connection aborted.', ConnectionResetError(104, 'Connection reset by peer')) | https://prec.sxzwfw.gov.cn/queryContent-jyxx.jspx
  [POST失败2/3] ProxyError: HTTPSConnectionPool(host='prec.sxzwfw.gov.cn', port=443): Max retries exceeded with url: /queryContent-jyxx.jspx (Caused by ProxyError('Unable to connect to proxy', OSError('Tunnel connection failed: 407 Proxy Authentication Required'))) | https://prec.sxzwfw.gov.cn/queryContent-jyxx.jspx
    ✓ 历史招标公告
  [POST失败1/3] ReadTimeout: HTTPSConnectionPool(host='prec.sxzwfw.gov.cn', port=443): Read timed out. (read timeout=18) | https://prec.sxzwfw.gov.cn/queryContent-jyxx.jspx
  → upsert 完成：招标公告

  [招标公告] 宁武县2026年农村公路改造项目施工
  [GET失败1/3] ProxyError: HTTPSConnectionPool(host='prec.sxzwfw.gov.cn', port=443): Max retries exceeded with url: /jyxxgczb/1070548.jhtml (Caused by ProxyError('Unable to connect to proxy', RemoteDisconnected('Remote end closed connection without response'))) | https://prec.sxzwfw.gov.cn/jyxxgczb/1070548.jhtml
  [GET失败2/3] ConnectionError: ('Connection aborted.', ConnectionResetError(104, 'Connection reset by peer')) | https://prec.sxzwfw.gov.cn/jyxxgczb/1070548.jhtml
  [历史搜索] 宁武县2026年农村公路改造项目施工
  [历史回填] 搜索项目：宁武县2026年农村公路改造项目施工
    ✓ 历史招标公告
  [POST失败1/3] ConnectionError: ('Connection aborted.', ConnectionResetError(104, 'Connection reset by peer')) | https://prec.sxzwfw.gov.cn/queryContent-jyxx.jspx
  [POST失败2/3] ConnectionError: ('Connection aborted.', ConnectionResetError(104, 'Connection reset by peer')) | https://prec.sxzwfw.gov.cn/queryContent-jyxx.jspx
  → upsert 完成：招标公告

  [招标公告] 山西省大同市晋北地区高原风沙源生态保护和修复项目（“三北”工程大同市晋北地区高原风沙源生态保护和修复项目灵丘县2026年人工造林、封山育林）
  [GET失败1/3] ConnectionError: ('Connection aborted.', ConnectionResetError(104, 'Connection reset by peer')) | https://prec.sxzwfw.gov.cn/jyxxgczb/1070536.jhtml
  [历史搜索] 山西省大同市晋北地区高原风沙源生态保护和修复项目（“三北”工程大同市晋北地区高原风沙源生态保护和修复项目灵丘县2026年人工造林、封山育林）
  [历史回填] 搜索项目：山西省大同市晋北地区高原风沙源生态保护和修复项目（“三北”工程大同市晋北地区高原风沙源生态保护和修复项目灵丘县2026年人工造林、封山育林）
  [POST失败1/3] ProxyError: HTTPSConnectionPool(host='prec.sxzwfw.gov.cn', port=443): Max retries exceeded with url: /queryContent-jyxx.jspx (Caused by ProxyError('Unable to connect to proxy', RemoteDisconnected('Remote end closed connection without response'))) | https://prec.sxzwfw.gov.cn/queryContent-jyxx.jspx
    ✓ 历史招标计划
  [GET失败1/3] ConnectionError: ('Connection aborted.', ConnectionResetError(104, 'Connection reset by peer')) | https://prec.sxzwfw.gov.cn/jyxxgczb/1070536.jhtml
    ✓ 历史招标公告
  → upsert 完成：招标公告

  [招标公告] 阳泉市桃河生态综合治理再生水净化工程EPC总承包监理
  [历史搜索] 阳泉市桃河生态综合治理再生水净化工程EPC总承包监理
  [历史回填] 搜索项目：阳泉市桃河生态综合治理再生水净化工程EPC总承包监理
    ✓ 历史招标公告
  [POST失败1/3] ConnectionError: ('Connection aborted.', ConnectionResetError(104, 'Connection reset by peer')) | https://prec.sxzwfw.gov.cn/queryContent-jyxx.jspx
  → upsert 完成：招标公告

  [招标公告] 南村镇段匠村居民住宅楼项目二次招标
  [历史搜索] 南村镇段匠村居民住宅楼项目二次招标
  [历史回填] 搜索项目：南村镇段匠村居民住宅楼项目二次招标
    ✓ 历史招标公告
  → upsert 完成：招标公告

  [招标公告] 万荣县2026年农村公路建设工程(南薛朝至百帝、乔薛至乔薛堡)
  [GET失败1/3] ReadTimeout: HTTPSConnectionPool(host='prec.sxzwfw.gov.cn', port=443): Read timed out. (read timeout=15) | https://prec.sxzwfw.gov.cn/jyxxgczb/1070529.jhtml
  [历史搜索] 万荣县2026年农村公路建设工程(南薛朝至百帝、乔薛至乔薛堡)
  [历史回填] 搜索项目：万荣县2026年农村公路建设工程(南薛朝至百帝、乔薛至乔薛堡)
    ✓ 历史招标公告
  [POST失败1/3] ConnectionError: ('Connection aborted.', RemoteDisconnected('Remote end closed connection without response')) | https://prec.sxzwfw.gov.cn/queryContent-jyxx.jspx
  [POST失败1/3] ReadTimeout: HTTPSConnectionPool(host='prec.sxzwfw.gov.cn', port=443): Read timed out. (read timeout=18) | https://prec.sxzwfw.gov.cn/queryContent-jyxx.jspx
  → upsert 完成：招标公告

  [跳过-控制价] 朔州市市区西北出口道路改造工程山西朔州朔城区10kV大运I、II回线迁改工程(1标段)招标控制价

  [招标公告] 万荣县汾河旅游公路（万荣段西范至西范桥）建设工程
  [历史搜索] 万荣县汾河旅游公路（万荣段西范至西范桥）建设工程
  [历史回填] 搜索项目：万荣县汾河旅游公路（万荣段西范至西范桥）建设工程
  [POST失败1/3] ProxyError: HTTPSConnectionPool(host='prec.sxzwfw.gov.cn', port=443): Max retries exceeded with url: /queryContent-jyxx.jspx (Caused by ProxyError('Unable to connect to proxy', RemoteDisconnected('Remote end closed connection without response'))) | https://prec.sxzwfw.gov.cn/queryContent-jyxx.jspx
  [GET失败1/3] ProxyError: HTTPSConnectionPool(host='prec.sxzwfw.gov.cn', port=443): Max retries exceeded with url: /jyxxzbjh/986673.jhtml (Caused by ProxyError('Unable to connect to proxy', OSError('Tunnel connection failed: 645 Proxy Authentication In Black List'))) | https://prec.sxzwfw.gov.cn/jyxxzbjh/986673.jhtml
    ✓ 历史招标计划
    ✓ 历史招标公告
  [POST失败1/3] ConnectionError: ('Connection aborted.', ConnectionResetError(104, 'Connection reset by peer')) | https://prec.sxzwfw.gov.cn/queryContent-jyxx.jspx
  → upsert 完成：招标公告

  [跳过-控制价] 襄垣经开区中瑞瑞恒道路工程施工招标控制价

  [招标公告] 汾酒2030技改原酒产储能扩建项目(一期)配套工程东区出入口与武寨路衔接工程施工
  [历史搜索] 汾酒2030技改原酒产储能扩建项目(一期)配套工程东区出入口与武寨路衔接工程施工
  [历史回填] 搜索项目：汾酒2030技改原酒产储能扩建项目(一期)配套工程东区出入口与武寨路衔接工程施工
  [POST失败1/3] ReadTimeout: HTTPSConnectionPool(host='prec.sxzwfw.gov.cn', port=443): Read timed out. (read timeout=18) | https://prec.sxzwfw.gov.cn/queryContent-jyxx.jspx
  [POST失败1/3] ProxyError: HTTPSConnectionPool(host='prec.sxzwfw.gov.cn', port=443): Max retries exceeded with url: /queryContent-jyxx.jspx (Caused by ProxyError('Unable to connect to proxy', OSError('Tunnel connection failed: 407 Proxy Authentication Required'))) | https://prec.sxzwfw.gov.cn/queryContent-jyxx.jspx
  [GET失败1/3] ReadTimeout: HTTPSConnectionPool(host='prec.sxzwfw.gov.cn', port=443): Read timed out. (read timeout=15) | https://prec.sxzwfw.gov.cn/jyxxgczb/1070436.jhtml
  [GET失败2/3] ReadTimeout: HTTPSConnectionPool(host='prec.sxzwfw.gov.cn', port=443): Read timed out. (read timeout=15) | https://prec.sxzwfw.gov.cn/jyxxgczb/1070436.jhtml
    ✓ 历史招标公告
  → upsert 完成：招标公告

  [跳过-控制价] 汾酒2030技改原酒产储能扩建项目(一期)配套工程东区出入口与武寨路衔接工程施工招标控制价

  [招标公告] 臧寨乡现代农业示范基地二期项目
  [历史搜索] 臧寨乡现代农业示范基地二期项目
  [历史回填] 搜索项目：臧寨乡现代农业示范基地二期项目
  [POST失败1/3] ConnectionError: ('Connection aborted.', RemoteDisconnected('Remote end closed connection without response')) | https://prec.sxzwfw.gov.cn/queryContent-jyxx.jspx
  [GET失败1/3] ReadTimeout: HTTPSConnectionPool(host='prec.sxzwfw.gov.cn', port=443): Read timed out. (read timeout=15) | https://prec.sxzwfw.gov.cn/jyxxgczb/1070418.jhtml
  [GET失败2/3] ProxyError: HTTPSConnectionPool(host='prec.sxzwfw.gov.cn', port=443): Max retries exceeded with url: /jyxxgczb/1070418.jhtml (Caused by ProxyError('Unable to connect to proxy', RemoteDisconnected('Remote end closed connection without response'))) | https://prec.sxzwfw.gov.cn/jyxxgczb/1070418.jhtml
  [GET失败3/3] ReadTimeout: HTTPSConnectionPool(host='prec.sxzwfw.gov.cn', port=443): Read timed out. (read timeout=15) | https://prec.sxzwfw.gov.cn/jyxxgczb/1070418.jhtml
    ✓ 历史招标公告
  [POST失败1/3] ConnectionError: ('Connection aborted.', ConnectionResetError(104, 'Connection reset by peer')) | https://prec.sxzwfw.gov.cn/queryContent-jyxx.jspx
  [POST失败1/3] ReadTimeout: HTTPSConnectionPool(host='prec.sxzwfw.gov.cn', port=443): Read timed out. (read timeout=18) | https://prec.sxzwfw.gov.cn/queryContent-jyxx.jspx
  [POST失败2/3] ConnectionError: ('Connection aborted.', ConnectionResetError(104, 'Connection reset by peer')) | https://prec.sxzwfw.gov.cn/queryContent-jyxx.jspx
  → upsert 完成：招标公告

  [未知公告] 翼城县集中供热管网改造及新能源热源替代项目施工二标段最高投标限价公示
  [历史搜索] 翼城县集中供热管网改造及新能源热源替代项目施工二标段最高投标限价公示
  [历史回填] 搜索项目：翼城县集中供热管网改造及新能源热源替代项目施工二标段最高投标限价公示
  [POST失败1/3] ReadTimeout: HTTPSConnectionPool(host='prec.sxzwfw.gov.cn', port=443): Read timed out. (read timeout=18) | https://prec.sxzwfw.gov.cn/queryContent-jyxx.jspx
  [POST失败2/3] ReadTimeout: HTTPSConnectionPool(host='prec.sxzwfw.gov.cn', port=443): Read timed out. (read timeout=18) | https://prec.sxzwfw.gov.cn/queryContent-jyxx.jspx
  → upsert 完成：未知公告

===== 第三步：变更公告 =====
  [列表] channelId=13 第1页...
  [POST失败1/3] ProxyError: HTTPSConnectionPool(host='prec.sxzwfw.gov.cn', port=443): Max retries exceeded with url: /queryContent-jyxx.jspx (Caused by ProxyError('Unable to connect to proxy', OSError('Tunnel connection failed: 436 Proxy Authentication Failed'))) | https://prec.sxzwfw.gov.cn/queryContent-jyxx.jspx
  [列表] 总条数=3，当前已获取=3
  [列表] 共 3 条

  [延期公告] 古县中小学幼儿园消防改造工程(专项整治)变更及
  [历史搜索] 古县中小学幼儿园消防改造工程(专项整治)变更及
  [历史回填] 搜索项目：古县中小学幼儿园消防改造工程(专项整治)变更及
  [POST失败1/3] ConnectionError: ('Connection aborted.', ConnectionResetError(104, 'Connection reset by peer')) | https://prec.sxzwfw.gov.cn/queryContent-jyxx.jspx
  → upsert 完成：延期公告

  [变更公告] 侯马开发区钢基新材料基地基础配套设施建设项目-
  [历史搜索] 侯马开发区钢基新材料基地基础配套设施建设项目-
  [历史回填] 搜索项目：侯马开发区钢基新材料基地基础配套设施建设项目-
    ✓ 历史招标公告
  → upsert 完成：变更公告

  [变更公告] 介休市农村饮水安全标准化建设工程10kV配电工程招标
  [历史搜索] 介休市农村饮水安全标准化建设工程10kV配电工程招标
  [历史回填] 搜索项目：介休市农村饮水安全标准化建设工程10kV配电工程招标
  [GET失败1/3] ReadTimeout: HTTPSConnectionPool(host='prec.sxzwfw.gov.cn', port=443): Read timed out. (read timeout=15) | https://prec.sxzwfw.gov.cn/jyxxgczb/1069288.jhtml
    ✓ 历史招标公告
  → upsert 完成：变更公告

===== 第四步：中标候选人公示 =====
  [列表] channelId=14 第1页...
  [POST失败1/3] ReadTimeout: HTTPSConnectionPool(host='prec.sxzwfw.gov.cn', port=443): Read timed out. (read timeout=18) | https://prec.sxzwfw.gov.cn/queryContent-jyxx.jspx
  [列表] 总条数=24，当前已获取=10
  [列表] channelId=14 第2页...
  [POST失败1/3] ReadTimeout: HTTPSConnectionPool(host='prec.sxzwfw.gov.cn', port=443): Read timed out. (read timeout=18) | https://prec.sxzwfw.gov.cn/queryContent_2-jyxx.jspx
  [列表] 总条数=24，当前已获取=20
  [列表] channelId=14 第3页...
  [POST失败1/3] ReadTimeout: HTTPSConnectionPool(host='prec.sxzwfw.gov.cn', port=443): Read timed out. (read timeout=18) | https://prec.sxzwfw.gov.cn/queryContent_3-jyxx.jspx
  [列表] 总条数=24，当前已获取=24
  [列表] 共 24 条

  [中标候选人公示] 丹河流域(高平段)重点区域污水收集处理与水环境治理工程项目勘察
  [GET失败1/3] ConnectionError: ('Connection aborted.', ConnectionResetError(104, 'Connection reset by peer')) | https://prec.sxzwfw.gov.cn/jyxxgchxr/1070706.jhtml
  [GET失败2/3] ReadTimeout: HTTPSConnectionPool(host='prec.sxzwfw.gov.cn', port=443): Read timed out. (read timeout=15) | https://prec.sxzwfw.gov.cn/jyxxgchxr/1070706.jhtml
  [历史搜索] 丹河流域(高平段)重点区域污水收集处理与水环境治理工程项目勘察
  [历史回填] 搜索项目：丹河流域(高平段)重点区域污水收集处理与水环境治理工程项目勘察
    ✓ 历史招标公告
  [POST失败1/3] ConnectionError: ('Connection aborted.', ConnectionResetError(104, 'Connection reset by peer')) | https://prec.sxzwfw.gov.cn/queryContent-jyxx.jspx
    ✓ 历史候选人监督部门
  [POST失败1/3] ConnectionError: ('Connection aborted.', ConnectionResetError(104, 'Connection reset by peer')) | https://prec.sxzwfw.gov.cn/queryContent-jyxx.jspx
  → upsert 完成：中标候选人公示

  [中标候选人公示] 天镇县卅里铺乡(G512-廿里铺工业园区资源路产业路等2条)农村公路改造工程施工
  [历史搜索] 天镇县卅里铺乡(G512-廿里铺工业园区资源路产业路等2条)农村公路改造工程施工
  [历史回填] 搜索项目：天镇县卅里铺乡(G512-廿里铺工业园区资源路产业路等2条)农村公路改造工程施工
    ✓ 历史招标公告
  [POST失败1/3] ConnectionError: ('Connection aborted.', ConnectionResetError(104, 'Connection reset by peer')) | https://prec.sxzwfw.gov.cn/queryContent-jyxx.jspx
    ✓ 历史候选人监督部门
  → upsert 完成：中标候选人公示

  [中标候选人公示] 平陆县2026年村道水毁工程
  [历史搜索] 平陆县2026年村道水毁工程
  [历史回填] 搜索项目：平陆县2026年村道水毁工程
    ✓ 历史招标计划
  [POST失败1/3] ProxyError: HTTPSConnectionPool(host='prec.sxzwfw.gov.cn', port=443): Max retries exceeded with url: /queryContent-jyxx.jspx (Caused by ProxyError('Unable to connect to proxy', RemoteDisconnected('Remote end closed connection without response'))) | https://prec.sxzwfw.gov.cn/queryContent-jyxx.jspx
    ✓ 历史招标公告
  [POST失败1/3] ReadTimeout: HTTPSConnectionPool(host='prec.sxzwfw.gov.cn', port=443): Read timed out. (read timeout=18) | https://prec.sxzwfw.gov.cn/queryContent-jyxx.jspx
  [GET失败1/3] ConnectionError: ('Connection aborted.', ConnectionResetError(104, 'Connection reset by peer')) | https://prec.sxzwfw.gov.cn/jyxxgchxr/1070692.jhtml
    ✓ 历史候选人监督部门
  → upsert 完成：中标候选人公示

  [中标候选人公示] 山西阳泉矿区泊里煤矿项目15102工作面三号瓦斯鉴定巷定向长钻孔工程（15104、15106工作面系统巷揭煤）
  [GET失败1/3] ConnectionError: ('Connection aborted.', ConnectionResetError(104, 'Connection reset by peer')) | https://prec.sxzwfw.gov.cn/jyxxgchxr/1070680.jhtml
  [历史搜索] 山西阳泉矿区泊里煤矿项目15102工作面三号瓦斯鉴定巷定向长钻孔工程（15104、15106工作面系统巷揭煤）
  [历史回填] 搜索项目：山西阳泉矿区泊里煤矿项目15102工作面三号瓦斯鉴定巷定向长钻孔工程（15104、15106工作面系统巷揭煤）
    ✓ 历史招标计划
    ✓ 历史招标公告
    ✓ 历史候选人监督部门
  [POST失败1/3] ProxyError: HTTPSConnectionPool(host='prec.sxzwfw.gov.cn', port=443): Max retries exceeded with url: /queryContent-jyxx.jspx (Caused by ProxyError('Unable to connect to proxy', OSError('Tunnel connection failed: 407 Proxy Authentication Required'))) | https://prec.sxzwfw.gov.cn/queryContent-jyxx.jspx
  → upsert 完成：中标候选人公示

  [中标候选人公示] 和顺县新建污水处理厂及配套管网项目监理
  [历史搜索] 和顺县新建污水处理厂及配套管网项目监理
  [历史回填] 搜索项目：和顺县新建污水处理厂及配套管网项目监理
  [POST失败1/3] ProxyError: HTTPSConnectionPool(host='prec.sxzwfw.gov.cn', port=443): Max retries exceeded with url: /queryContent-jyxx.jspx (Caused by ProxyError('Unable to connect to proxy', OSError('Tunnel connection failed: 407 Proxy Authentication Required'))) | https://prec.sxzwfw.gov.cn/queryContent-jyxx.jspx
  [POST失败1/3] ReadTimeout: HTTPSConnectionPool(host='prec.sxzwfw.gov.cn', port=443): Read timed out. (read timeout=18) | https://prec.sxzwfw.gov.cn/queryContent-jyxx.jspx
    ✓ 历史招标公告
  [POST失败1/3] ReadTimeout: HTTPSConnectionPool(host='prec.sxzwfw.gov.cn', port=443): Read timed out. (read timeout=18) | https://prec.sxzwfw.gov.cn/queryContent-jyxx.jspx
  [GET失败1/3] ConnectionError: ('Connection aborted.', RemoteDisconnected('Remote end closed connection without response')) | https://prec.sxzwfw.gov.cn/jyxxgchxr/1070670.jhtml
    ✓ 历史候选人监督部门
  → upsert 完成：中标候选人公示

  [中标候选人公示] 太原市2022年小街小巷改造工程-西峰街、禧悦路-禧悦路道路工程施工
  [历史搜索] 太原市2022年小街小巷改造工程-西峰街、禧悦路-禧悦路道路工程施工
  [历史回填] 搜索项目：太原市2022年小街小巷改造工程-西峰街、禧悦路-禧悦路道路工程施工
    ✓ 历史招标计划
  [POST失败1/3] ProxyError: HTTPSConnectionPool(host='prec.sxzwfw.gov.cn', port=443): Max retries exceeded with url: /queryContent-jyxx.jspx (Caused by ProxyError('Unable to connect to proxy', OSError('Tunnel connection failed: 436 Proxy Authentication Failed'))) | https://prec.sxzwfw.gov.cn/queryContent-jyxx.jspx
    ✓ 历史招标公告
  [GET失败1/3] ProxyError: HTTPSConnectionPool(host='prec.sxzwfw.gov.cn', port=443): Max retries exceeded with url: /jyxxgchxr/1070661.jhtml (Caused by ProxyError('Unable to connect to proxy', OSError('Tunnel connection failed: 407 Proxy Authentication Required'))) | https://prec.sxzwfw.gov.cn/jyxxgchxr/1070661.jhtml
  [GET失败2/3] ProxyError: HTTPSConnectionPool(host='prec.sxzwfw.gov.cn', port=443): Max retries exceeded with url: /jyxxgchxr/1070661.jhtml (Caused by ProxyError('Unable to connect to proxy', OSError('Tunnel connection failed: 407 Proxy Authentication Required'))) | https://prec.sxzwfw.gov.cn/jyxxgchxr/1070661.jhtml
  [GET失败3/3] ProxyError: HTTPSConnectionPool(host='prec.sxzwfw.gov.cn', port=443): Max retries exceeded with url: /jyxxgchxr/1070661.jhtml (Caused by ProxyError('Unable to connect to proxy', OSError('Tunnel connection failed: 407 Proxy Authentication Required'))) | https://prec.sxzwfw.gov.cn/jyxxgchxr/1070661.jhtml
    ✓ 历史候选人监督部门
  → upsert 完成：中标候选人公示

  [中标候选人公示] 原平市2025年农村公路灾毁改造工程（裕隆社区-武彦等6条）施工项目
  [GET失败1/3] ConnectionError: ('Connection aborted.', ConnectionResetError(104, 'Connection reset by peer')) | https://prec.sxzwfw.gov.cn/jyxxgchxr/1070610.jhtml
  [GET失败2/3] ReadTimeout: HTTPSConnectionPool(host='prec.sxzwfw.gov.cn', port=443): Read timed out. (read timeout=15) | https://prec.sxzwfw.gov.cn/jyxxgchxr/1070610.jhtml
  [历史搜索] 原平市2025年农村公路灾毁改造工程（裕隆社区-武彦等6条）施工项目
  [历史回填] 搜索项目：原平市2025年农村公路灾毁改造工程（裕隆社区-武彦等6条）施工项目
  [POST失败1/3] ConnectionError: ('Connection aborted.', RemoteDisconnected('Remote end closed connection without response')) | https://prec.sxzwfw.gov.cn/queryContent-jyxx.jspx
  [GET失败1/3] ReadTimeout: HTTPSConnectionPool(host='prec.sxzwfw.gov.cn', port=443): Read timed out. (read timeout=15) | https://prec.sxzwfw.gov.cn/jyxxgchxr/1070610.jhtml
    ✓ 历史候选人监督部门
  [POST失败1/3] ReadTimeout: HTTPSConnectionPool(host='prec.sxzwfw.gov.cn', port=443): Read timed out. (read timeout=18) | https://prec.sxzwfw.gov.cn/queryContent-jyxx.jspx
  → upsert 完成：中标候选人公示

  [中标候选人公示] 中共沁县县委党校培训基地改造提升工程建设项目施工
  [GET失败1/3] ProxyError: HTTPSConnectionPool(host='prec.sxzwfw.gov.cn', port=443): Max retries exceeded with url: /jyxxgchxr/1070582.jhtml (Caused by ProxyError('Unable to connect to proxy', OSError('Tunnel connection failed: 436 Proxy Authentication Failed'))) | https://prec.sxzwfw.gov.cn/jyxxgchxr/1070582.jhtml
  [历史搜索] 中共沁县县委党校培训基地改造提升工程建设项目施工
  [历史回填] 搜索项目：中共沁县县委党校培训基地改造提升工程建设项目施工
  [POST失败1/3] ConnectionError: ('Connection aborted.', ConnectionResetError(104, 'Connection reset by peer')) | https://prec.sxzwfw.gov.cn/queryContent-jyxx.jspx
  [POST失败2/3] ConnectionError: ('Connection aborted.', ConnectionResetError(104, 'Connection reset by peer')) | https://prec.sxzwfw.gov.cn/queryContent-jyxx.jspx
    ✓ 历史招标公告
    ✓ 历史候选人监督部门
  → upsert 完成：中标候选人公示

  [中标候选人公示] 大禹渡灌区新增恢复灌溉面积工程2026年度项目二次中标候选人公示更正
  [历史搜索] 大禹渡灌区新增恢复灌溉面积工程2026年度项目二次中标候选人公示更正
  [历史回填] 搜索项目：大禹渡灌区新增恢复灌溉面积工程2026年度项目二次中标候选人公示更正
  [POST失败1/3] ProxyError: HTTPSConnectionPool(host='prec.sxzwfw.gov.cn', port=443): Max retries exceeded with url: /queryContent-jyxx.jspx (Caused by ProxyError('Unable to connect to proxy', OSError('Tunnel connection failed: 407 Proxy Authentication Required'))) | https://prec.sxzwfw.gov.cn/queryContent-jyxx.jspx
    ✓ 历史候选人监督部门
  → upsert 完成：中标候选人公示

  [中标候选人公示] 浑源县教育局建设工程消防改造专项整治一期项目
  [历史搜索] 浑源县教育局建设工程消防改造专项整治一期项目
  [历史回填] 搜索项目：浑源县教育局建设工程消防改造专项整治一期项目
    ✓ 历史招标计划
    ✓ 历史招标公告
    ✓ 历史候选人监督部门
  → upsert 完成：中标候选人公示

  [中标候选人公示] 沁水县郑庄镇南大村薄膜大棚基地建设项目
  [历史搜索] 沁水县郑庄镇南大村薄膜大棚基地建设项目
  [历史回填] 搜索项目：沁水县郑庄镇南大村薄膜大棚基地建设项目
  [GET失败1/3] ReadTimeout: HTTPSConnectionPool(host='prec.sxzwfw.gov.cn', port=443): Read timed out. (read timeout=15) | https://prec.sxzwfw.gov.cn/jyxxzbjh/1052098.jhtml
    ✓ 历史招标计划
    ✓ 历史招标公告
  [POST失败1/3] ReadTimeout: HTTPSConnectionPool(host='prec.sxzwfw.gov.cn', port=443): Read timed out. (read timeout=18) | https://prec.sxzwfw.gov.cn/queryContent-jyxx.jspx
  [POST失败2/3] ReadTimeout: HTTPSConnectionPool(host='prec.sxzwfw.gov.cn', port=443): Read timed out. (read timeout=18) | https://prec.sxzwfw.gov.cn/queryContent-jyxx.jspx
    ✓ 历史候选人监督部门
  → upsert 完成：中标候选人公示

  [中标候选人公示] 大同市云冈区供水管网及设施更新改造项目
  [GET失败1/3] ReadTimeout: HTTPSConnectionPool(host='prec.sxzwfw.gov.cn', port=443): Read timed out. (read timeout=15) | https://prec.sxzwfw.gov.cn/jyxxgchxr/1070535.jhtml
  [历史搜索] 大同市云冈区供水管网及设施更新改造项目
  [历史回填] 搜索项目：大同市云冈区供水管网及设施更新改造项目
    ✓ 历史招标计划
    ✓ 历史招标公告
    ✓ 历史候选人监督部门
    ✓ 历史结果监督部门
  → upsert 完成：中标候选人公示

  [中标候选人公示] 天镇县乡道卅赵线一于家窑线公路改造工程施工
  [历史搜索] 天镇县乡道卅赵线一于家窑线公路改造工程施工
  [历史回填] 搜索项目：天镇县乡道卅赵线一于家窑线公路改造工程施工
    ✓ 历史招标公告
  [POST失败1/3] ProxyError: HTTPSConnectionPool(host='prec.sxzwfw.gov.cn', port=443): Max retries exceeded with url: /queryContent-jyxx.jspx (Caused by ProxyError('Unable to connect to proxy', OSError('Tunnel connection failed: 407 Proxy Authentication Required'))) | https://prec.sxzwfw.gov.cn/queryContent-jyxx.jspx
    ✓ 历史候选人监督部门
  → upsert 完成：中标候选人公示

  [中标候选人公示] “两站一场”城市更新项目——枢纽改造及智慧化建设工程设计
  [历史搜索] “两站一场”城市更新项目——枢纽改造及智慧化建设工程设计
  [历史回填] 搜索项目：“两站一场”城市更新项目——枢纽改造及智慧化建设工程设计
  [POST失败1/3] ReadTimeout: HTTPSConnectionPool(host='prec.sxzwfw.gov.cn', port=443): Read timed out. (read timeout=18) | https://prec.sxzwfw.gov.cn/queryContent-jyxx.jspx
  [POST失败1/3] ReadTimeout: HTTPSConnectionPool(host='prec.sxzwfw.gov.cn', port=443): Read timed out. (read timeout=18) | https://prec.sxzwfw.gov.cn/queryContent-jyxx.jspx
  [POST失败2/3] ReadTimeout: HTTPSConnectionPool(host='prec.sxzwfw.gov.cn', port=443): Read timed out. (read timeout=18) | https://prec.sxzwfw.gov.cn/queryContent-jyxx.jspx
  [POST失败3/3] ConnectionError: ('Connection aborted.', ConnectionResetError(104, 'Connection reset by peer')) | https://prec.sxzwfw.gov.cn/queryContent-jyxx.jspx
    ✓ 历史候选人监督部门
  → upsert 完成：中标候选人公示

  [中标候选人公示] 中北高新区上兰能源岛供热工程蓄热罐装置采购及服务
  [历史搜索] 中北高新区上兰能源岛供热工程蓄热罐装置采购及服务
  [历史回填] 搜索项目：中北高新区上兰能源岛供热工程蓄热罐装置采购及服务
  [GET失败1/3] ProxyError: HTTPSConnectionPool(host='prec.sxzwfw.gov.cn', port=443): Max retries exceeded with url: /jyxxgczb/1059777.jhtml (Caused by ProxyError('Unable to connect to proxy', OSError('Tunnel connection failed: 645 Proxy Authentication In Black List'))) | https://prec.sxzwfw.gov.cn/jyxxgczb/1059777.jhtml
    ✓ 历史招标公告
  [GET失败1/3] ProxyError: HTTPSConnectionPool(host='prec.sxzwfw.gov.cn', port=443): Max retries exceeded with url: /jyxxgchxr/1070491.jhtml (Caused by ProxyError('Unable to connect to proxy', OSError('Tunnel connection failed: 407 Proxy Authentication Required'))) | https://prec.sxzwfw.gov.cn/jyxxgchxr/1070491.jhtml
    ✓ 历史候选人监督部门
  → upsert 完成：中标候选人公示

  [中标候选人公示] 山阴县第四中学校教学楼加固改造工程
  [GET失败1/3] ConnectionError: ('Connection aborted.', ConnectionResetError(104, 'Connection reset by peer')) | https://prec.sxzwfw.gov.cn/jyxxgchxr/1070482.jhtml
  [GET失败2/3] ReadTimeout: HTTPSConnectionPool(host='prec.sxzwfw.gov.cn', port=443): Read timed out. (read timeout=15) | https://prec.sxzwfw.gov.cn/jyxxgchxr/1070482.jhtml
  [GET失败3/3] ProxyError: HTTPSConnectionPool(host='prec.sxzwfw.gov.cn', port=443): Max retries exceeded with url: /jyxxgchxr/1070482.jhtml (Caused by ProxyError('Unable to connect to proxy', OSError('Tunnel connection failed: 407 Proxy Authentication Required'))) | https://prec.sxzwfw.gov.cn/jyxxgchxr/1070482.jhtml
  [历史搜索] 山阴县第四中学校教学楼加固改造工程
  [历史回填] 搜索项目：山阴县第四中学校教学楼加固改造工程
  [POST失败1/3] ConnectionError: ('Connection aborted.', ConnectionResetError(104, 'Connection reset by peer')) | https://prec.sxzwfw.gov.cn/queryContent-jyxx.jspx
  [GET失败1/3] ReadTimeout: HTTPSConnectionPool(host='prec.sxzwfw.gov.cn', port=443): Read timed out. (read timeout=15) | https://prec.sxzwfw.gov.cn/jyxxzbjh/1061159.jhtml
  [GET失败2/3] ConnectionError: ('Connection aborted.', ConnectionResetError(104, 'Connection reset by peer')) | https://prec.sxzwfw.gov.cn/jyxxzbjh/1061159.jhtml
    ✓ 历史招标计划
  [POST失败1/3] ReadTimeout: HTTPSConnectionPool(host='prec.sxzwfw.gov.cn', port=443): Read timed out. (read timeout=18) | https://prec.sxzwfw.gov.cn/queryContent-jyxx.jspx
  [POST失败2/3] ConnectionError: ('Connection aborted.', RemoteDisconnected('Remote end closed connection without response')) | https://prec.sxzwfw.gov.cn/queryContent-jyxx.jspx
    ✓ 历史招标公告
  [POST失败1/3] ConnectionError: ('Connection aborted.', ConnectionResetError(104, 'Connection reset by peer')) | https://prec.sxzwfw.gov.cn/queryContent-jyxx.jspx
  [POST失败1/3] ConnectionError: ('Connection aborted.', ConnectionResetError(104, 'Connection reset by peer')) | https://prec.sxzwfw.gov.cn/queryContent-jyxx.jspx
    ✓ 历史候选人监督部门
  [POST失败1/3] ProxyError: HTTPSConnectionPool(host='prec.sxzwfw.gov.cn', port=443): Max retries exceeded with url: /queryContent-jyxx.jspx (Caused by ProxyError('Unable to connect to proxy', OSError('Tunnel connection failed: 436 Proxy Authentication Failed'))) | https://prec.sxzwfw.gov.cn/queryContent-jyxx.jspx
  → upsert 完成：中标候选人公示

  [中标候选人公示] 襄垣县朝阳新区电力工程
  [历史搜索] 襄垣县朝阳新区电力工程
  [历史回填] 搜索项目：襄垣县朝阳新区电力工程
  [POST失败1/3] ReadTimeout: HTTPSConnectionPool(host='prec.sxzwfw.gov.cn', port=443): Read timed out. (read timeout=18) | https://prec.sxzwfw.gov.cn/queryContent-jyxx.jspx
    ✓ 历史招标计划
    ✓ 历史招标公告
  [POST失败1/3] ReadTimeout: HTTPSConnectionPool(host='prec.sxzwfw.gov.cn', port=443): Read timed out. (read timeout=18) | https://prec.sxzwfw.gov.cn/queryContent-jyxx.jspx
    ✓ 历史候选人监督部门
  [POST失败1/3] ReadTimeout: HTTPSConnectionPool(host='prec.sxzwfw.gov.cn', port=443): Read timed out. (read timeout=18) | https://prec.sxzwfw.gov.cn/queryContent-jyxx.jspx
  → upsert 完成：中标候选人公示

  [中标候选人公示] 天镇县100MW风力发电项目EPC总承包
  [历史搜索] 天镇县100MW风力发电项目EPC总承包
  [历史回填] 搜索项目：天镇县100MW风力发电项目EPC总承包
  [POST失败1/3] ReadTimeout: HTTPSConnectionPool(host='prec.sxzwfw.gov.cn', port=443): Read timed out. (read timeout=18) | https://prec.sxzwfw.gov.cn/queryContent-jyxx.jspx
    ✓ 历史招标公告
  [POST失败1/3] ReadTimeout: HTTPSConnectionPool(host='prec.sxzwfw.gov.cn', port=443): Read timed out. (read timeout=18) | https://prec.sxzwfw.gov.cn/queryContent-jyxx.jspx
  [POST失败2/3] ReadTimeout: HTTPSConnectionPool(host='prec.sxzwfw.gov.cn', port=443): Read timed out. (read timeout=18) | https://prec.sxzwfw.gov.cn/queryContent-jyxx.jspx
  [POST失败1/3] ReadTimeout: HTTPSConnectionPool(host='prec.sxzwfw.gov.cn', port=443): Read timed out. (read timeout=18) | https://prec.sxzwfw.gov.cn/queryContent-jyxx.jspx
    ✓ 历史候选人监督部门
  → upsert 完成：中标候选人公示

  [中标候选人公示] 大秦铁路股份有限公司太原供电段太中线上闫等、韩原线薛孤等、太兴线古交等牵引变电所无人化改造工程甲供物资采购项目项目(1,2,
  [历史搜索] 大秦铁路股份有限公司太原供电段太中线上闫等、韩原线薛孤等、太兴线古交等牵引变电所无人化改造工程甲供物资采购项目项目(1,2,
  [历史回填] 搜索项目：大秦铁路股份有限公司太原供电段太中线上闫等、韩原线薛孤等、太兴线古交等牵引变电所无人化改造工程甲供物资采购项目项目(1,2,
  [GET失败1/3] ReadTimeout: HTTPSConnectionPool(host='prec.sxzwfw.gov.cn', port=443): Read timed out. (read timeout=15) | https://prec.sxzwfw.gov.cn/jyxxgczb/1062210.jhtml
    ✓ 历史招标公告
    ✓ 历史候选人监督部门
  → upsert 完成：中标候选人公示

  [中标候选人公示] 天镇县100MW风力发电项目监理
  [历史搜索] 天镇县100MW风力发电项目监理
  [历史回填] 搜索项目：天镇县100MW风力发电项目监理
    ✓ 历史招标公告
    ✓ 历史候选人监督部门
  → upsert 完成：中标候选人公示

  [中标候选人公示] 杨家堡污水厂进水管网改造工程监理
  [历史搜索] 杨家堡污水厂进水管网改造工程监理
  [历史回填] 搜索项目：杨家堡污水厂进水管网改造工程监理
    ✓ 历史招标公告
    ✓ 历史候选人监督部门
  → upsert 完成：中标候选人公示

  [中标候选人公示] 侯马市学府路（合欢街-晋珠街）道路建设工程施工
  [历史搜索] 侯马市学府路（合欢街-晋珠街）道路建设工程施工
  [历史回填] 搜索项目：侯马市学府路（合欢街-晋珠街）道路建设工程施工
    ✓ 历史招标公告
    ✓ 历史候选人监督部门
  → upsert 完成：中标候选人公示

  [中标候选人公示] 尧都区居民区供水管网漏损治理及老化更新改造(一期)工程工程总承包（EPC）
  [GET失败1/3] ProxyError: HTTPSConnectionPool(host='prec.sxzwfw.gov.cn', port=443): Max retries exceeded with url: /jyxxgchxr/1070412.jhtml (Caused by ProxyError('Unable to connect to proxy', OSError('Tunnel connection failed: 407 Proxy Authentication Required'))) | https://prec.sxzwfw.gov.cn/jyxxgchxr/1070412.jhtml
  [GET失败2/3] ConnectionError: ('Connection aborted.', ConnectionResetError(104, 'Connection reset by peer')) | https://prec.sxzwfw.gov.cn/jyxxgchxr/1070412.jhtml
  [历史搜索] 尧都区居民区供水管网漏损治理及老化更新改造(一期)工程工程总承包（EPC）
  [历史回填] 搜索项目：尧都区居民区供水管网漏损治理及老化更新改造(一期)工程工程总承包（EPC）
  [POST失败1/3] ProxyError: HTTPSConnectionPool(host='prec.sxzwfw.gov.cn', port=443): Max retries exceeded with url: /queryContent-jyxx.jspx (Caused by ProxyError('Unable to connect to proxy', OSError('Tunnel connection failed: 407 Proxy Authentication Required'))) | https://prec.sxzwfw.gov.cn/queryContent-jyxx.jspx
  [POST失败1/3] ConnectionError: ('Connection aborted.', RemoteDisconnected('Remote end closed connection without response')) | https://prec.sxzwfw.gov.cn/queryContent-jyxx.jspx
    ✓ 历史招标公告
  [POST失败1/3] ReadTimeout: HTTPSConnectionPool(host='prec.sxzwfw.gov.cn', port=443): Read timed out. (read timeout=18) | https://prec.sxzwfw.gov.cn/queryContent-jyxx.jspx
  [GET失败1/3] ReadTimeout: HTTPSConnectionPool(host='prec.sxzwfw.gov.cn', port=443): Read timed out. (read timeout=15) | https://prec.sxzwfw.gov.cn/jyxxgchxr/1070412.jhtml
    ✓ 历史候选人监督部门
  → upsert 完成：中标候选人公示

  [中标候选人公示] 侯马市公共实训基地建设项目施工
  [历史搜索] 侯马市公共实训基地建设项目施工
  [历史回填] 搜索项目：侯马市公共实训基地建设项目施工
  [POST失败1/3] ReadTimeout: HTTPSConnectionPool(host='prec.sxzwfw.gov.cn', port=443): Read timed out. (read timeout=18) | https://prec.sxzwfw.gov.cn/queryContent-jyxx.jspx
  [POST失败2/3] ConnectionError: ('Connection aborted.', ConnectionResetError(104, 'Connection reset by peer')) | https://prec.sxzwfw.gov.cn/queryContent-jyxx.jspx
    ✓ 历史招标公告
  [POST失败1/3] ConnectionError: ('Connection aborted.', ConnectionResetError(104, 'Connection reset by peer')) | https://prec.sxzwfw.gov.cn/queryContent-jyxx.jspx
    ✓ 历史候选人监督部门
  → upsert 完成：中标候选人公示

===== 第五步：中标结果公示 =====
  [列表] channelId=15 第1页...
  [列表] 总条数=16，当前已获取=10
  [列表] channelId=15 第2页...
  [列表] 总条数=16，当前已获取=16
  [列表] 共 16 条

  [中标结果公示] 山西药科职业学院中药材产教融合实训基地项目-实训楼一层、二层装饰工程
  [历史搜索] 山西药科职业学院中药材产教融合实训基地项目-实训楼一层、二层装饰工程
  [历史回填] 搜索项目：山西药科职业学院中药材产教融合实训基地项目-实训楼一层、二层装饰工程
    ✓ 历史招标公告
  [GET失败1/3] ConnectionError: ('Connection aborted.', ConnectionResetError(104, 'Connection reset by peer')) | https://prec.sxzwfw.gov.cn/jyxxgchxr/1069349.jhtml
    ✓ 历史候选人监督部门
    ✓ 历史结果监督部门
  → upsert 完成：中标结果公示

  [中标结果公示] 大秦铁路股份有限公司大同电务段神池站联锁设备升级改造工程施工总价承包项目
  [历史搜索] 大秦铁路股份有限公司大同电务段神池站联锁设备升级改造工程施工总价承包项目
  [历史回填] 搜索项目：大秦铁路股份有限公司大同电务段神池站联锁设备升级改造工程施工总价承包项目
  [POST失败1/3] ConnectionError: ('Connection aborted.', ConnectionResetError(104, 'Connection reset by peer')) | https://prec.sxzwfw.gov.cn/queryContent-jyxx.jspx
  [GET失败1/3] ConnectionError: ('Connection aborted.', ConnectionResetError(104, 'Connection reset by peer')) | https://prec.sxzwfw.gov.cn/jyxxgczb/1060406.jhtml
  [GET失败2/3] ConnectionError: ('Connection aborted.', RemoteDisconnected('Remote end closed connection without response')) | https://prec.sxzwfw.gov.cn/jyxxgczb/1060406.jhtml
    ✓ 历史招标公告
  [POST失败1/3] ConnectionError: ('Connection aborted.', ConnectionResetError(104, 'Connection reset by peer')) | https://prec.sxzwfw.gov.cn/queryContent-jyxx.jspx
  [POST失败1/3] ProxyError: HTTPSConnectionPool(host='prec.sxzwfw.gov.cn', port=443): Max retries exceeded with url: /queryContent-jyxx.jspx (Caused by ProxyError('Unable to connect to proxy', RemoteDisconnected('Remote end closed connection without response'))) | https://prec.sxzwfw.gov.cn/queryContent-jyxx.jspx
  [POST失败2/3] ConnectionError: ('Connection aborted.', ConnectionResetError(104, 'Connection reset by peer')) | https://prec.sxzwfw.gov.cn/queryContent-jyxx.jspx
    ✓ 历史候选人监督部门
    ✓ 历史结果监督部门
  → upsert 完成：中标结果公示

  [中标结果公示] 大秦铁路股份有限公司大同电务段解家庄站联锁设备升级改造工程施工总价承包项目
  [历史搜索] 大秦铁路股份有限公司大同电务段解家庄站联锁设备升级改造工程施工总价承包项目
  [历史回填] 搜索项目：大秦铁路股份有限公司大同电务段解家庄站联锁设备升级改造工程施工总价承包项目
    ✓ 历史招标公告
    ✓ 历史候选人监督部门
    ✓ 历史结果监督部门
  → upsert 完成：中标结果公示

  [中标结果公示] 晋城市残疾人康复中心项目总承包（EPC）中标结果公告
  [历史搜索] 晋城市残疾人康复中心项目总承包（EPC）中标结果公告
  [历史回填] 搜索项目：晋城市残疾人康复中心项目总承包（EPC）中标结果公告
  [POST失败1/3] ConnectionError: ('Connection aborted.', ConnectionResetError(104, 'Connection reset by peer')) | https://prec.sxzwfw.gov.cn/queryContent-jyxx.jspx
    ✓ 历史结果监督部门
  → upsert 完成：中标结果公示

  [中标结果公示] 灵丘五中学生公寓楼、图书实验楼建设项目
  [历史搜索] 灵丘五中学生公寓楼、图书实验楼建设项目
  [历史回填] 搜索项目：灵丘五中学生公寓楼、图书实验楼建设项目
  [GET失败1/3] ReadTimeout: HTTPSConnectionPool(host='prec.sxzwfw.gov.cn', port=443): Read timed out. (read timeout=15) | https://prec.sxzwfw.gov.cn/jyxxzbjh/1028989.jhtml
  [GET失败2/3] ProxyError: HTTPSConnectionPool(host='prec.sxzwfw.gov.cn', port=443): Max retries exceeded with url: /jyxxzbjh/1028989.jhtml (Caused by ProxyError('Unable to connect to proxy', OSError('Tunnel connection failed: 407 Proxy Authentication Required'))) | https://prec.sxzwfw.gov.cn/jyxxzbjh/1028989.jhtml
    ✓ 历史招标计划
    ✓ 历史招标公告
  [GET失败1/3] ProxyError: HTTPSConnectionPool(host='prec.sxzwfw.gov.cn', port=443): Max retries exceeded with url: /jyxxgchxr/1069214.jhtml (Caused by ProxyError('Unable to connect to proxy', OSError('Tunnel connection failed: 407 Proxy Authentication Required'))) | https://prec.sxzwfw.gov.cn/jyxxgchxr/1069214.jhtml
    ✓ 历史候选人监督部门
  [POST失败1/3] ReadTimeout: HTTPSConnectionPool(host='prec.sxzwfw.gov.cn', port=443): Read timed out. (read timeout=18) | https://prec.sxzwfw.gov.cn/queryContent-jyxx.jspx
  [GET失败1/3] ProxyError: HTTPSConnectionPool(host='prec.sxzwfw.gov.cn', port=443): Max retries exceeded with url: /jyxxgcgs/1070601.jhtml (Caused by ProxyError('Unable to connect to proxy', OSError('Tunnel connection failed: 407 Proxy Authentication Required'))) | https://prec.sxzwfw.gov.cn/jyxxgcgs/1070601.jhtml
    ✓ 历史结果监督部门
  → upsert 完成：中标结果公示

  [中标结果公示] 大同市平城区供水管网及设施更新改造项目（一期）
  [GET失败1/3] ReadTimeout: HTTPSConnectionPool(host='prec.sxzwfw.gov.cn', port=443): Read timed out. (read timeout=15) | https://prec.sxzwfw.gov.cn/jyxxgcgs/1070594.jhtml
  [GET失败2/3] ReadTimeout: HTTPSConnectionPool(host='prec.sxzwfw.gov.cn', port=443): Read timed out. (read timeout=15) | https://prec.sxzwfw.gov.cn/jyxxgcgs/1070594.jhtml
  [GET失败3/3] ReadTimeout: HTTPSConnectionPool(host='prec.sxzwfw.gov.cn', port=443): Read timed out. (read timeout=15) | https://prec.sxzwfw.gov.cn/jyxxgcgs/1070594.jhtml
  [历史搜索] 大同市平城区供水管网及设施更新改造项目（一期）
  [历史回填] 搜索项目：大同市平城区供水管网及设施更新改造项目（一期）
    ✓ 历史招标公告
  [GET失败1/3] ConnectionError: ('Connection aborted.', ConnectionResetError(104, 'Connection reset by peer')) | https://prec.sxzwfw.gov.cn/jyxxgchxr/1069177.jhtml
  [GET失败2/3] ConnectionError: ('Connection aborted.', ConnectionResetError(104, 'Connection reset by peer')) | https://prec.sxzwfw.gov.cn/jyxxgchxr/1069177.jhtml
    ✓ 历史候选人监督部门
  [GET失败1/3] ReadTimeout: HTTPSConnectionPool(host='prec.sxzwfw.gov.cn', port=443): Read timed out. (read timeout=15) | https://prec.sxzwfw.gov.cn/jyxxgcgs/1070594.jhtml
  [GET失败2/3] ReadTimeout: HTTPSConnectionPool(host='prec.sxzwfw.gov.cn', port=443): Read timed out. (read timeout=15) | https://prec.sxzwfw.gov.cn/jyxxgcgs/1070594.jhtml
    ✓ 历史结果监督部门
  → upsert 完成：中标结果公示

  [中标结果公示] 大同市平城区、云冈区供热设备设施更新改造项目监理
  [GET失败1/3] ReadTimeout: HTTPSConnectionPool(host='prec.sxzwfw.gov.cn', port=443): Read timed out. (read timeout=15) | https://prec.sxzwfw.gov.cn/jyxxgcgs/1070556.jhtml
  [历史搜索] 大同市平城区、云冈区供热设备设施更新改造项目监理
  [历史回填] 搜索项目：大同市平城区、云冈区供热设备设施更新改造项目监理
    ✓ 历史招标公告
    ✓ 历史候选人监督部门
    ✓ 历史结果监督部门
  → upsert 完成：中标结果公示

  [中标结果公示] 代县城市地下管网及设施建设改造工程-东北街片区（分区一）施工项目
  [历史搜索] 代县城市地下管网及设施建设改造工程-东北街片区（分区一）施工项目
  [历史回填] 搜索项目：代县城市地下管网及设施建设改造工程-东北街片区（分区一）施工项目
    ✓ 历史候选人监督部门
    ✓ 历史结果监督部门
  → upsert 完成：中标结果公示

  [中标结果公示] 代县城市地下管网及设施建设改造工程-东北街片区（分区一）监理项目
  [历史搜索] 代县城市地下管网及设施建设改造工程-东北街片区（分区一）监理项目
  [历史回填] 搜索项目：代县城市地下管网及设施建设改造工程-东北街片区（分区一）监理项目
    ✓ 历史候选人监督部门
    ✓ 历史结果监督部门
  → upsert 完成：中标结果公示

  [中标结果公示] 太原供水集团有限公司配合雨污水混接节点改造等给水管线连通工程球墨铸铁管采购(二次)
  [历史搜索] 太原供水集团有限公司配合雨污水混接节点改造等给水管线连通工程球墨铸铁管采购(二次)
  [历史回填] 搜索项目：太原供水集团有限公司配合雨污水混接节点改造等给水管线连通工程球墨铸铁管采购(二次)
    ✓ 历史招标公告
    ✓ 历史候选人监督部门
    ✓ 历史结果监督部门
  → upsert 完成：中标结果公示

  [中标结果公示] 晋源区冶峪村城中村改造安置项目地块一1号楼、2号楼、3号楼、4号楼、办公楼、垃圾转运站、换热站、生活水泵房、门房、地下车库公区精装修工程
  [历史搜索] 晋源区冶峪村城中村改造安置项目地块一1号楼、2号楼、3号楼、4号楼、办公楼、垃圾转运站、换热站、生活水泵房、门房、地下车库公区精装修工程
  [历史回填] 搜索项目：晋源区冶峪村城中村改造安置项目地块一1号楼、2号楼、3号楼、4号楼、办公楼、垃圾转运站、换热站、生活水泵房、门房、地下车库公区精装修工程
    ✓ 历史招标公告
    ✓ 历史候选人监督部门
    ✓ 历史结果监督部门
  → upsert 完成：中标结果公示

  [中标结果公示] 2025年太原市建成区集中供热管网更新工程（第一批）施工二标段
  [历史搜索] 2025年太原市建成区集中供热管网更新工程（第一批）施工二标段
  [历史回填] 搜索项目：2025年太原市建成区集中供热管网更新工程（第一批）施工二标段
    ✓ 历史招标公告
    ✓ 历史候选人监督部门
    ✓ 历史结果监督部门
  → upsert 完成：中标结果公示

  [中标结果公示] 汾河流域城区段8处入河排口整治及规范化建设项目监理二标段
  [历史搜索] 汾河流域城区段8处入河排口整治及规范化建设项目监理二标段
  [历史回填] 搜索项目：汾河流域城区段8处入河排口整治及规范化建设项目监理二标段
    ✓ 历史招标公告
  [POST失败1/3] ProxyError: HTTPSConnectionPool(host='prec.sxzwfw.gov.cn', port=443): Max retries exceeded with url: /queryContent-jyxx.jspx (Caused by ProxyError('Unable to connect to proxy', OSError('Tunnel connection failed: 407 Proxy Authentication Required'))) | https://prec.sxzwfw.gov.cn/queryContent-jyxx.jspx
    ✓ 历史候选人监督部门
    ✓ 历史结果监督部门
  → upsert 完成：中标结果公示

  [中标结果公示] 泽州县丹溪片区集中供热建设项目（EPC）总承包中标结果公告
  [历史搜索] 泽州县丹溪片区集中供热建设项目（EPC）总承包中标结果公告
  [历史回填] 搜索项目：泽州县丹溪片区集中供热建设项目（EPC）总承包中标结果公告
  [POST失败1/3] ConnectionError: ('Connection aborted.', ConnectionResetError(104, 'Connection reset by peer')) | https://prec.sxzwfw.gov.cn/queryContent-jyxx.jspx
  [POST失败1/3] ConnectionError: ('Connection aborted.', RemoteDisconnected('Remote end closed connection without response')) | https://prec.sxzwfw.gov.cn/queryContent-jyxx.jspx
  [POST失败1/3] ConnectionError: ('Connection aborted.', ConnectionResetError(104, 'Connection reset by peer')) | https://prec.sxzwfw.gov.cn/queryContent-jyxx.jspx
    ✓ 历史结果监督部门
  → upsert 完成：中标结果公示

  [中标结果公示] 万荣县2024年农村人居环境整治提升项目（二期）
  [GET失败1/3] ConnectionError: ('Connection aborted.', RemoteDisconnected('Remote end closed connection without response')) | https://prec.sxzwfw.gov.cn/jyxxgcgs/1070441.jhtml
  [历史搜索] 万荣县2024年农村人居环境整治提升项目（二期）
  [历史回填] 搜索项目：万荣县2024年农村人居环境整治提升项目（二期）
  [POST失败1/3] ReadTimeout: HTTPSConnectionPool(host='prec.sxzwfw.gov.cn', port=443): Read timed out. (read timeout=18) | https://prec.sxzwfw.gov.cn/queryContent-jyxx.jspx
    ✓ 历史招标计划
  [POST失败1/3] ConnectionError: ('Connection aborted.', ConnectionResetError(104, 'Connection reset by peer')) | https://prec.sxzwfw.gov.cn/queryContent-jyxx.jspx
    ✓ 历史招标公告
  [GET失败1/3] ReadTimeout: HTTPSConnectionPool(host='prec.sxzwfw.gov.cn', port=443): Read timed out. (read timeout=15) | https://prec.sxzwfw.gov.cn/jyxxgchxr/1069018.jhtml
    ✓ 历史候选人监督部门
  [POST失败1/3] ProxyError: HTTPSConnectionPool(host='prec.sxzwfw.gov.cn', port=443): Max retries exceeded with url: /queryContent-jyxx.jspx (Caused by ProxyError('Unable to connect to proxy', RemoteDisconnected('Remote end closed connection without response'))) | https://prec.sxzwfw.gov.cn/queryContent-jyxx.jspx
    ✓ 历史结果监督部门
  → upsert 完成：中标结果公示

  [中标结果公示] 万荣县2024年农村人居环境整治提升项目（二期）
  [历史搜索] 万荣县2024年农村人居环境整治提升项目（二期）
  [历史回填] 搜索项目：万荣县2024年农村人居环境整治提升项目（二期）
    ✓ 历史招标计划
  [POST失败1/3] ConnectionError: ('Connection aborted.', ConnectionResetError(104, 'Connection reset by peer')) | https://prec.sxzwfw.gov.cn/queryContent-jyxx.jspx
    ✓ 历史招标公告
  [GET失败1/3] ConnectionError: ('Connection aborted.', RemoteDisconnected('Remote end closed connection without response')) | https://prec.sxzwfw.gov.cn/jyxxgchxr/1069018.jhtml
    ✓ 历史候选人监督部门
    ✓ 历史结果监督部门
  → upsert 完成：中标结果公示
[索引] → /home/intsig/zwx/shanxi/output/山西_index.txt
[自检] → /home/intsig/zwx/shanxi/log/20260702_check.log

===== AI 兜底补充提取 =====
  [马村镇马村村高标准设施蔬菜基地项目] AI补字段 ['招标人地址', '招标代理机构地址'] ← https://prec.sxzwfw.gov.cn/jyxxgczb/1069822.jhtml
    ✓ 招标人地址: 高平市马村镇马村村集体经济组织
    ✗ 招标代理机构地址: AI未提取
  [侯马市XX训练基地建设项目（二次）] AI补字段 ['监督部门联系方式'] ← https://prec.sxzwfw.gov.cn/jyxxgczb/1062990.jhtml
    ✗ 监督部门联系方式: AI未提取
  [太原市杏花岭区宇乔400MW/800MWh独立储能调频电站项目(EPC总承包）] AI补字段 ['监督部门联系方式'] ← https://prec.sxzwfw.gov.cn/jyxxgchxr/1070147.jhtml
    ✗ 监督部门联系方式: AI未提取
  [五台山站站前综合交通枢纽及相关市政配套项目（供电工程）设计项目] AI补字段 ['监督部门联系方式'] ← https://prec.sxzwfw.gov.cn/jyxxgchxr/1069607.jhtml
  [GET失败1/5] ReadTimeout: HTTPSConnectionPool(host='prec.sxzwfw.gov.cn', port=443): Read timed out. (read timeout=15) | https://prec.sxzwfw.gov.cn/jyxxgchxr/1069607.jhtml
  [GET失败2/5] ReadTimeout: HTTPSConnectionPool(host='prec.sxzwfw.gov.cn', port=443): Read timed out. (read timeout=15) | https://prec.sxzwfw.gov.cn/jyxxgchxr/1069607.jhtml
    ✗ 监督部门联系方式: AI未提取
  [山西药科职业学院中药材产教融合实训基地项目-实训楼一层、二层装饰工程] AI补字段 ['招标代理机构', '招标代理机构地址', '招标代理机构联系人', '招标代理机构联系方式'] ← https://prec.sxzwfw.gov.cn/jyxxgczb/1063053.jhtml
  [GET失败1/5] ReadTimeout: HTTPSConnectionPool(host='prec.sxzwfw.gov.cn', port=443): Read timed out. (read timeout=15) | https://prec.sxzwfw.gov.cn/jyxxgczb/1063053.jhtml
    ✓ 招标代理机构: 山西信绵建设项目管理有限公司
    ✓ 招标代理机构地址: 太原市万柏林区迎泽西大街公元时代城新都汇2号楼1826室
    ✓ 招标代理机构联系人: 郝伟伟
    ✓ 招标代理机构联系方式: ['13015349217', '18234010544', '0351-6076185']
  [代县城市地下管网及设施建设改造工程-东北街片区（分区二）监理项目] AI补字段 ['监督部门联系方式'] ← https://prec.sxzwfw.gov.cn/jyxxgchxr/1069232.jhtml
  [GET失败1/5] ProxyError: HTTPSConnectionPool(host='prec.sxzwfw.gov.cn', port=443): Max retries exceeded with url: /jyxxgchxr/1069232.jhtml (Caused by ProxyError('Unable to connect to proxy', RemoteDisconnected('Remote end closed connection without response'))) | https://prec.sxzwfw.gov.cn/jyxxgchxr/1069232.jhtml
  [GET失败2/5] ConnectionError: ('Connection aborted.', ConnectionResetError(104, 'Connection reset by peer')) | https://prec.sxzwfw.gov.cn/jyxxgchxr/1069232.jhtml
  [GET失败3/5] ProxyError: HTTPSConnectionPool(host='prec.sxzwfw.gov.cn', port=443): Max retries exceeded with url: /jyxxgchxr/1069232.jhtml (Caused by ProxyError('Unable to connect to proxy', RemoteDisconnected('Remote end closed connection without response'))) | https://prec.sxzwfw.gov.cn/jyxxgchxr/1069232.jhtml
    ✗ 监督部门联系方式: AI未提取
  [代县城市地下管网及设施建设改造工程-东北街片区（分区二）施工项目] AI补字段 ['监督部门联系方式'] ← https://prec.sxzwfw.gov.cn/jyxxgchxr/1069209.jhtml
  [GET失败1/5] ReadTimeout: HTTPSConnectionPool(host='prec.sxzwfw.gov.cn', port=443): Read timed out. (read timeout=15) | https://prec.sxzwfw.gov.cn/jyxxgchxr/1069209.jhtml
  [GET失败2/5] ProxyError: HTTPSConnectionPool(host='prec.sxzwfw.gov.cn', port=443): Max retries exceeded with url: /jyxxgchxr/1069209.jhtml (Caused by ProxyError('Unable to connect to proxy', OSError('Tunnel connection failed: 407 Proxy Authentication Required'))) | https://prec.sxzwfw.gov.cn/jyxxgchxr/1069209.jhtml
  [GET失败3/5] ReadTimeout: HTTPSConnectionPool(host='prec.sxzwfw.gov.cn', port=443): Read timed out. (read timeout=15) | https://prec.sxzwfw.gov.cn/jyxxgchxr/1069209.jhtml
    ✗ 监督部门联系方式: AI未提取
  [晋源区冶峪村城中村改造安置项目地块一1号楼、2号楼、3号楼、4号楼、办公楼、垃圾转运站、换热站、生活水泵房、门房、地下车库公区精装修工程] AI补字段 ['开标时间'] ← https://prec.sxzwfw.gov.cn/jyxxgczb/1043444.jhtml
  [GET失败1/5] ConnectionError: ('Connection aborted.', ConnectionResetError(104, 'Connection reset by peer')) | https://prec.sxzwfw.gov.cn/jyxxgczb/1043444.jhtml
    ✓ 开标时间: 2026年04月14日09时30分
  [2025年太原市建成区集中供热管网更新工程（第一批）施工二标段] AI补字段 ['招标代理机构联系人'] ← https://prec.sxzwfw.gov.cn/jyxxgczb/1062091.jhtml
  [GET失败1/5] ConnectionError: ('Connection aborted.', ConnectionResetError(104, 'Connection reset by peer')) | https://prec.sxzwfw.gov.cn/jyxxgczb/1062091.jhtml
  [GET失败2/5] ReadTimeout: HTTPSConnectionPool(host='prec.sxzwfw.gov.cn', port=443): Read timed out. (read timeout=15) | https://prec.sxzwfw.gov.cn/jyxxgczb/1062091.jhtml
  [GET失败3/5] ConnectionError: ('Connection aborted.', ConnectionResetError(104, 'Connection reset by peer')) | https://prec.sxzwfw.gov.cn/jyxxgczb/1062091.jhtml
  [GET失败4/5] ReadTimeout: HTTPSConnectionPool(host='prec.sxzwfw.gov.cn', port=443): Read timed out. (read timeout=15) | https://prec.sxzwfw.gov.cn/jyxxgczb/1062091.jhtml
  [GET失败5/5] ProxyError: HTTPSConnectionPool(host='prec.sxzwfw.gov.cn', port=443): Max retries exceeded with url: /jyxxgczb/1062091.jhtml (Caused by ProxyError('Unable to connect to proxy', OSError('Tunnel connection failed: 407 Proxy Authentication Required'))) | https://prec.sxzwfw.gov.cn/jyxxgczb/1062091.jhtml
  [吉县吉电200MW/400MWh独立储能电站EPC总承包] AI补字段 ['监督部门联系方式'] ← https://prec.sxzwfw.gov.cn/jyxxgchxr/1069140.jhtml
    ✗ 监督部门联系方式: AI未提取
  [大同市晋北地区高原风沙源生态保护和修复项目桦林背林场2026年人工造林(1,2,3,4,5,6,8,9,10,11,12,] AI补字段 ['监督部门联系方式'] ← https://prec.sxzwfw.gov.cn/jyxxgchxr/1069104.jhtml
  [GET失败1/5] ReadTimeout: HTTPSConnectionPool(host='prec.sxzwfw.gov.cn', port=443): Read timed out. (read timeout=15) | https://prec.sxzwfw.gov.cn/jyxxgchxr/1069104.jhtml
    ✗ 监督部门联系方式: AI未提取
  [山西阳煤寺家庄煤业有限责任公司矿井水处理站改造工程（EPC）项目] AI补字段 ['监督部门联系方式'] ← https://prec.sxzwfw.gov.cn/jyxxgczb/1060440.jhtml
    ✗ 监督部门联系方式: AI未提取
  [广灵县增减挂钩跨省域调剂指标项目高标准农田建设（一斗泉乡等三乡镇板塔寺等三村高标准农田建设项目）] AI补字段 ['监督部门联系方式'] ← https://prec.sxzwfw.gov.cn/jyxxgcgs/1069592.jhtml
    ✗ 监督部门联系方式: AI未提取
  [高平市炎谷丰高标准设施蔬菜基地项目(002二标段)] AI补字段 ['监督部门联系方式'] ← https://prec.sxzwfw.gov.cn/jyxxgchxr/1067695.jhtml
    ✗ 监督部门联系方式: AI未提取
  [太原天然气有限公司太原市2026年住宅小区居民共有老旧庭院燃气管网及户内立管更新改造项目工程施工] AI补字段 ['监督部门联系方式'] ← https://prec.sxzwfw.gov.cn/jyxxgcgs/1069250.jhtml
    ✗ 监督部门联系方式: AI未提取
  [黄水河宁武县段河道治理工程勘察设计项目] AI补字段 ['监督部门联系方式'] ← https://prec.sxzwfw.gov.cn/jyxxgchxr/1067711.jhtml
    ✗ 监督部门联系方式: AI未提取
  [高平市燃气老化管网及设施更新改造工程（老化燃气管道更新改造EPC）] AI补字段 ['招标人地址', '招标代理机构地址'] ← https://prec.sxzwfw.gov.cn/jyxxgczb/1060412.jhtml
    ✓ 招标人地址: 高平市住房城乡建设事务中心
    ✗ 招标代理机构地址: AI未提取
  [和顺县生活垃圾焚烧发电项目特许经营者] AI补字段 ['监督部门联系方式'] ← https://prec.sxzwfw.gov.cn/jyxxgczb/1070243.jhtml
  [GET失败1/5] ReadTimeout: HTTPSConnectionPool(host='prec.sxzwfw.gov.cn', port=443): Read timed out. (read timeout=15) | https://prec.sxzwfw.gov.cn/jyxxgczb/1070243.jhtml
    ✗ 监督部门联系方式: AI未提取
  [山西新景矿煤业有限责任公司保安分区15号煤开采项目PC总承包] AI补字段 ['监督部门联系方式'] ← https://prec.sxzwfw.gov.cn/jyxxgchxr/1070342.jhtml
  [GET失败1/5] ConnectionError: ('Connection aborted.', RemoteDisconnected('Remote end closed connection without response')) | https://prec.sxzwfw.gov.cn/jyxxgchxr/1070342.jhtml
    ✓ 监督部门联系方式: 联系电话：0353-7039237
  [大秦铁路股份有限公司太原铁路工程建设指挥部太原动车组运用所增设控制集中系统（CCS）工程施工总价承包项目(1标段)中标候选人公示更正] AI补字段 ['监督部门联系方式'] ← https://prec.sxzwfw.gov.cn/jyxxgchxr/1070214.jhtml
    ✗ 监督部门联系方式: AI未提取
  [晋中市松塔水库供水（二期）工程管材及管件采购03标] AI补字段 ['监督部门联系方式'] ← https://prec.sxzwfw.gov.cn/jyxxgchxr/1070208.jhtml
  [GET失败1/5] ConnectionError: ('Connection aborted.', ConnectionResetError(104, 'Connection reset by peer')) | https://prec.sxzwfw.gov.cn/jyxxgchxr/1070208.jhtml
  [GET失败2/5] ReadTimeout: HTTPSConnectionPool(host='prec.sxzwfw.gov.cn', port=443): Read timed out. (read timeout=15) | https://prec.sxzwfw.gov.cn/jyxxgchxr/1070208.jhtml
  [GET失败3/5] ConnectionError: ('Connection aborted.', ConnectionResetError(104, 'Connection reset by peer')) | https://prec.sxzwfw.gov.cn/jyxxgchxr/1070208.jhtml
    ✗ 监督部门联系方式: AI未提取
  [汾酒2030技改原酒产储能扩建项目(一期)配套工程东区出入口与武寨路衔接工程施工] AI补字段 ['招标人', '招标人地址', '招标人联系人', '招标人联系方式', '招标代理机构', '招标代理机构地址', '招标代理机构联系人', '招标代理机构联系方式'] ← https://prec.sxzwfw.gov.cn/jyxxgczb/1070436.jhtml
    ✓ 招标人: 山西杏花村汾酒厂股份有限公司
    ✓ 招标人地址: 山西省吕梁市汾阳市杏花村镇
    ✓ 招标人联系人: 张先生、李先生
    ✓ 招标人联系方式: 0358-7220340
    ✓ 招标代理机构: 山西明实招标代理有限公司
    ✓ 招标代理机构地址: 山西省太原市迎泽区西羊市街52号
    ✓ 招标代理机构联系人: 穆海峰
    ✓ 招标代理机构联系方式: 18935110691
  [杨家堡污水厂进水管网改造工程监理] AI补字段 ['招标代理机构联系人'] ← https://prec.sxzwfw.gov.cn/jyxxgczb/1063398.jhtml
    ✓ 招标代理机构联系人: 赵鑫
  [万荣县2024年农村人居环境整治提升项目（二期）] AI补字段 ['开标时间', '标书发售时间', '公告内容', '招标人', '招标人地址', '招标人联系人', '招标人联系方式', '招标代理机构', '招标代理机构地址', '招标代理机构联系人', '招标代理机构联系方式'] ← https://prec.sxzwfw.gov.cn/jyxxgczb/1061966.jhtml
  [PDF公告] 发现PDF: https://ggzyjyzx.yuncheng.gov.cn:8083/upload/wj/2c9f80959e25d986019e919c35941601.pdf
  [PDF] 直接提取文字成功，长度=2234
    ✓ 开标时间: 2026 年06 月26 日09 时00 分
    ✓ 标书发售时间: 2026 年06 月05 日 00：00 至2024 年06 月12 日00:00
    ✓ 公告内容: 万荣县2024 年农村人居环境整治提升项目（二期）招标公告 （招标项目编号：2026GC010540） 招标项目所在地区： 万荣县 一．招标条件 本 万荣县20
    ✓ 招标人: 万荣县农业农村局
    ✓ 招标人地址: 万荣县北大街105 号
    ✓ 招标人联系人: 薛先生
    ✓ 招标人联系方式: 15934445667
    ✓ 招标代理机构: 山西崇航工程项目管理有限公司
    ✓ 招标代理机构地址: 运城市盐湖区红旗东街龙磐水郡小区2 栋2 单元402 室
    ✓ 招标代理机构联系人: 穆女士
    ✓ 招标代理机构联系方式: 0359-2126514
  [山西转型综改示范区阳曲产业园区侯村片区路网工程经四路（K1+74.00--K1+130.00)施工] AI补字段 ['招标代理机构', '招标代理机构地址', '招标代理机构联系人', '招标代理机构联系方式'] ← https://prec.sxzwfw.gov.cn/jyxxgczb/1070699.jhtml
  [GET失败1/5] ConnectionError: ('Connection aborted.', ConnectionResetError(104, 'Connection reset by peer')) | https://prec.sxzwfw.gov.cn/jyxxgczb/1070699.jhtml
    ✓ 招标代理机构: 山西衡宇招标代理有限公司
    ✓ 招标代理机构地址: 山西省太原市长风街113号千禧集团16层
    ✓ 招标代理机构联系人: 赵超丰
    ✓ 招标代理机构联系方式: 0351-4605078 15235371198
  [临猗县2026年老旧小区改造项目设计] AI补字段 ['开标时间', '标书发售时间', '公告内容', '招标人', '招标人地址', '招标人联系人', '招标人联系方式', '招标代理机构', '招标代理机构地址', '招标代理机构联系人', '招标代理机构联系方式', '监督部门', '监督部门联系方式'] ← https://prec.sxzwfw.gov.cn/jyxxgczb/1070694.jhtml
  [GET失败1/5] ConnectionError: ('Connection aborted.', ConnectionResetError(104, 'Connection reset by peer')) | https://prec.sxzwfw.gov.cn/jyxxgczb/1070694.jhtml
  [PDF公告] 发现PDF: https://ggzyjyzx.yuncheng.gov.cn:8083/upload/wj/2c9f80959f12ded0019f21d147bf31e6.pdf
  [PDF] 下载: https://ggzyjyzx.yuncheng.gov.cn:8083/upload/wj/2c9f80959f12ded0019f21d147bf31e6.pdf
  [PDF] 直接提取文字成功，长度=2199
    ✓ 开标时间: 2026年07月23日9时00分
    ✓ 标书发售时间: 2026年07月03日00时00分至2026年07月10日00时00分
    ✓ 公告内容: 临猗县2026年老旧小区改造项目设计 招标公告 （招标编号：2026GC010633） 招标项目所在地区：运城市临猗县 一、招标条件 本临猗县2026 年老旧小
    ✗ 招标人: AI未提取
    ✗ 招标人地址: AI未提取
    ✗ 招标人联系人: AI未提取
    ✗ 招标人联系方式: AI未提取
    ✗ 招标代理机构: AI未提取
    ✗ 招标代理机构地址: AI未提取
    ✗ 招标代理机构联系人: AI未提取
    ✗ 招标代理机构联系方式: AI未提取
    ✗ 监督部门: AI未提取
    ✗ 监督部门联系方式: AI未提取
  [高平市现代农业设施蔬菜示范园项目（杜寨村）] AI补字段 ['标书发售时间'] ← https://prec.sxzwfw.gov.cn/jyxxgczb/1070662.jhtml
  [GET失败1/5] ConnectionError: ('Connection aborted.', ConnectionResetError(104, 'Connection reset by peer')) | https://prec.sxzwfw.gov.cn/jyxxgczb/1070662.jhtml
    ✓ 标书发售时间: 2026-07-02 17:00:00至2026-07-07 17:00:00
  [盂县秀水市政桥更新重建工程施工] AI补字段 ['标书发售时间', '招标代理机构联系方式'] ← https://prec.sxzwfw.gov.cn/jyxxgczb/1070655.jhtml
  [GET失败1/5] ProxyError: HTTPSConnectionPool(host='prec.sxzwfw.gov.cn', port=443): Max retries exceeded with url: /jyxxgczb/1070655.jhtml (Caused by ProxyError('Unable to connect to proxy', OSError('Tunnel connection failed: 618 Internal Server Error'))) | https://prec.sxzwfw.gov.cn/jyxxgczb/1070655.jhtml
  [GET失败2/5] ProxyError: HTTPSConnectionPool(host='prec.sxzwfw.gov.cn', port=443): Max retries exceeded with url: /jyxxgczb/1070655.jhtml (Caused by ProxyError('Unable to connect to proxy', OSError('Tunnel connection failed: 643 Proxy Authentication Failed'))) | https://prec.sxzwfw.gov.cn/jyxxgczb/1070655.jhtml
    ✓ 标书发售时间: 2026年7月2日18时至2026年7月7日18时
    ✓ 招标代理机构联系方式: {'地址': '太原市万柏林区长兴北街1号华润大厦T4楼15层', '联系人': ['黄东', '孙远东', '王雷'], '电话': '0351-707753
  [晋能控股集团有限公司潘家窑煤矿项目临时供电工程初步设计及概算、勘察、路径选址报告二次] AI补字段 ['监督部门'] ← https://prec.sxzwfw.gov.cn/jyxxgczb/1063346.jhtml
  [GET失败1/5] ConnectionError: ('Connection aborted.', ConnectionResetError(104, 'Connection reset by peer')) | https://prec.sxzwfw.gov.cn/jyxxgczb/1063346.jhtml
    ✓ 监督部门: 山西省能源局
  [左云县曌煜200MW风电项目监理] AI补字段 ['标书发售时间'] ← https://prec.sxzwfw.gov.cn/jyxxgczb/1070609.jhtml
  [GET失败1/5] ReadTimeout: HTTPSConnectionPool(host='prec.sxzwfw.gov.cn', port=443): Read timed out. (read timeout=15) | https://prec.sxzwfw.gov.cn/jyxxgczb/1070609.jhtml
    ✓ 标书发售时间: 2026年7月2日17时00分至2026年7月7日17时00分
  [中国工商银行大同分行营业办公用房迁建项目装修及配套工程] AI补字段 ['开标时间'] ← https://prec.sxzwfw.gov.cn/jyxxgczb/1070602.jhtml
    ✓ 开标时间: 2026-07-15 09:30:00
  [闻喜县后夏线（河底-裴社）道路改造工程施工] AI补字段 ['开标时间', '标书发售时间', '公告内容', '招标人', '招标人地址', '招标人联系人', '招标人联系方式', '招标代理机构', '招标代理机构地址', '招标代理机构联系人', '招标代理机构联系方式', '监督部门', '监督部门联系方式'] ← https://prec.sxzwfw.gov.cn/jyxxgczb/1070585.jhtml
  [PDF公告] 发现PDF: https://ggzyjyzx.yuncheng.gov.cn:8083/upload/wj/2c9f80959f12ded0019f20411d562648.pdf
  [PDF] 下载: https://ggzyjyzx.yuncheng.gov.cn:8083/upload/wj/2c9f80959f12ded0019f20411d562648.pdf
  [PDF] 直接提取文字成功，长度=2710
    ✓ 开标时间: 2026 年7 月23 日9 时00 分
    ✓ 标书发售时间: 2026 年 7 月 3 日 08 时 00 分至 2026 年 7 月 10 日 08 时 00 分
    ✓ 公告内容: 闻喜县后夏线（河底-裴社）道路改造工程施工招标公告（项目编号：2026GC010630）招标项目所在地区：闻喜县一、招标条件本闻喜县后夏线（河底-裴社）道路改造
    ✓ 招标人: 闻喜县交通运输局
    ✓ 招标人地址: 运城市闻喜县康宁北路320号
    ✓ 招标人联系人: 张先生
    ✓ 招标人联系方式: 13935927009
    ✓ 招标代理机构: 山西汇建工程项目管理有限公司
    ✓ 招标代理机构地址: 运城市铺安街989号金城大厦1605 室
    ✓ 招标代理机构联系人: 张女士
    ✓ 招标代理机构联系方式: 0359-6309902 18903480007
    ✓ 监督部门: 运城市交通运输局
    ✓ 监督部门联系方式: 0359-2050335
  [阳泉市桃河生态综合治理再生水净化工程EPC总承包监理] AI补字段 ['标书发售时间', '招标人', '招标人地址', '招标人联系人', '招标人联系方式', '招标代理机构', '招标代理机构地址', '招标代理机构联系人', '招标代理机构联系方式'] ← https://prec.sxzwfw.gov.cn/jyxxgczb/1070532.jhtml
    ✓ 标书发售时间: 2026 年 7 月 2 日 15 时 00 分至 2026 年 7 月 7 日 15 时 00 分
    ✓ 招标人: 阳泉市汇泽水务有限公司
    ✓ 招标人地址: 山西省阳泉市经济技术开发区平安路（污水处理厂办公楼一层）
    ✓ 招标人联系人: 郝先生
    ✓ 招标人联系方式: 0353-5603 186
    ✓ 招标代理机构: 山西汇华招标代理有限公司
    ✓ 招标代理机构地址: 阳泉市城区桃北中路 28 号科技大厦 4 层
    ✓ 招标代理机构联系人: 赵永春、刘波
    ✓ 招标代理机构联系方式: 0353-6669092
  [万荣县2026年农村公路建设工程(南薛朝至百帝、乔薛至乔薛堡)] AI补字段 ['开标时间', '标书发售时间', '公告内容', '招标人', '招标人地址', '招标人联系人', '招标人联系方式', '招标代理机构', '招标代理机构地址', '招标代理机构联系人', '招标代理机构联系方式', '监督部门', '监督部门联系方式'] ← https://prec.sxzwfw.gov.cn/jyxxgczb/1070529.jhtml
  [PDF公告] 发现PDF: https://ggzyjyzx.yuncheng.gov.cn:8083/upload/wj/2c9f80959f12ded0019f20e690aa2ca6.pdf
  [PDF] 下载: https://ggzyjyzx.yuncheng.gov.cn:8083/upload/wj/2c9f80959f12ded0019f20e690aa2ca6.pdf
  [PDF] 直接提取文字成功，长度=3203
    ✓ 开标时间: 2026 年07 月24 日9 时00 分
    ✓ 标书发售时间: 2026 年07 月03 日00 时00 分至 2026 年07 月10 日00 时00 分
    ✓ 公告内容: 万荣县2026 年农村公路建设工程(南薛朝至百帝、乔薛至乔薛堡) 招标公告 （招标编号：2026GC010631） 招标项目所在地区：运城市万荣县 一、招标条件
    ✓ 招标人: 万荣县交通运输局
    ✓ 招标人地址: 万荣县城五一东街
    ✓ 招标人联系人: 王先生
    ✓ 招标人联系方式: 15935990567
    ✓ 招标代理机构: 山西林辉工程项目管理有限公司
    ✓ 招标代理机构地址: 山西省运城市卡纳溪谷西门北侧4422-12 号商铺
    ✓ 招标代理机构联系人: 张女士
    ✓ 招标代理机构联系方式: 0359-2568868
    ✓ 监督部门: 运城市交通运输局
    ✓ 监督部门联系方式: 0359-2050335
  [万荣县汾河旅游公路（万荣段西范至西范桥）建设工程] AI补字段 ['开标时间', '标书发售时间', '公告内容', '招标人', '招标人地址', '招标人联系人', '招标人联系方式', '招标代理机构', '招标代理机构地址', '招标代理机构联系人', '招标代理机构联系方式', '监督部门', '监督部门联系方式'] ← https://prec.sxzwfw.gov.cn/jyxxgczb/1070450.jhtml
  [PDF公告] 发现PDF: https://ggzyjyzx.yuncheng.gov.cn:8083/upload/wj/2c9f80959f12ded0019f2084af04280c.pdf
  [PDF] 下载: https://ggzyjyzx.yuncheng.gov.cn:8083/upload/wj/2c9f80959f12ded0019f2084af04280c.pdf
  [PDF] 直接提取文字成功，长度=2895
    ✓ 开标时间: 2026-07-23 09:00
    ✓ 标书发售时间: 2026-07-02 10:00至2026-07-09 10:00
    ✓ 公告内容: 万荣县汾河旅游公路(万荣段西范至西范桥)建设工程 招标公告 （招标编号：2026GC010579） 招标项目所在地区：运城市万荣县 一、招标条件 本万荣县汾河旅
    ✓ 招标人: 万荣县交通运输局
    ✓ 招标人地址: 万荣县城五一东街
    ✓ 招标人联系人: 王先生
    ✓ 招标人联系方式: 15935990567
    ✓ 招标代理机构: 山西恩正工程项目管理有限公司
    ✓ 招标代理机构地址: 运城市条山街怡世名邸1号楼2单元1503
    ✓ 招标代理机构联系人: 窦女士
    ✓ 招标代理机构联系方式: 0359-8763435
    ✓ 监督部门: 运城市交通运输局
    ✓ 监督部门联系方式: 0359-2050335
  [平陆县2026年村道水毁工程] AI补字段 ['开标时间', '标书发售时间', '公告内容', '招标人', '招标人地址', '招标人联系人', '招标人联系方式', '招标代理机构', '招标代理机构地址', '招标代理机构联系人', '招标代理机构联系方式'] ← https://prec.sxzwfw.gov.cn/jyxxgczb/1062514.jhtml
  [PDF公告] 发现PDF: https://ggzyjyzx.yuncheng.gov.cn:8083/upload/wj/2c9f80959e25d986019e96ce7a0b2044.pdf
  [PDF] 下载: https://ggzyjyzx.yuncheng.gov.cn:8083/upload/wj/2c9f80959e25d986019e96ce7a0b2044.pdf
  [PDF] 直接提取文字成功，长度=3358
    ✓ 开标时间: 2026年06月30日09时00分
    ✓ 标书发售时间: 2026年06月08日00时00分至2026年06月13日00时00分
    ✓ 公告内容: 平陆县2026年村道水毁工程 招标公告 （招标项目编号：2026GC010554） 招标项目所在地区: 运城市平陆县 一、招标条件 本平陆县2026 年村道水毁
    ✓ 招标人: 平陆县交通运输局
    ✓ 招标人地址: 平陆县五一街东21 号
    ✓ 招标人联系人: 耿先生
    ✓ 招标人联系方式: 0359-3522110
    ✓ 招标代理机构: 山西盛世华顺工程项目管理有限公司
    ✓ 招标代理机构地址: 山西省运城市盐湖区人民北路1950 号理想创业大厦7F1213 号
    ✓ 招标代理机构联系人: 耿先生
    ✓ 招标代理机构联系方式: 133 3348 1773
  [太原市2022年小街小巷改造工程-西峰街、禧悦路-禧悦路道路工程施工] AI补字段 ['标书发售时间'] ← https://prec.sxzwfw.gov.cn/jyxxgczb/1064055.jhtml
    ✓ 标书发售时间: 2026年06月11日17时00分至2026年06月16日17时00分
  [原平市2025年农村公路灾毁改造工程（裕隆社区-武彦等6条）施工项目] AI补字段 ['监督部门联系方式'] ← https://prec.sxzwfw.gov.cn/jyxxgchxr/1070610.jhtml
    ✗ 监督部门联系方式: AI未提取
  [中共沁县县委党校培训基地改造提升工程建设项目施工] AI补字段 ['标书发售时间', '招标人', '招标人地址', '招标人联系人', '招标人联系方式'] ← https://prec.sxzwfw.gov.cn/jyxxgczb/1063202.jhtml
    ✓ 标书发售时间: 2026 年 06 月 09 日至 2026 年 07 月 01 日
    ✓ 招标人: 沁县机关事务中心
    ✓ 招标人地址: 山西省长治市沁县胜利路 33 号
    ✓ 招标人联系人: 王先生
    ✓ 招标人联系方式: 0355-702 4589
  [沁水县郑庄镇南大村薄膜大棚基地建设项目] AI补字段 ['标书发售时间'] ← https://prec.sxzwfw.gov.cn/jyxxgczb/1063349.jhtml
    ✓ 标书发售时间: 2026年6月9日18时0分至2026年6月14日18时0分
  [“两站一场”城市更新项目——枢纽改造及智慧化建设工程设计] AI补字段 ['监督部门', '监督部门联系方式'] ← https://prec.sxzwfw.gov.cn/jyxxgchxr/1070492.jhtml
  [GET失败1/5] ConnectionError: ('Connection aborted.', ConnectionResetError(104, 'Connection reset by peer')) | https://prec.sxzwfw.gov.cn/jyxxgchxr/1070492.jhtml
    ✓ 监督部门: 太原市住房和城乡建设局
    ✓ 监督部门联系方式: 0351-5625571
  [中北高新区上兰能源岛供热工程蓄热罐装置采购及服务] AI补字段 ['招标代理机构联系人'] ← https://prec.sxzwfw.gov.cn/jyxxgczb/1059777.jhtml
    ✓ 招标代理机构联系人: 高攀
  [襄垣县朝阳新区电力工程] AI补字段 ['标书发售时间', '招标人', '招标人地址', '招标人联系人', '招标人联系方式', '招标代理机构', '招标代理机构地址', '招标代理机构联系人', '招标代理机构联系方式'] ← https://prec.sxzwfw.gov.cn/jyxxgczb/1063306.jhtml
    ✓ 标书发售时间: 2026-06-09至2026-07-01
    ✓ 招标人: 襄垣县市政园林服务中心
    ✓ 招标人地址: 襄垣县城北街56号
    ✓ 招标人联系人: 王先生
    ✓ 招标人联系方式: 0355-7225108
    ✓ 招标代理机构: 山西汇策工程项目管理有限公司
    ✓ 招标代理机构地址: 山西省长治市长治高新技术产业开发区保宁门西街309号世纪城1幢13层1304号
    ✓ 招标代理机构联系人: 韩女士
    ✓ 招标代理机构联系方式: 0355-2077866
  [代县城市地下管网及设施建设改造工程-东北街片区（分区一）施工项目] AI补字段 ['监督部门联系方式'] ← https://prec.sxzwfw.gov.cn/jyxxgchxr/1068808.jhtml
    ✗ 监督部门联系方式: AI未提取
  [代县城市地下管网及设施建设改造工程-东北街片区（分区一）监理项目] AI补字段 ['监督部门联系方式'] ← https://prec.sxzwfw.gov.cn/jyxxgchxr/1068807.jhtml
  [GET失败1/5] ConnectionError: ('Connection aborted.', ConnectionResetError(104, 'Connection reset by peer')) | https://prec.sxzwfw.gov.cn/jyxxgchxr/1068807.jhtml
    ✗ 监督部门联系方式: AI未提取
  [太原供水集团有限公司配合雨污水混接节点改造等给水管线连通工程球墨铸铁管采购(二次)] AI补字段 ['标书发售时间', '招标代理机构', '招标代理机构地址', '招标代理机构联系人', '招标代理机构联系方式'] ← https://prec.sxzwfw.gov.cn/jyxxgczb/1062370.jhtml
    ✓ 标书发售时间: 2026年06月05日15时30分 - 2026年06月11日17时00分
    ✓ 招标代理机构: 中招康泰项目管理有限公司
    ✓ 招标代理机构地址: 太原市迎泽大街388号国际大厦26层
    ✓ 招标代理机构联系人: 戎建业
    ✓ 招标代理机构联系方式: 0351-2772681
  [汾河流域城区段8处入河排口整治及规范化建设项目监理二标段] AI补字段 ['招标代理机构联系人'] ← https://prec.sxzwfw.gov.cn/jyxxgczb/1062394.jhtml
    ✓ 招标代理机构联系人: 兰亚珍
  [泽州县丹溪片区集中供热建设项目（EPC）总承包中标结果公告] AI补字段 ['监督部门', '监督部门联系方式'] ← https://prec.sxzwfw.gov.cn/jyxxgcgs/1070481.jhtml
  [GET失败1/5] ReadTimeout: HTTPSConnectionPool(host='prec.sxzwfw.gov.cn', port=443): Read timed out. (read timeout=15) | https://prec.sxzwfw.gov.cn/jyxxgcgs/1070481.jhtml
    ✓ 监督部门: 泽州县住房和城乡建设管理局
    ✗ 监督部门联系方式: AI未提取
[AI报告] → /home/intsig/zwx/shanxi/log/20260702_ai_report.log
  AI补全完成：126 个字段
  AI调用统计：共 47 次
  输入 tokens : 81,746
  输出 tokens : 16,153
  合计 tokens : 97,899
[自检] → /home/intsig/zwx/shanxi/log/20260702_check.log
[索引] → /home/intsig/zwx/shanxi/output/山西_index.txt

============================================================
完成！共 399 条记录 → /home/intsig/zwx/shanxi/output/山西.csv
自检日志 → /home/intsig/zwx/shanxi/log/20260702_check.log
AI报告   → /home/intsig/zwx/shanxi/log/20260702_ai_report.log
============================================================
============================================================
运行结束: 2026-07-02 23:30:02
============================================================
============================================================
开始运行山西爬虫: 2026-07-03 22:00:01
当前目录: /home/intsig/zwx/shanxi
Python: /home/vipuser/miniconda3/envs/myenv/bin/python
脚本: /home/intsig/zwx/shanxi/shanxi_regex_ai.py
============================================================
============================================================
山西省公共资源交易平台爬虫 v4.3（历史回填 + 自检 + AI兜底 + IP代理池）
时间: 2026-07-03 22:00:02
输出: /home/intsig/zwx/shanxi/output/山西.csv
============================================================
初始化 Session...
  [GET失败1/3] ConnectionError: ('Connection aborted.', ConnectionResetError(104, 'Connection reset by peer')) | https://prec.sxzwfw.gov.cn/jyxx/index.jhtml
Session 初始化成功
代理开关: True
代理池状态: {'available': 29, 'bad_total': 1, 'bad_unique': 1, 'api_calls_used': 1, 'api_calls_limit': 200, 'min_size': 8, 'default_num': 30, 'default_time': 5, 'default_port': 2, 'auto_refresh': True}
[CSV] 加载增量总表 399 行：/home/intsig/zwx/shanxi/output/山西.csv

===== 第一步：招标计划 =====
  [列表] channelId=198 第1页...
  [列表] 总条数=25，当前已获取=10
  [列表] channelId=198 第2页...
  [POST失败1/3] ConnectionError: ('Connection aborted.', ConnectionResetError(104, 'Connection reset by peer')) | https://prec.sxzwfw.gov.cn/queryContent_2-jyxx.jspx
  [列表] 总条数=25，当前已获取=20
  [列表] channelId=198 第3页...
  [POST失败1/3] ReadTimeout: HTTPSConnectionPool(host='prec.sxzwfw.gov.cn', port=443): Read timed out. (read timeout=18) | https://prec.sxzwfw.gov.cn/queryContent_3-jyxx.jspx
  [POST失败2/3] ReadTimeout: HTTPSConnectionPool(host='prec.sxzwfw.gov.cn', port=443): Read timed out. (read timeout=18) | https://prec.sxzwfw.gov.cn/queryContent_3-jyxx.jspx
  [列表] 总条数=25，当前已获取=25
  [列表] 共 25 条

  [招标计划] 阳曲县晋泽水产工厂化循环水养殖项目一期
  → 新增

  [招标计划] 马沟片区林地改造提升项目
  → 新增

  [招标计划] 山西省忻州市保德县中央财政“三北”工程“两化”奖补项目
  → 新增

  [招标计划] 永和县体育场升级改造建设项目
  [GET失败1/3] ConnectionError: ('Connection aborted.', ConnectionResetError(104, 'Connection reset by peer')) | https://prec.sxzwfw.gov.cn/jyxxzbjh/1071102.jhtml
  → 新增

  [招标计划] 国道307线阳泉坡头至榆次段一级公路新建工程环保、水保综合技术咨询服务公开招标（变更）
  → 新增

  [招标计划] 兴县经济技术开发区绿电园区智慧平台项目
  → 新增

  [招标计划] 安邑桥北初中扩建项目
  → 新增

  [招标计划] 孝义市医疗集团新义分院医院建设项目
  → 新增

  [招标计划] 孝义市医疗集团新义分院医院建设项目
  → 已存在，补充字段

  [招标计划] 山阴县第一中学校教学楼、宿舍楼室内部分设施修缮改造项目
  → 新增

  [招标计划] 绛县经济开发区地下水污染防控与修复项目
  → 新增

  [招标计划] 神池县主城区综合管网普查及地形测量项目
  → 新增

  [招标计划] 霍州煤电集团河津五星煤业有限责任公司设备项目
  [GET失败1/3] ConnectionError: ('Connection aborted.', RemoteDisconnected('Remote end closed connection without response')) | https://prec.sxzwfw.gov.cn/jyxxzbjh/1070926.jhtml
  → 新增

  [招标计划] 2026年东坊城乡李峪村田园综合旅游项目
  → 新增

  [招标计划] 武乡县马牧河生态综合治理工程（变更）
  → 新增

  [招标计划] 五寨县南峰灌区(前所乡、砚城镇)渠系维修工程
  → 新增

  [招标计划] 汾西县2023年低级别文物保护修缮项目（汾西县薛家庄关帝庙保护修缮工程）
  → 新增

  [招标计划] 省道229线（原省道虎山线）山阴县过境改线工程
  [GET失败1/3] ConnectionError: ('Connection aborted.', ConnectionResetError(104, 'Connection reset by peer')) | https://prec.sxzwfw.gov.cn/jyxxzbjh/1070873.jhtml
  [GET失败2/3] ConnectionError: ('Connection aborted.', ConnectionResetError(104, 'Connection reset by peer')) | https://prec.sxzwfw.gov.cn/jyxxzbjh/1070873.jhtml
  → 新增

  [招标计划] 原煤储煤场封闭
  → 新增

  [招标计划] 左云经济技术开发区基础设施建设项目新建工程（经三路、南纬二路支线和南纬一路）
  → 新增

  [招标计划] 神池县主城区综合管网普查及地形测量项目
  [GET失败1/3] ConnectionError: ('Connection aborted.', ConnectionResetError(104, 'Connection reset by peer')) | https://prec.sxzwfw.gov.cn/jyxxzbjh/1070862.jhtml
  [GET失败2/3] ConnectionError: ('Connection aborted.', ConnectionResetError(104, 'Connection reset by peer')) | https://prec.sxzwfw.gov.cn/jyxxzbjh/1070862.jhtml
  → 已存在，补充字段

  [招标计划] 左云新兴产业园区纵二路（横二路-云海路）道路建设工程
  [GET失败1/3] ConnectionError: ('Connection aborted.', ConnectionResetError(104, 'Connection reset by peer')) | https://prec.sxzwfw.gov.cn/jyxxzbjh/1070855.jhtml
  [GET失败2/3] ConnectionError: ('Connection aborted.', ConnectionResetError(104, 'Connection reset by peer')) | https://prec.sxzwfw.gov.cn/jyxxzbjh/1070855.jhtml
  → 新增

  [招标计划] 左云新兴产业园区武州路（北外环路-横二路）道路建设工程
  → 新增

  [招标计划] 2026年平定县小型供水工程规范化建设项目
  → 新增

  [招标计划] 大同市零碳园区中区路道路建设工程
  → 新增

===== 第二步：招标公告频道 =====
  [列表] channelId=12 第1页...
  [列表] 总条数=45，当前已获取=10
  [列表] channelId=12 第2页...
  [列表] 总条数=45，当前已获取=20
  [列表] channelId=12 第3页...
  [POST失败1/3] ReadTimeout: HTTPSConnectionPool(host='prec.sxzwfw.gov.cn', port=443): Read timed out. (read timeout=18) | https://prec.sxzwfw.gov.cn/queryContent_3-jyxx.jspx
  [列表] 总条数=45，当前已获取=30
  [列表] channelId=12 第4页...
  [列表] 总条数=45，当前已获取=40
  [列表] channelId=12 第5页...
  [列表] 总条数=45，当前已获取=45
  [列表] 共 45 条

  [未知公告] 中北大学文博苑（5-8#、11#、12#、16#、17#）学生宿舍楼建设项目施工总承包一标段项目(1标段)最高投标限价
  [历史搜索] 中北大学文博苑（5-8#、11#、12#、16#、17#）学生宿舍楼建设项目施工总承包一标段项目(1标段)最高投标限价
  [历史回填] 搜索项目：中北大学文博苑（5-8#、11#、12#、16#、17#）学生宿舍楼建设项目施工总承包一标段项目(1标段)最高投标限价
  [POST失败1/3] ConnectionError: ('Connection aborted.', ConnectionResetError(104, 'Connection reset by peer')) | https://prec.sxzwfw.gov.cn/queryContent-jyxx.jspx
  → upsert 完成：未知公告

  [招标公告] 中北大学文博苑（5-8#、11#、12#、16#、17#）学生宿舍楼建设项目施工总承包一标段项目
  [历史搜索] 中北大学文博苑（5-8#、11#、12#、16#、17#）学生宿舍楼建设项目施工总承包一标段项目
  [历史回填] 搜索项目：中北大学文博苑（5-8#、11#、12#、16#、17#）学生宿舍楼建设项目施工总承包一标段项目
    ✓ 历史招标公告
  → upsert 完成：招标公告

  [招标公告] 高平市原村乡冯村村集中供热二网项目
  [历史搜索] 高平市原村乡冯村村集中供热二网项目
  [历史回填] 搜索项目：高平市原村乡冯村村集中供热二网项目
    ✓ 历史招标计划
    ✓ 历史招标公告
  [POST失败1/3] ProxyError: HTTPSConnectionPool(host='prec.sxzwfw.gov.cn', port=443): Max retries exceeded with url: /queryContent-jyxx.jspx (Caused by ProxyError('Unable to connect to proxy', RemoteDisconnected('Remote end closed connection without response'))) | https://prec.sxzwfw.gov.cn/queryContent-jyxx.jspx
  → upsert 完成：招标公告

  [招标公告] 永和县城乡供水一体化(二期)工程
  [GET失败1/3] ReadTimeout: HTTPSConnectionPool(host='prec.sxzwfw.gov.cn', port=443): Read timed out. (read timeout=15) | https://prec.sxzwfw.gov.cn/jyxxgczb/1071181.jhtml
  [GET失败2/3] ReadTimeout: HTTPSConnectionPool(host='prec.sxzwfw.gov.cn', port=443): Read timed out. (read timeout=15) | https://prec.sxzwfw.gov.cn/jyxxgczb/1071181.jhtml
  [历史搜索] 永和县城乡供水一体化(二期)工程
  [历史回填] 搜索项目：永和县城乡供水一体化(二期)工程
  [POST失败1/3] ReadTimeout: HTTPSConnectionPool(host='prec.sxzwfw.gov.cn', port=443): Read timed out. (read timeout=18) | https://prec.sxzwfw.gov.cn/queryContent-jyxx.jspx
  [GET失败1/3] ProxyError: HTTPSConnectionPool(host='prec.sxzwfw.gov.cn', port=443): Max retries exceeded with url: /jyxxzbjh/1068721.jhtml (Caused by ProxyError('Unable to connect to proxy', OSError('Tunnel connection failed: 618 Internal Server Error'))) | https://prec.sxzwfw.gov.cn/jyxxzbjh/1068721.jhtml
    ✓ 历史招标计划
  [POST失败1/3] ReadTimeout: HTTPSConnectionPool(host='prec.sxzwfw.gov.cn', port=443): Read timed out. (read timeout=18) | https://prec.sxzwfw.gov.cn/queryContent-jyxx.jspx
  [POST失败2/3] ReadTimeout: HTTPSConnectionPool(host='prec.sxzwfw.gov.cn', port=443): Read timed out. (read timeout=18) | https://prec.sxzwfw.gov.cn/queryContent-jyxx.jspx
    ✓ 历史招标公告
  → upsert 完成：招标公告

  [招标公告] 大秦铁路股份有限公司大同电务段大秦线茶坞车站及区间信号设备大修工程项目
  [GET失败1/3] ReadTimeout: HTTPSConnectionPool(host='prec.sxzwfw.gov.cn', port=443): Read timed out. (read timeout=15) | https://prec.sxzwfw.gov.cn/jyxxgczb/1071164.jhtml
  [历史搜索] 大秦铁路股份有限公司大同电务段大秦线茶坞车站及区间信号设备大修工程项目
  [历史回填] 搜索项目：大秦铁路股份有限公司大同电务段大秦线茶坞车站及区间信号设备大修工程项目
    ✓ 历史招标公告
  [POST失败1/3] ReadTimeout: HTTPSConnectionPool(host='prec.sxzwfw.gov.cn', port=443): Read timed out. (read timeout=18) | https://prec.sxzwfw.gov.cn/queryContent-jyxx.jspx
  [POST失败2/3] ConnectionError: ('Connection aborted.', ConnectionResetError(104, 'Connection reset by peer')) | https://prec.sxzwfw.gov.cn/queryContent-jyxx.jspx
  [POST失败1/3] ReadTimeout: HTTPSConnectionPool(host='prec.sxzwfw.gov.cn', port=443): Read timed out. (read timeout=18) | https://prec.sxzwfw.gov.cn/queryContent-jyxx.jspx
  [POST失败2/3] ConnectionError: ('Connection aborted.', ConnectionResetError(104, 'Connection reset by peer')) | https://prec.sxzwfw.gov.cn/queryContent-jyxx.jspx
  [POST失败3/3] ConnectionError: ('Connection aborted.', ConnectionResetError(104, 'Connection reset by peer')) | https://prec.sxzwfw.gov.cn/queryContent-jyxx.jspx
  → upsert 完成：招标公告

  [招标公告] 大秦铁路股份有限公司大同电务段大秦线迁西车站及区间信号设备大修工程项目
  [GET失败1/3] ConnectionError: ('Connection aborted.', ConnectionResetError(104, 'Connection reset by peer')) | https://prec.sxzwfw.gov.cn/jyxxgczb/1071163.jhtml
  [GET失败2/3] ConnectionError: ('Connection aborted.', ConnectionResetError(104, 'Connection reset by peer')) | https://prec.sxzwfw.gov.cn/jyxxgczb/1071163.jhtml
  [历史搜索] 大秦铁路股份有限公司大同电务段大秦线迁西车站及区间信号设备大修工程项目
  [历史回填] 搜索项目：大秦铁路股份有限公司大同电务段大秦线迁西车站及区间信号设备大修工程项目
  [POST失败1/3] ReadTimeout: HTTPSConnectionPool(host='prec.sxzwfw.gov.cn', port=443): Read timed out. (read timeout=18) | https://prec.sxzwfw.gov.cn/queryContent-jyxx.jspx
  [GET失败1/3] ReadTimeout: HTTPSConnectionPool(host='prec.sxzwfw.gov.cn', port=443): Read timed out. (read timeout=15) | https://prec.sxzwfw.gov.cn/jyxxgczb/1071163.jhtml
    ✓ 历史招标公告
  [POST失败1/3] ReadTimeout: HTTPSConnectionPool(host='prec.sxzwfw.gov.cn', port=443): Read timed out. (read timeout=18) | https://prec.sxzwfw.gov.cn/queryContent-jyxx.jspx
  → upsert 完成：招标公告

  [招标公告] 晋城东南过境（北义城—大箕）高速公路项目施工图勘察设计
  [历史搜索] 晋城东南过境（北义城—大箕）高速公路项目施工图勘察设计
  [历史回填] 搜索项目：晋城东南过境（北义城—大箕）高速公路项目施工图勘察设计
  [POST失败1/3] ReadTimeout: HTTPSConnectionPool(host='prec.sxzwfw.gov.cn', port=443): Read timed out. (read timeout=18) | https://prec.sxzwfw.gov.cn/queryContent-jyxx.jspx
    ✓ 历史招标公告
  → upsert 完成：招标公告

  [招标公告] 浑源县顾册区域养老服务中心建设项目
  [历史搜索] 浑源县顾册区域养老服务中心建设项目
  [历史回填] 搜索项目：浑源县顾册区域养老服务中心建设项目
    ✓ 历史招标计划
    ✓ 历史招标公告
  → upsert 完成：招标公告

  [招标公告] 盐湖区公共实训基地建设项目监理
  [历史搜索] 盐湖区公共实训基地建设项目监理
  [历史回填] 搜索项目：盐湖区公共实训基地建设项目监理
  [GET失败1/3] ConnectionError: ('Connection aborted.', RemoteDisconnected('Remote end closed connection without response')) | https://prec.sxzwfw.gov.cn/jyxxzbjh/1037447.jhtml
    ✓ 历史招标计划
    ✓ 历史招标公告
  [POST失败1/3] ConnectionError: ('Connection aborted.', ConnectionResetError(104, 'Connection reset by peer')) | https://prec.sxzwfw.gov.cn/queryContent-jyxx.jspx
  → upsert 完成：招标公告

  [招标公告] 大同市平城区北辰西苑小区电梯更新项目
  [历史搜索] 大同市平城区北辰西苑小区电梯更新项目
  [历史回填] 搜索项目：大同市平城区北辰西苑小区电梯更新项目
    ✓ 历史招标计划
    ✓ 历史招标公告
  [POST失败1/3] ConnectionError: ('Connection aborted.', ConnectionResetError(104, 'Connection reset by peer')) | https://prec.sxzwfw.gov.cn/queryContent-jyxx.jspx
  [POST失败1/3] ConnectionError: ('Connection aborted.', ConnectionResetError(104, 'Connection reset by peer')) | https://prec.sxzwfw.gov.cn/queryContent-jyxx.jspx
  [POST失败1/3] ReadTimeout: HTTPSConnectionPool(host='prec.sxzwfw.gov.cn', port=443): Read timed out. (read timeout=18) | https://prec.sxzwfw.gov.cn/queryContent-jyxx.jspx
  → upsert 完成：招标公告

  [招标公告] 中北大学文博苑（5-8#、11#、12#、16#、17#）学生宿舍楼建设项目监理二标段项目
  [历史搜索] 中北大学文博苑（5-8#、11#、12#、16#、17#）学生宿舍楼建设项目监理二标段项目
  [历史回填] 搜索项目：中北大学文博苑（5-8#、11#、12#、16#、17#）学生宿舍楼建设项目监理二标段项目
  [POST失败1/3] ProxyError: HTTPSConnectionPool(host='prec.sxzwfw.gov.cn', port=443): Max retries exceeded with url: /queryContent-jyxx.jspx (Caused by ProxyError('Unable to connect to proxy', OSError('Tunnel connection failed: 407 Proxy Authentication Required'))) | https://prec.sxzwfw.gov.cn/queryContent-jyxx.jspx
    ✓ 历史招标公告
  [POST失败1/3] ConnectionError: ('Connection aborted.', ConnectionResetError(104, 'Connection reset by peer')) | https://prec.sxzwfw.gov.cn/queryContent-jyxx.jspx
  [POST失败2/3] ConnectionError: ('Connection aborted.', RemoteDisconnected('Remote end closed connection without response')) | https://prec.sxzwfw.gov.cn/queryContent-jyxx.jspx
  → upsert 完成：招标公告

  [未知公告] 中北大学文博苑（5-8#、11#、12#、16#、17#）学生宿舍楼建设项目监理二标段项目(1标段)最高投标限价
  [历史搜索] 中北大学文博苑（5-8#、11#、12#、16#、17#）学生宿舍楼建设项目监理二标段项目(1标段)最高投标限价
  [历史回填] 搜索项目：中北大学文博苑（5-8#、11#、12#、16#、17#）学生宿舍楼建设项目监理二标段项目(1标段)最高投标限价
  [POST失败1/3] ReadTimeout: HTTPSConnectionPool(host='prec.sxzwfw.gov.cn', port=443): Read timed out. (read timeout=18) | https://prec.sxzwfw.gov.cn/queryContent-jyxx.jspx
  → upsert 完成：未知公告

  [跳过-控制价] 唐河十里蔬菜长廊项目(东河南项目区）(1标段)招标控制价

  [招标公告] 朔州市朔城区人防人员掩蔽工程暂估价（风机）材料采购项目
  [历史搜索] 朔州市朔城区人防人员掩蔽工程暂估价（风机）材料采购项目
  [历史回填] 搜索项目：朔州市朔城区人防人员掩蔽工程暂估价（风机）材料采购项目
  [GET失败1/3] ConnectionError: ('Connection aborted.', RemoteDisconnected('Remote end closed connection without response')) | https://prec.sxzwfw.gov.cn/jyxxgczb/1071127.jhtml
  [GET失败2/3] ProxyError: HTTPSConnectionPool(host='prec.sxzwfw.gov.cn', port=443): Max retries exceeded with url: /jyxxgczb/1071127.jhtml (Caused by ProxyError('Unable to connect to proxy', RemoteDisconnected('Remote end closed connection without response'))) | https://prec.sxzwfw.gov.cn/jyxxgczb/1071127.jhtml
  [GET失败3/3] ReadTimeout: HTTPSConnectionPool(host='prec.sxzwfw.gov.cn', port=443): Read timed out. (read timeout=15) | https://prec.sxzwfw.gov.cn/jyxxgczb/1071127.jhtml
    ✓ 历史招标公告
  → upsert 完成：招标公告

  [跳过-控制价] 忻州市人民公园改造提升项目施工项目(1标段)招标控制价

  [招标公告] 国道209、309线吉县县城过境（丰收岭隧道）改线工程监理
  [GET失败1/3] ReadTimeout: HTTPSConnectionPool(host='prec.sxzwfw.gov.cn', port=443): Read timed out. (read timeout=15) | https://prec.sxzwfw.gov.cn/jyxxgczb/1071070.jhtml
  [历史搜索] 国道209、309线吉县县城过境（丰收岭隧道）改线工程监理
  [历史回填] 搜索项目：国道209、309线吉县县城过境（丰收岭隧道）改线工程监理
  [GET失败1/3] ConnectionError: ('Connection aborted.', ConnectionResetError(104, 'Connection reset by peer')) | https://prec.sxzwfw.gov.cn/jyxxgczb/1071070.jhtml
    ✓ 历史招标公告
  → upsert 完成：招标公告

  [招标公告] 忻州市人民公园改造提升项目施工
  [历史搜索] 忻州市人民公园改造提升项目施工
  [历史回填] 搜索项目：忻州市人民公园改造提升项目施工
  [POST失败1/3] ReadTimeout: HTTPSConnectionPool(host='prec.sxzwfw.gov.cn', port=443): Read timed out. (read timeout=18) | https://prec.sxzwfw.gov.cn/queryContent-jyxx.jspx
  [POST失败2/3] ConnectionError: ('Connection aborted.', RemoteDisconnected('Remote end closed connection without response')) | https://prec.sxzwfw.gov.cn/queryContent-jyxx.jspx
  [GET失败1/3] ConnectionError: ('Connection aborted.', RemoteDisconnected('Remote end closed connection without response')) | https://prec.sxzwfw.gov.cn/jyxxgczb/1071055.jhtml
  [GET失败2/3] ProxyError: HTTPSConnectionPool(host='prec.sxzwfw.gov.cn', port=443): Max retries exceeded with url: /jyxxgczb/1071055.jhtml (Caused by ProxyError('Unable to connect to proxy', OSError('Tunnel connection failed: 436 Proxy Authentication Failed'))) | https://prec.sxzwfw.gov.cn/jyxxgczb/1071055.jhtml
  [GET失败3/3] ConnectionError: ('Connection aborted.', RemoteDisconnected('Remote end closed connection without response')) | https://prec.sxzwfw.gov.cn/jyxxgczb/1071055.jhtml
    ✓ 历史招标公告
  [POST失败1/3] ConnectionError: ('Connection aborted.', RemoteDisconnected('Remote end closed connection without response')) | https://prec.sxzwfw.gov.cn/queryContent-jyxx.jspx
  [POST失败2/3] ConnectionError: ('Connection aborted.', ConnectionResetError(104, 'Connection reset by peer')) | https://prec.sxzwfw.gov.cn/queryContent-jyxx.jspx
  [POST失败3/3] ConnectionError: ('Connection aborted.', ConnectionResetError(104, 'Connection reset by peer')) | https://prec.sxzwfw.gov.cn/queryContent-jyxx.jspx
  [POST失败1/3] ConnectionError: ('Connection aborted.', ConnectionResetError(104, 'Connection reset by peer')) | https://prec.sxzwfw.gov.cn/queryContent-jyxx.jspx
  → upsert 完成：招标公告

  [招标公告] 文水县学校消防审验专项整治改造工程监理项目
  [GET失败1/3] ConnectionError: ('Connection aborted.', ConnectionResetError(104, 'Connection reset by peer')) | https://prec.sxzwfw.gov.cn/jyxxgczb/1071051.jhtml
  [历史搜索] 文水县学校消防审验专项整治改造工程监理项目
  [历史回填] 搜索项目：文水县学校消防审验专项整治改造工程监理项目
  [POST失败1/3] ReadTimeout: HTTPSConnectionPool(host='prec.sxzwfw.gov.cn', port=443): Read timed out. (read timeout=18) | https://prec.sxzwfw.gov.cn/queryContent-jyxx.jspx
  [GET失败1/3] ConnectionError: ('Connection aborted.', ConnectionResetError(104, 'Connection reset by peer')) | https://prec.sxzwfw.gov.cn/jyxxgczb/1071051.jhtml
  [GET失败2/3] ConnectionError: ('Connection aborted.', ConnectionResetError(104, 'Connection reset by peer')) | https://prec.sxzwfw.gov.cn/jyxxgczb/1071051.jhtml
  [GET失败3/3] ReadTimeout: HTTPSConnectionPool(host='prec.sxzwfw.gov.cn', port=443): Read timed out. (read timeout=15) | https://prec.sxzwfw.gov.cn/jyxxgczb/1071051.jhtml
    ✓ 历史招标公告
  [POST失败1/3] ConnectionError: ('Connection aborted.', ConnectionResetError(104, 'Connection reset by peer')) | https://prec.sxzwfw.gov.cn/queryContent-jyxx.jspx
  → upsert 完成：招标公告

  [跳过-控制价] 文水县学校消防审验专项整治改造工程监理项目招标控制价

  [招标公告] 侯马市垃圾焚烧发电项目特许经营者招标
  [GET失败1/3] ProxyError: HTTPSConnectionPool(host='prec.sxzwfw.gov.cn', port=443): Max retries exceeded with url: /jyxxgczb/1071012.jhtml (Caused by ProxyError('Unable to connect to proxy', OSError('Tunnel connection failed: 407 Proxy Authentication Required'))) | https://prec.sxzwfw.gov.cn/jyxxgczb/1071012.jhtml
  [历史搜索] 侯马市垃圾焚烧发电项目特许经营者招标
  [历史回填] 搜索项目：侯马市垃圾焚烧发电项目特许经营者招标
  [POST失败1/3] ConnectionError: ('Connection aborted.', ConnectionResetError(104, 'Connection reset by peer')) | https://prec.sxzwfw.gov.cn/queryContent-jyxx.jspx
    ✓ 历史招标公告
  [POST失败1/3] ProxyError: HTTPSConnectionPool(host='prec.sxzwfw.gov.cn', port=443): Max retries exceeded with url: /queryContent-jyxx.jspx (Caused by ProxyError('Unable to connect to proxy', OSError('Tunnel connection failed: 643 Proxy Authentication Failed'))) | https://prec.sxzwfw.gov.cn/queryContent-jyxx.jspx
  → upsert 完成：招标公告

  [招标公告] 中阳县南川河城区段生态综合治理和雨污管网更新改造项目监理
  [GET失败1/3] ConnectionError: ('Connection aborted.', ConnectionResetError(104, 'Connection reset by peer')) | https://prec.sxzwfw.gov.cn/jyxxgczb/1071008.jhtml
  [历史搜索] 中阳县南川河城区段生态综合治理和雨污管网更新改造项目监理
  [历史回填] 搜索项目：中阳县南川河城区段生态综合治理和雨污管网更新改造项目监理
  [POST失败1/3] ConnectionError: ('Connection aborted.', RemoteDisconnected('Remote end closed connection without response')) | https://prec.sxzwfw.gov.cn/queryContent-jyxx.jspx
  [POST失败2/3] ReadTimeout: HTTPSConnectionPool(host='prec.sxzwfw.gov.cn', port=443): Read timed out. (read timeout=18) | https://prec.sxzwfw.gov.cn/queryContent-jyxx.jspx
    ✓ 历史招标公告
  [POST失败1/3] ConnectionError: ('Connection aborted.', RemoteDisconnected('Remote end closed connection without response')) | https://prec.sxzwfw.gov.cn/queryContent-jyxx.jspx
  → upsert 完成：招标公告

  [跳过-控制价] 中阳县南川河城区段生态综合治理和雨污管网更新改造项目监理二次招标控制价

  [招标公告] 长治市上党区2026年“美丽蓝天”煤改电项目施工
  [历史搜索] 长治市上党区2026年“美丽蓝天”煤改电项目施工
  [历史回填] 搜索项目：长治市上党区2026年“美丽蓝天”煤改电项目施工
    ✓ 历史招标公告
  [POST失败1/3] ReadTimeout: HTTPSConnectionPool(host='prec.sxzwfw.gov.cn', port=443): Read timed out. (read timeout=18) | https://prec.sxzwfw.gov.cn/queryContent-jyxx.jspx
  → upsert 完成：招标公告

  [跳过-控制价] 介休市农村饮水安全标准化建设工程10kV配电工程招标控制价

  [招标公告] 右玉县人民医院综合楼配套工程信息化网络设备
  [历史搜索] 右玉县人民医院综合楼配套工程信息化网络设备
  [历史回填] 搜索项目：右玉县人民医院综合楼配套工程信息化网络设备
    ✓ 历史招标公告
  [POST失败1/3] ConnectionError: ('Connection aborted.', ConnectionResetError(104, 'Connection reset by peer')) | https://prec.sxzwfw.gov.cn/queryContent-jyxx.jspx
  → upsert 完成：招标公告

  [招标公告] 孝河幸福河湖建设工程监理项目
  [历史搜索] 孝河幸福河湖建设工程监理项目
  [历史回填] 搜索项目：孝河幸福河湖建设工程监理项目
  [POST失败1/3] ProxyError: HTTPSConnectionPool(host='prec.sxzwfw.gov.cn', port=443): Max retries exceeded with url: /queryContent-jyxx.jspx (Caused by ProxyError('Unable to connect to proxy', OSError('Tunnel connection failed: 407 Proxy Authentication Required'))) | https://prec.sxzwfw.gov.cn/queryContent-jyxx.jspx
  [GET失败1/3] ReadTimeout: HTTPSConnectionPool(host='prec.sxzwfw.gov.cn', port=443): Read timed out. (read timeout=15) | https://prec.sxzwfw.gov.cn/jyxxgczb/1070948.jhtml
  [GET失败2/3] ReadTimeout: HTTPSConnectionPool(host='prec.sxzwfw.gov.cn', port=443): Read timed out. (read timeout=15) | https://prec.sxzwfw.gov.cn/jyxxgczb/1070948.jhtml
    ✓ 历史招标公告
  [POST失败1/3] ProxyError: HTTPSConnectionPool(host='prec.sxzwfw.gov.cn', port=443): Max retries exceeded with url: /queryContent-jyxx.jspx (Caused by ProxyError('Unable to connect to proxy', OSError('Tunnel connection failed: 436 Proxy Authentication Failed'))) | https://prec.sxzwfw.gov.cn/queryContent-jyxx.jspx
  [POST失败2/3] ProxyError: HTTPSConnectionPool(host='prec.sxzwfw.gov.cn', port=443): Max retries exceeded with url: /queryContent-jyxx.jspx (Caused by ProxyError('Unable to connect to proxy', OSError('Tunnel connection failed: 435 Proxy Authentication Failed'))) | https://prec.sxzwfw.gov.cn/queryContent-jyxx.jspx
  [POST失败3/3] ConnectionError: ('Connection aborted.', ConnectionResetError(104, 'Connection reset by peer')) | https://prec.sxzwfw.gov.cn/queryContent-jyxx.jspx
  → upsert 完成：招标公告

  [跳过-控制价] 孝河幸福河湖建设工程监理项目招标控制价

  [跳过-控制价] 兴县经济技术开发区绿电园区210MW光伏项目（分布式光伏1万千瓦工程）施工施工招标控制价

  [招标公告] 兴县经济技术开发区绿电园区210MW光伏项目（分布式光伏1万千瓦工程）施工施工
  [GET失败1/3] ReadTimeout: HTTPSConnectionPool(host='prec.sxzwfw.gov.cn', port=443): Read timed out. (read timeout=15) | https://prec.sxzwfw.gov.cn/jyxxgczb/1070893.jhtml
  [GET失败2/3] ReadTimeout: HTTPSConnectionPool(host='prec.sxzwfw.gov.cn', port=443): Read timed out. (read timeout=15) | https://prec.sxzwfw.gov.cn/jyxxgczb/1070893.jhtml
  [GET失败3/3] ReadTimeout: HTTPSConnectionPool(host='prec.sxzwfw.gov.cn', port=443): Read timed out. (read timeout=15) | https://prec.sxzwfw.gov.cn/jyxxgczb/1070893.jhtml
  [历史搜索] 兴县经济技术开发区绿电园区210MW光伏项目（分布式光伏1万千瓦工程）施工施工
  [历史回填] 搜索项目：兴县经济技术开发区绿电园区210MW光伏项目（分布式光伏1万千瓦工程）施工施工
  [POST失败1/3] ConnectionError: ('Connection aborted.', RemoteDisconnected('Remote end closed connection without response')) | https://prec.sxzwfw.gov.cn/queryContent-jyxx.jspx
    ✓ 历史招标公告
  → upsert 完成：招标公告

  [跳过-控制价] 宁武县2026年农村公路改造项目施工项目(1标段)招标控制价

  [招标公告] 介休市义棠镇郭壁村采煤沉陷区搬迁安置后旧房拆除及土地复垦项目
  [历史搜索] 介休市义棠镇郭壁村采煤沉陷区搬迁安置后旧房拆除及土地复垦项目
  [历史回填] 搜索项目：介休市义棠镇郭壁村采煤沉陷区搬迁安置后旧房拆除及土地复垦项目
  [POST失败1/3] ProxyError: HTTPSConnectionPool(host='prec.sxzwfw.gov.cn', port=443): Max retries exceeded with url: /queryContent-jyxx.jspx (Caused by ProxyError('Unable to connect to proxy', RemoteDisconnected('Remote end closed connection without response'))) | https://prec.sxzwfw.gov.cn/queryContent-jyxx.jspx
    ✓ 历史招标计划
  [POST失败1/3] ConnectionError: ('Connection aborted.', ConnectionResetError(104, 'Connection reset by peer')) | https://prec.sxzwfw.gov.cn/queryContent-jyxx.jspx
  [POST失败2/3] ConnectionError: ('Connection aborted.', ConnectionResetError(104, 'Connection reset by peer')) | https://prec.sxzwfw.gov.cn/queryContent-jyxx.jspx
    ✓ 历史招标公告
  [POST失败1/3] ConnectionError: ('Connection aborted.', ConnectionResetError(104, 'Connection reset by peer')) | https://prec.sxzwfw.gov.cn/queryContent-jyxx.jspx
  → upsert 完成：招标公告

  [跳过-控制价] 长治市屯留区城乡生活西部供水工程勘察设计项目二次招标控制价

  [招标公告] 长治市第二中学校（滨湖校区）建设项目初步设计
  [GET失败1/3] ReadTimeout: HTTPSConnectionPool(host='prec.sxzwfw.gov.cn', port=443): Read timed out. (read timeout=15) | https://prec.sxzwfw.gov.cn/jyxxgczb/1070858.jhtml
  [GET失败2/3] ReadTimeout: HTTPSConnectionPool(host='prec.sxzwfw.gov.cn', port=443): Read timed out. (read timeout=15) | https://prec.sxzwfw.gov.cn/jyxxgczb/1070858.jhtml
  [GET失败3/3] ConnectionError: ('Connection aborted.', ConnectionResetError(104, 'Connection reset by peer')) | https://prec.sxzwfw.gov.cn/jyxxgczb/1070858.jhtml
  [历史搜索] 长治市第二中学校（滨湖校区）建设项目初步设计
  [历史回填] 搜索项目：长治市第二中学校（滨湖校区）建设项目初步设计
  [POST失败1/3] ConnectionError: ('Connection aborted.', ConnectionResetError(104, 'Connection reset by peer')) | https://prec.sxzwfw.gov.cn/queryContent-jyxx.jspx
  [POST失败1/3] ConnectionError: ('Connection aborted.', ConnectionResetError(104, 'Connection reset by peer')) | https://prec.sxzwfw.gov.cn/queryContent-jyxx.jspx
  [POST失败2/3] ReadTimeout: HTTPSConnectionPool(host='prec.sxzwfw.gov.cn', port=443): Read timed out. (read timeout=18) | https://prec.sxzwfw.gov.cn/queryContent-jyxx.jspx
    ✓ 历史招标公告
  [POST失败1/3] ConnectionError: ('Connection aborted.', ConnectionResetError(104, 'Connection reset by peer')) | https://prec.sxzwfw.gov.cn/queryContent-jyxx.jspx
  [POST失败1/3] ConnectionError: ('Connection aborted.', ConnectionResetError(104, 'Connection reset by peer')) | https://prec.sxzwfw.gov.cn/queryContent-jyxx.jspx
  [POST失败2/3] ConnectionError: ('Connection aborted.', ConnectionResetError(104, 'Connection reset by peer')) | https://prec.sxzwfw.gov.cn/queryContent-jyxx.jspx
  → upsert 完成：招标公告

  [招标公告] 朔城区张辽北路片区、怡西路片区等7个片区集中供热改造及配套生命线工程全过程咨询服务
  [GET失败1/3] ConnectionError: ('Connection aborted.', ConnectionResetError(104, 'Connection reset by peer')) | https://prec.sxzwfw.gov.cn/jyxxgczb/1070846.jhtml
  [历史搜索] 朔城区张辽北路片区、怡西路片区等7个片区集中供热改造及配套生命线工程全过程咨询服务
  [历史回填] 搜索项目：朔城区张辽北路片区、怡西路片区等7个片区集中供热改造及配套生命线工程全过程咨询服务
  [POST失败1/3] ProxyError: HTTPSConnectionPool(host='prec.sxzwfw.gov.cn', port=443): Max retries exceeded with url: /queryContent-jyxx.jspx (Caused by ProxyError('Unable to connect to proxy', RemoteDisconnected('Remote end closed connection without response'))) | https://prec.sxzwfw.gov.cn/queryContent-jyxx.jspx
    ✓ 历史招标公告
  [POST失败1/3] ReadTimeout: HTTPSConnectionPool(host='prec.sxzwfw.gov.cn', port=443): Read timed out. (read timeout=18) | https://prec.sxzwfw.gov.cn/queryContent-jyxx.jspx
  [POST失败2/3] ConnectionError: ('Connection aborted.', ConnectionResetError(104, 'Connection reset by peer')) | https://prec.sxzwfw.gov.cn/queryContent-jyxx.jspx
  → upsert 完成：招标公告

  [跳过-控制价] 万孟公路赵家庄-陈家湾段路面改造工程施工项目招标控制价

  [招标公告] 万孟公路赵家庄-陈家湾段路面改造工程施工项目
  [历史搜索] 万孟公路赵家庄-陈家湾段路面改造工程施工项目
  [历史回填] 搜索项目：万孟公路赵家庄-陈家湾段路面改造工程施工项目
    ✓ 历史招标公告
  → upsert 完成：招标公告

  [跳过-控制价] 潇河晋中市榆次区城区段防洪能力提升工程勘察和初步设计招标控制价

  [跳过-控制价] 长治市第二中学校（滨湖校区）建设项目勘察招标控制价

  [跳过-控制价] 临猗县楚侯污水处理厂提标改造工程招标控制价

  [未知公告] 中北大学文博苑（5-8#、11#、12#、16#、17#）学生宿舍楼建设项目监理一标段项目(1标段)最高投标限价
  [历史搜索] 中北大学文博苑（5-8#、11#、12#、16#、17#）学生宿舍楼建设项目监理一标段项目(1标段)最高投标限价
  [历史回填] 搜索项目：中北大学文博苑（5-8#、11#、12#、16#、17#）学生宿舍楼建设项目监理一标段项目(1标段)最高投标限价
  [POST失败1/3] ConnectionError: ('Connection aborted.', ConnectionResetError(104, 'Connection reset by peer')) | https://prec.sxzwfw.gov.cn/queryContent-jyxx.jspx
  [POST失败1/3] ConnectionError: ('Connection aborted.', ConnectionResetError(104, 'Connection reset by peer')) | https://prec.sxzwfw.gov.cn/queryContent-jyxx.jspx
  → upsert 完成：未知公告

  [招标公告] 中北大学文博苑（5-8#、11#、12#、16#、17#）学生宿舍楼建设项目监理一标段项目
  [GET失败1/3] ConnectionError: ('Connection aborted.', ConnectionResetError(104, 'Connection reset by peer')) | https://prec.sxzwfw.gov.cn/jyxxgczb/1070766.jhtml
  [历史搜索] 中北大学文博苑（5-8#、11#、12#、16#、17#）学生宿舍楼建设项目监理一标段项目
  [历史回填] 搜索项目：中北大学文博苑（5-8#、11#、12#、16#、17#）学生宿舍楼建设项目监理一标段项目
  [GET失败1/3] ProxyError: HTTPSConnectionPool(host='prec.sxzwfw.gov.cn', port=443): Max retries exceeded with url: /jyxxgczb/1070766.jhtml (Caused by ProxyError('Unable to connect to proxy', RemoteDisconnected('Remote end closed connection without response'))) | https://prec.sxzwfw.gov.cn/jyxxgczb/1070766.jhtml
    ✓ 历史招标公告
  → upsert 完成：招标公告

  [未知公告] 杏花新城配套道路一铁路南侧规划路建设项目施工项目(1标段)最高投标限价
  [历史搜索] 杏花新城配套道路一铁路南侧规划路建设项目施工项目(1标段)最高投标限价
  [历史回填] 搜索项目：杏花新城配套道路一铁路南侧规划路建设项目施工项目(1标段)最高投标限价
  [POST失败1/3] ReadTimeout: HTTPSConnectionPool(host='prec.sxzwfw.gov.cn', port=443): Read timed out. (read timeout=18) | https://prec.sxzwfw.gov.cn/queryContent-jyxx.jspx
  [POST失败1/3] ReadTimeout: HTTPSConnectionPool(host='prec.sxzwfw.gov.cn', port=443): Read timed out. (read timeout=18) | https://prec.sxzwfw.gov.cn/queryContent-jyxx.jspx
  [POST失败2/3] ReadTimeout: HTTPSConnectionPool(host='prec.sxzwfw.gov.cn', port=443): Read timed out. (read timeout=18) | https://prec.sxzwfw.gov.cn/queryContent-jyxx.jspx
  [POST失败3/3] ConnectionError: ('Connection aborted.', ConnectionResetError(104, 'Connection reset by peer')) | https://prec.sxzwfw.gov.cn/queryContent-jyxx.jspx
  → upsert 完成：未知公告

  [招标公告] 杏花新城配套道路一铁路南侧规划路建设项目施工项目
  [GET失败1/3] ConnectionError: ('Connection aborted.', ConnectionResetError(104, 'Connection reset by peer')) | https://prec.sxzwfw.gov.cn/jyxxgczb/1070764.jhtml
  [GET失败2/3] ReadTimeout: HTTPSConnectionPool(host='prec.sxzwfw.gov.cn', port=443): Read timed out. (read timeout=15) | https://prec.sxzwfw.gov.cn/jyxxgczb/1070764.jhtml
  [GET失败3/3] ProxyError: HTTPSConnectionPool(host='prec.sxzwfw.gov.cn', port=443): Max retries exceeded with url: /jyxxgczb/1070764.jhtml (Caused by ProxyError('Unable to connect to proxy', OSError('Tunnel connection failed: 407 Proxy Authentication Required'))) | https://prec.sxzwfw.gov.cn/jyxxgczb/1070764.jhtml
  [历史搜索] 杏花新城配套道路一铁路南侧规划路建设项目施工项目
  [历史回填] 搜索项目：杏花新城配套道路一铁路南侧规划路建设项目施工项目
  [POST失败1/3] ReadTimeout: HTTPSConnectionPool(host='prec.sxzwfw.gov.cn', port=443): Read timed out. (read timeout=18) | https://prec.sxzwfw.gov.cn/queryContent-jyxx.jspx
  [GET失败1/3] ProxyError: HTTPSConnectionPool(host='prec.sxzwfw.gov.cn', port=443): Max retries exceeded with url: /jyxxgczb/1070764.jhtml (Caused by ProxyError('Unable to connect to proxy', RemoteDisconnected('Remote end closed connection without response'))) | https://prec.sxzwfw.gov.cn/jyxxgczb/1070764.jhtml
    ✓ 历史招标公告
  [POST失败1/3] ConnectionError: ('Connection aborted.', ConnectionResetError(104, 'Connection reset by peer')) | https://prec.sxzwfw.gov.cn/queryContent-jyxx.jspx
  [POST失败2/3] ConnectionError: ('Connection aborted.', ConnectionResetError(104, 'Connection reset by peer')) | https://prec.sxzwfw.gov.cn/queryContent-jyxx.jspx
  → upsert 完成：招标公告

  [未知公告] 古县中小学幼儿园消防改造工程(专项整治)最高投标限价公示
  [历史搜索] 古县中小学幼儿园消防改造工程(专项整治)最高投标限价公示
  [历史回填] 搜索项目：古县中小学幼儿园消防改造工程(专项整治)最高投标限价公示
  [POST失败1/3] ConnectionError: ('Connection aborted.', ConnectionResetError(104, 'Connection reset by peer')) | https://prec.sxzwfw.gov.cn/queryContent-jyxx.jspx
  [POST失败1/3] ConnectionError: ('Connection aborted.', ConnectionResetError(104, 'Connection reset by peer')) | https://prec.sxzwfw.gov.cn/queryContent-jyxx.jspx
  [POST失败1/3] ConnectionError: ('Connection aborted.', RemoteDisconnected('Remote end closed connection without response')) | https://prec.sxzwfw.gov.cn/queryContent-jyxx.jspx
  [POST失败2/3] ReadTimeout: HTTPSConnectionPool(host='prec.sxzwfw.gov.cn', port=443): Read timed out. (read timeout=18) | https://prec.sxzwfw.gov.cn/queryContent-jyxx.jspx
  → upsert 完成：未知公告

  [跳过-控制价] 大宁县2026年城镇老旧小区改造项目招标控制价公示

===== 第三步：变更公告 =====
  [列表] channelId=13 第1页...
  [POST失败1/3] ConnectionError: ('Connection aborted.', ConnectionResetError(104, 'Connection reset by peer')) | https://prec.sxzwfw.gov.cn/queryContent-jyxx.jspx
  [POST失败2/3] ReadTimeout: HTTPSConnectionPool(host='prec.sxzwfw.gov.cn', port=443): Read timed out. (read timeout=18) | https://prec.sxzwfw.gov.cn/queryContent-jyxx.jspx
  [列表] 总条数=12，当前已获取=10
  [列表] channelId=13 第2页...
  [列表] 总条数=12，当前已获取=12
  [列表] 共 12 条

  [变更公告] 晋城市老城北片区景德A区块改造工程(平衡地块)施工招标二次
  [历史搜索] 晋城市老城北片区景德A区块改造工程(平衡地块)施工招标二次
  [历史回填] 搜索项目：晋城市老城北片区景德A区块改造工程(平衡地块)施工招标二次
  [POST失败1/3] ReadTimeout: HTTPSConnectionPool(host='prec.sxzwfw.gov.cn', port=443): Read timed out. (read timeout=18) | https://prec.sxzwfw.gov.cn/queryContent-jyxx.jspx
  [POST失败2/3] ConnectionError: ('Connection aborted.', ConnectionResetError(104, 'Connection reset by peer')) | https://prec.sxzwfw.gov.cn/queryContent-jyxx.jspx
  [POST失败1/3] ConnectionError: ('Connection aborted.', ConnectionResetError(104, 'Connection reset by peer')) | https://prec.sxzwfw.gov.cn/queryContent-jyxx.jspx
  → upsert 完成：变更公告

  [变更公告] 晋城市老城北片区景德A区块改造工程(平衡地块)施工招标
  [历史搜索] 晋城市老城北片区景德A区块改造工程(平衡地块)施工招标
  [历史回填] 搜索项目：晋城市老城北片区景德A区块改造工程(平衡地块)施工招标
  [POST失败1/3] ProxyError: HTTPSConnectionPool(host='prec.sxzwfw.gov.cn', port=443): Max retries exceeded with url: /queryContent-jyxx.jspx (Caused by ProxyError('Unable to connect to proxy', OSError('Tunnel connection failed: 618 Internal Server Error'))) | https://prec.sxzwfw.gov.cn/queryContent-jyxx.jspx
  [GET失败1/3] ReadTimeout: HTTPSConnectionPool(host='prec.sxzwfw.gov.cn', port=443): Read timed out. (read timeout=15) | https://prec.sxzwfw.gov.cn/jyxxgczb/1069975.jhtml
    ✓ 历史招标公告
  → upsert 完成：变更公告

  [变更公告] 上党革命老区散煤清零（长治市平顺县）工程项目（一期）锅炉附属设施设备(第七标段、第八标段、第九标段)招标
  [历史搜索] 上党革命老区散煤清零（长治市平顺县）工程项目（一期）锅炉附属设施设备(第七标段、第八标段、第九标段)招标
  [历史回填] 搜索项目：上党革命老区散煤清零（长治市平顺县）工程项目（一期）锅炉附属设施设备(第七标段、第八标段、第九标段)招标
    ✓ 历史招标公告
  [POST失败1/3] ConnectionError: ('Connection aborted.', ConnectionResetError(104, 'Connection reset by peer')) | https://prec.sxzwfw.gov.cn/queryContent-jyxx.jspx
  → upsert 完成：变更公告

  [变更公告] 丁村遗址博物馆建设项目（土建安装及室外工程）
  [历史搜索] 丁村遗址博物馆建设项目（土建安装及室外工程）
  [历史回填] 搜索项目：丁村遗址博物馆建设项目（土建安装及室外工程）
  [GET失败1/3] ReadTimeout: HTTPSConnectionPool(host='prec.sxzwfw.gov.cn', port=443): Read timed out. (read timeout=15) | https://prec.sxzwfw.gov.cn/jyxxgczb/1065813.jhtml
  [GET失败2/3] ConnectionError: ('Connection aborted.', ConnectionResetError(104, 'Connection reset by peer')) | https://prec.sxzwfw.gov.cn/jyxxgczb/1065813.jhtml
    ✓ 历史招标公告
  [POST失败1/3] ConnectionError: ('Connection aborted.', ConnectionResetError(104, 'Connection reset by peer')) | https://prec.sxzwfw.gov.cn/queryContent-jyxx.jspx
  → upsert 完成：变更公告

  [延期公告] 唐河十里蔬菜长廊项目(东河南项目区）
  [历史搜索] 唐河十里蔬菜长廊项目(东河南项目区）
  [历史回填] 搜索项目：唐河十里蔬菜长廊项目(东河南项目区）
    ✓ 历史招标公告
  [POST失败1/3] ProxyError: HTTPSConnectionPool(host='prec.sxzwfw.gov.cn', port=443): Max retries exceeded with url: /queryContent-jyxx.jspx (Caused by ProxyError('Unable to connect to proxy', OSError('Tunnel connection failed: 436 Proxy Authentication Failed'))) | https://prec.sxzwfw.gov.cn/queryContent-jyxx.jspx
  [POST失败2/3] ConnectionError: ('Connection aborted.', ConnectionResetError(104, 'Connection reset by peer')) | https://prec.sxzwfw.gov.cn/queryContent-jyxx.jspx
  → upsert 完成：延期公告

  [澄清公告] 安泽县地下管网提升改造及城市生命线安全工程项目工程总承包（EPC）澄清补遗
  [历史搜索] 安泽县地下管网提升改造及城市生命线安全工程项目工程总承包（EPC）澄清补遗
  [历史回填] 搜索项目：安泽县地下管网提升改造及城市生命线安全工程项目工程总承包（EPC）澄清补遗
  [POST失败1/3] ReadTimeout: HTTPSConnectionPool(host='prec.sxzwfw.gov.cn', port=443): Read timed out. (read timeout=18) | https://prec.sxzwfw.gov.cn/queryContent-jyxx.jspx
  [POST失败2/3] ReadTimeout: HTTPSConnectionPool(host='prec.sxzwfw.gov.cn', port=443): Read timed out. (read timeout=18) | https://prec.sxzwfw.gov.cn/queryContent-jyxx.jspx
  [POST失败1/3] ReadTimeout: HTTPSConnectionPool(host='prec.sxzwfw.gov.cn', port=443): Read timed out. (read timeout=18) | https://prec.sxzwfw.gov.cn/queryContent-jyxx.jspx
  [POST失败2/3] ReadTimeout: HTTPSConnectionPool(host='prec.sxzwfw.gov.cn', port=443): Read timed out. (read timeout=18) | https://prec.sxzwfw.gov.cn/queryContent-jyxx.jspx
  [POST失败1/3] ReadTimeout: HTTPSConnectionPool(host='prec.sxzwfw.gov.cn', port=443): Read timed out. (read timeout=18) | https://prec.sxzwfw.gov.cn/queryContent-jyxx.jspx
  → upsert 完成：澄清公告

  [变更公告] 丁村遗址博物馆建设项目监理二次
  [历史搜索] 丁村遗址博物馆建设项目监理二次
  [历史回填] 搜索项目：丁村遗址博物馆建设项目监理二次
  [POST失败1/3] ReadTimeout: HTTPSConnectionPool(host='prec.sxzwfw.gov.cn', port=443): Read timed out. (read timeout=18) | https://prec.sxzwfw.gov.cn/queryContent-jyxx.jspx
  [POST失败2/3] ProxyError: HTTPSConnectionPool(host='prec.sxzwfw.gov.cn', port=443): Max retries exceeded with url: /queryContent-jyxx.jspx (Caused by ProxyError('Unable to connect to proxy', OSError('Tunnel connection failed: 407 Proxy Authentication Required'))) | https://prec.sxzwfw.gov.cn/queryContent-jyxx.jspx
  [POST失败1/3] ReadTimeout: HTTPSConnectionPool(host='prec.sxzwfw.gov.cn', port=443): Read timed out. (read timeout=18) | https://prec.sxzwfw.gov.cn/queryContent-jyxx.jspx
  [POST失败2/3] ReadTimeout: HTTPSConnectionPool(host='prec.sxzwfw.gov.cn', port=443): Read timed out. (read timeout=18) | https://prec.sxzwfw.gov.cn/queryContent-jyxx.jspx
  [POST失败1/3] ConnectionError: ('Connection aborted.', RemoteDisconnected('Remote end closed connection without response')) | https://prec.sxzwfw.gov.cn/queryContent-jyxx.jspx
  [POST失败2/3] ReadTimeout: HTTPSConnectionPool(host='prec.sxzwfw.gov.cn', port=443): Read timed out. (read timeout=18) | https://prec.sxzwfw.gov.cn/queryContent-jyxx.jspx
  → upsert 完成：变更公告

  [澄清公告] 山西潞安矿业集团慈林山煤业有限公司李村煤矿生活污水处理站扩容改造工程（EPC）项目
  [历史搜索] 山西潞安矿业集团慈林山煤业有限公司李村煤矿生活污水处理站扩容改造工程（EPC）项目
  [历史回填] 搜索项目：山西潞安矿业集团慈林山煤业有限公司李村煤矿生活污水处理站扩容改造工程（EPC）项目
    ✓ 历史招标公告
  [POST失败1/3] ReadTimeout: HTTPSConnectionPool(host='prec.sxzwfw.gov.cn', port=443): Read timed out. (read timeout=18) | https://prec.sxzwfw.gov.cn/queryContent-jyxx.jspx
  [POST失败1/3] ReadTimeout: HTTPSConnectionPool(host='prec.sxzwfw.gov.cn', port=443): Read timed out. (read timeout=18) | https://prec.sxzwfw.gov.cn/queryContent-jyxx.jspx
  → upsert 完成：澄清公告

  [澄清公告] 阳城县蟒河镇泥河至出水道路提质改造工程施工招标二次
  [历史搜索] 阳城县蟒河镇泥河至出水道路提质改造工程施工招标二次
  [历史回填] 搜索项目：阳城县蟒河镇泥河至出水道路提质改造工程施工招标二次
  [POST失败1/3] ConnectionError: ('Connection aborted.', ConnectionResetError(104, 'Connection reset by peer')) | https://prec.sxzwfw.gov.cn/queryContent-jyxx.jspx
  [POST失败1/3] ConnectionError: ('Connection aborted.', ConnectionResetError(104, 'Connection reset by peer')) | https://prec.sxzwfw.gov.cn/queryContent-jyxx.jspx
  [POST失败2/3] ProxyError: HTTPSConnectionPool(host='prec.sxzwfw.gov.cn', port=443): Max retries exceeded with url: /queryContent-jyxx.jspx (Caused by ProxyError('Unable to connect to proxy', OSError('Tunnel connection failed: 407 Proxy Authentication Required'))) | https://prec.sxzwfw.gov.cn/queryContent-jyxx.jspx
  → upsert 完成：澄清公告

  [变更公告] 柳林县贾家垣乡李家焉至双则公路工程施工项目
  [历史搜索] 柳林县贾家垣乡李家焉至双则公路工程施工项目
  [历史回填] 搜索项目：柳林县贾家垣乡李家焉至双则公路工程施工项目
  [POST失败1/3] ConnectionError: ('Connection aborted.', RemoteDisconnected('Remote end closed connection without response')) | https://prec.sxzwfw.gov.cn/queryContent-jyxx.jspx
  [GET失败1/3] ReadTimeout: HTTPSConnectionPool(host='prec.sxzwfw.gov.cn', port=443): Read timed out. (read timeout=15) | https://prec.sxzwfw.gov.cn/jyxxgczb/1069790.jhtml
  [GET失败2/3] ConnectionError: ('Connection aborted.', ConnectionResetError(104, 'Connection reset by peer')) | https://prec.sxzwfw.gov.cn/jyxxgczb/1069790.jhtml
    ✓ 历史招标公告
  [POST失败1/3] ConnectionError: ('Connection aborted.', RemoteDisconnected('Remote end closed connection without response')) | https://prec.sxzwfw.gov.cn/queryContent-jyxx.jspx
  [POST失败1/3] ConnectionError: ('Connection aborted.', ConnectionResetError(104, 'Connection reset by peer')) | https://prec.sxzwfw.gov.cn/queryContent-jyxx.jspx
  → upsert 完成：变更公告

  [变更公告] 潇河晋中市榆次区城区段防洪能力提升工程勘察和初步设计招标
  [历史搜索] 潇河晋中市榆次区城区段防洪能力提升工程勘察和初步设计招标
  [历史回填] 搜索项目：潇河晋中市榆次区城区段防洪能力提升工程勘察和初步设计招标
  [POST失败1/3] ReadTimeout: HTTPSConnectionPool(host='prec.sxzwfw.gov.cn', port=443): Read timed out. (read timeout=18) | https://prec.sxzwfw.gov.cn/queryContent-jyxx.jspx
  [POST失败2/3] ConnectionError: ('Connection aborted.', ConnectionResetError(104, 'Connection reset by peer')) | https://prec.sxzwfw.gov.cn/queryContent-jyxx.jspx
  [POST失败3/3] ConnectionError: ('Connection aborted.', ConnectionResetError(104, 'Connection reset by peer')) | https://prec.sxzwfw.gov.cn/queryContent-jyxx.jspx
    ✓ 历史招标公告
  [POST失败1/3] ConnectionError: ('Connection aborted.', ConnectionResetError(104, 'Connection reset by peer')) | https://prec.sxzwfw.gov.cn/queryContent-jyxx.jspx
  → upsert 完成：变更公告

  [延期公告] 汾西县再生水回用项目变更及
  [历史搜索] 汾西县再生水回用项目变更及
  [历史回填] 搜索项目：汾西县再生水回用项目变更及
  → upsert 完成：延期公告

===== 第四步：中标候选人公示 =====
  [列表] channelId=14 第1页...
  [POST失败1/3] ConnectionError: ('Connection aborted.', ConnectionResetError(104, 'Connection reset by peer')) | https://prec.sxzwfw.gov.cn/queryContent-jyxx.jspx
  [POST失败2/3] ConnectionError: ('Connection aborted.', RemoteDisconnected('Remote end closed connection without response')) | https://prec.sxzwfw.gov.cn/queryContent-jyxx.jspx
  [列表] 总条数=30，当前已获取=10
  [列表] channelId=14 第2页...
  [列表] 总条数=30，当前已获取=20
  [列表] channelId=14 第3页...
  [POST失败1/3] ReadTimeout: HTTPSConnectionPool(host='prec.sxzwfw.gov.cn', port=443): Read timed out. (read timeout=18) | https://prec.sxzwfw.gov.cn/queryContent_3-jyxx.jspx
  [列表] 总条数=30，当前已获取=30
  [列表] 共 30 条

  [中标候选人公示] 天镇县G512-宏兴实业公司等四条资源路、产业路改造工程
  [历史搜索] 天镇县G512-宏兴实业公司等四条资源路、产业路改造工程
  [历史回填] 搜索项目：天镇县G512-宏兴实业公司等四条资源路、产业路改造工程
    ✓ 历史招标计划
    ✓ 历史招标公告
  [POST失败1/3] ReadTimeout: HTTPSConnectionPool(host='prec.sxzwfw.gov.cn', port=443): Read timed out. (read timeout=18) | https://prec.sxzwfw.gov.cn/queryContent-jyxx.jspx
  [GET失败1/3] ConnectionError: ('Connection aborted.', ConnectionResetError(104, 'Connection reset by peer')) | https://prec.sxzwfw.gov.cn/jyxxgchxr/1071109.jhtml
    ✓ 历史候选人监督部门
  → upsert 完成：中标候选人公示

  [中标候选人公示] 襄垣县农村生活污水治理项目（第一标段）施工重新二次
  [GET失败1/3] ConnectionError: ('Connection aborted.', ConnectionResetError(104, 'Connection reset by peer')) | https://prec.sxzwfw.gov.cn/jyxxgchxr/1071038.jhtml
  [历史搜索] 襄垣县农村生活污水治理项目（第一标段）施工重新二次
  [历史回填] 搜索项目：襄垣县农村生活污水治理项目（第一标段）施工重新二次
  [POST失败1/3] ProxyError: HTTPSConnectionPool(host='prec.sxzwfw.gov.cn', port=443): Max retries exceeded with url: /queryContent-jyxx.jspx (Caused by ProxyError('Unable to connect to proxy', OSError('Tunnel connection failed: 436 Proxy Authentication Failed'))) | https://prec.sxzwfw.gov.cn/queryContent-jyxx.jspx
    ✓ 历史招标公告
    ✓ 历史候选人监督部门
  [POST失败1/3] ProxyError: HTTPSConnectionPool(host='prec.sxzwfw.gov.cn', port=443): Max retries exceeded with url: /queryContent-jyxx.jspx (Caused by ProxyError('Unable to connect to proxy', RemoteDisconnected('Remote end closed connection without response'))) | https://prec.sxzwfw.gov.cn/queryContent-jyxx.jspx
  → upsert 完成：中标候选人公示

  [中标候选人公示] 惠科阳曲200MW风力发电项目EPC总承包（一期）
  [历史搜索] 惠科阳曲200MW风力发电项目EPC总承包（一期）
  [历史回填] 搜索项目：惠科阳曲200MW风力发电项目EPC总承包（一期）
  [POST失败1/3] ProxyError: HTTPSConnectionPool(host='prec.sxzwfw.gov.cn', port=443): Max retries exceeded with url: /queryContent-jyxx.jspx (Caused by ProxyError('Unable to connect to proxy', RemoteDisconnected('Remote end closed connection without response'))) | https://prec.sxzwfw.gov.cn/queryContent-jyxx.jspx
  [GET失败1/3] ConnectionError: ('Connection aborted.', ConnectionResetError(104, 'Connection reset by peer')) | https://prec.sxzwfw.gov.cn/jyxxgczb/1063713.jhtml
    ✓ 历史招标公告
  [POST失败1/3] ReadTimeout: HTTPSConnectionPool(host='prec.sxzwfw.gov.cn', port=443): Read timed out. (read timeout=18) | https://prec.sxzwfw.gov.cn/queryContent-jyxx.jspx
    ✓ 历史候选人监督部门
  [POST失败1/3] ConnectionError: ('Connection aborted.', ConnectionResetError(104, 'Connection reset by peer')) | https://prec.sxzwfw.gov.cn/queryContent-jyxx.jspx
  → upsert 完成：中标候选人公示

  [中标候选人公示] 长治市上党区工人文化宫改造项目设计施工总承包
  [历史搜索] 长治市上党区工人文化宫改造项目设计施工总承包
  [历史回填] 搜索项目：长治市上党区工人文化宫改造项目设计施工总承包
  [POST失败1/3] ConnectionError: ('Connection aborted.', ConnectionResetError(104, 'Connection reset by peer')) | https://prec.sxzwfw.gov.cn/queryContent-jyxx.jspx
    ✓ 历史招标公告
    ✓ 历史候选人监督部门
  → upsert 完成：中标候选人公示

  [中标候选人公示] 阳高县大泉山食用菌数智科创园项目
  [历史搜索] 阳高县大泉山食用菌数智科创园项目
  [历史回填] 搜索项目：阳高县大泉山食用菌数智科创园项目
  [POST失败1/3] ProxyError: HTTPSConnectionPool(host='prec.sxzwfw.gov.cn', port=443): Max retries exceeded with url: /queryContent-jyxx.jspx (Caused by ProxyError('Unable to connect to proxy', OSError('Tunnel connection failed: 407 Proxy Authentication Required'))) | https://prec.sxzwfw.gov.cn/queryContent-jyxx.jspx
    ✓ 历史招标计划
    ✓ 历史招标公告
    ✓ 历史候选人监督部门
  → upsert 完成：中标候选人公示

  [中标候选人公示] 泽州县巴公镇文化站项目EPC总承包
  [历史搜索] 泽州县巴公镇文化站项目EPC总承包
  [历史回填] 搜索项目：泽州县巴公镇文化站项目EPC总承包
  [POST失败1/3] ReadTimeout: HTTPSConnectionPool(host='prec.sxzwfw.gov.cn', port=443): Read timed out. (read timeout=18) | https://prec.sxzwfw.gov.cn/queryContent-jyxx.jspx
  [POST失败2/3] ConnectionError: ('Connection aborted.', RemoteDisconnected('Remote end closed connection without response')) | https://prec.sxzwfw.gov.cn/queryContent-jyxx.jspx
    ✓ 历史招标公告
    ✓ 历史候选人监督部门
  → upsert 完成：中标候选人公示

  [中标候选人公示] 山西阳泉矿区泊里煤矿项目15101工作面三号瓦斯鉴定巷定向长钻孔工程（15103、15105工作面系统巷揭煤）
  [历史搜索] 山西阳泉矿区泊里煤矿项目15101工作面三号瓦斯鉴定巷定向长钻孔工程（15103、15105工作面系统巷揭煤）
  [历史回填] 搜索项目：山西阳泉矿区泊里煤矿项目15101工作面三号瓦斯鉴定巷定向长钻孔工程（15103、15105工作面系统巷揭煤）
  [GET失败1/3] ConnectionError: ('Connection aborted.', ConnectionResetError(104, 'Connection reset by peer')) | https://prec.sxzwfw.gov.cn/jyxxzbjh/1038592.jhtml
    ✓ 历史招标计划
    ✓ 历史招标公告
  [POST失败1/3] ReadTimeout: HTTPSConnectionPool(host='prec.sxzwfw.gov.cn', port=443): Read timed out. (read timeout=18) | https://prec.sxzwfw.gov.cn/queryContent-jyxx.jspx
    ✓ 历史候选人监督部门
  [POST失败1/3] ConnectionError: ('Connection aborted.', ConnectionResetError(104, 'Connection reset by peer')) | https://prec.sxzwfw.gov.cn/queryContent-jyxx.jspx
  [POST失败2/3] ReadTimeout: HTTPSConnectionPool(host='prec.sxzwfw.gov.cn', port=443): Read timed out. (read timeout=18) | https://prec.sxzwfw.gov.cn/queryContent-jyxx.jspx
  → upsert 完成：中标候选人公示

  [中标候选人公示] 平鲁区李林中学3#学生公寓维修工程（装饰装修）
  [GET失败1/3] ConnectionError: ('Connection aborted.', ConnectionResetError(104, 'Connection reset by peer')) | https://prec.sxzwfw.gov.cn/jyxxgchxr/1070980.jhtml
  [GET失败2/3] ReadTimeout: HTTPSConnectionPool(host='prec.sxzwfw.gov.cn', port=443): Read timed out. (read timeout=15) | https://prec.sxzwfw.gov.cn/jyxxgchxr/1070980.jhtml
  [历史搜索] 平鲁区李林中学3#学生公寓维修工程（装饰装修）
  [历史回填] 搜索项目：平鲁区李林中学3#学生公寓维修工程（装饰装修）
  [POST失败1/3] ConnectionError: ('Connection aborted.', ConnectionResetError(104, 'Connection reset by peer')) | https://prec.sxzwfw.gov.cn/queryContent-jyxx.jspx
    ✓ 历史招标公告
    ✓ 历史候选人监督部门
  [POST失败1/3] ConnectionError: ('Connection aborted.', ConnectionResetError(104, 'Connection reset by peer')) | https://prec.sxzwfw.gov.cn/queryContent-jyxx.jspx
  → upsert 完成：中标候选人公示

  [中标候选人公示] 应县迎宾路照明设施改造工程施工
  [历史搜索] 应县迎宾路照明设施改造工程施工
  [历史回填] 搜索项目：应县迎宾路照明设施改造工程施工
  [GET失败1/3] ConnectionError: ('Connection aborted.', ConnectionResetError(104, 'Connection reset by peer')) | https://prec.sxzwfw.gov.cn/jyxxgczb/1064311.jhtml
    ✓ 历史招标公告
    ✓ 历史候选人监督部门
  → upsert 完成：中标候选人公示

  [中标候选人公示] 晋城市泽州县丹河流域北义城镇段农村生活污水治理及资源化利用项目
  [历史搜索] 晋城市泽州县丹河流域北义城镇段农村生活污水治理及资源化利用项目
  [历史回填] 搜索项目：晋城市泽州县丹河流域北义城镇段农村生活污水治理及资源化利用项目
  [GET失败1/3] ConnectionError: ('Connection aborted.', ConnectionResetError(104, 'Connection reset by peer')) | https://prec.sxzwfw.gov.cn/jyxxzbjh/1033374.jhtml
    ✓ 历史招标计划
    ✓ 历史招标公告
    ✓ 历史候选人监督部门
  [POST失败1/3] ConnectionError: ('Connection aborted.', ConnectionResetError(104, 'Connection reset by peer')) | https://prec.sxzwfw.gov.cn/queryContent-jyxx.jspx
  [POST失败2/3] ReadTimeout: HTTPSConnectionPool(host='prec.sxzwfw.gov.cn', port=443): Read timed out. (read timeout=18) | https://prec.sxzwfw.gov.cn/queryContent-jyxx.jspx
  → upsert 完成：中标候选人公示

  [中标候选人公示] 阳高县罗文皂镇镇大沟水毁河道清淤工程施工
  [GET失败1/3] ProxyError: HTTPSConnectionPool(host='prec.sxzwfw.gov.cn', port=443): Max retries exceeded with url: /jyxxgchxr/1070951.jhtml (Caused by ProxyError('Unable to connect to proxy', OSError('Tunnel connection failed: 645 Proxy Authentication In Black List'))) | https://prec.sxzwfw.gov.cn/jyxxgchxr/1070951.jhtml
  [历史搜索] 阳高县罗文皂镇镇大沟水毁河道清淤工程施工
  [历史回填] 搜索项目：阳高县罗文皂镇镇大沟水毁河道清淤工程施工
  [POST失败1/3] ReadTimeout: HTTPSConnectionPool(host='prec.sxzwfw.gov.cn', port=443): Read timed out. (read timeout=18) | https://prec.sxzwfw.gov.cn/queryContent-jyxx.jspx
  [POST失败1/3] ReadTimeout: HTTPSConnectionPool(host='prec.sxzwfw.gov.cn', port=443): Read timed out. (read timeout=18) | https://prec.sxzwfw.gov.cn/queryContent-jyxx.jspx
  [POST失败2/3] ProxyError: HTTPSConnectionPool(host='prec.sxzwfw.gov.cn', port=443): Max retries exceeded with url: /queryContent-jyxx.jspx (Caused by ProxyError('Unable to connect to proxy', OSError('Tunnel connection failed: 436 Proxy Authentication Failed'))) | https://prec.sxzwfw.gov.cn/queryContent-jyxx.jspx
  [POST失败3/3] ReadTimeout: HTTPSConnectionPool(host='prec.sxzwfw.gov.cn', port=443): Read timed out. (read timeout=18) | https://prec.sxzwfw.gov.cn/queryContent-jyxx.jspx
  [POST失败1/3] ReadTimeout: HTTPSConnectionPool(host='prec.sxzwfw.gov.cn', port=443): Read timed out. (read timeout=18) | https://prec.sxzwfw.gov.cn/queryContent-jyxx.jspx
  [POST失败2/3] ReadTimeout: HTTPSConnectionPool(host='prec.sxzwfw.gov.cn', port=443): Read timed out. (read timeout=18) | https://prec.sxzwfw.gov.cn/queryContent-jyxx.jspx
  [POST失败3/3] ReadTimeout: HTTPSConnectionPool(host='prec.sxzwfw.gov.cn', port=443): Read timed out. (read timeout=18) | https://prec.sxzwfw.gov.cn/queryContent-jyxx.jspx
  [POST失败1/3] ReadTimeout: HTTPSConnectionPool(host='prec.sxzwfw.gov.cn', port=443): Read timed out. (read timeout=18) | https://prec.sxzwfw.gov.cn/queryContent-jyxx.jspx
  → upsert 完成：中标候选人公示

  [中标候选人公示] 大秦铁路股份有限公司太原电务段太原北站驼峰信号设备改造工程施工总价承包项目
  [历史搜索] 大秦铁路股份有限公司太原电务段太原北站驼峰信号设备改造工程施工总价承包项目
  [历史回填] 搜索项目：大秦铁路股份有限公司太原电务段太原北站驼峰信号设备改造工程施工总价承包项目
    ✓ 历史招标公告
  [POST失败1/3] ReadTimeout: HTTPSConnectionPool(host='prec.sxzwfw.gov.cn', port=443): Read timed out. (read timeout=18) | https://prec.sxzwfw.gov.cn/queryContent-jyxx.jspx
    ✓ 历史候选人监督部门
  → upsert 完成：中标候选人公示

  [中标候选人公示] 大同市云冈区供水管网及设施更新改造项目
  [历史搜索] 大同市云冈区供水管网及设施更新改造项目
  [历史回填] 搜索项目：大同市云冈区供水管网及设施更新改造项目
    ✓ 历史招标计划
  [POST失败1/3] ConnectionError: ('Connection aborted.', ConnectionResetError(104, 'Connection reset by peer')) | https://prec.sxzwfw.gov.cn/queryContent-jyxx.jspx
  [POST失败2/3] ReadTimeout: HTTPSConnectionPool(host='prec.sxzwfw.gov.cn', port=443): Read timed out. (read timeout=18) | https://prec.sxzwfw.gov.cn/queryContent-jyxx.jspx
    ✓ 历史招标公告
  [POST失败1/3] ReadTimeout: HTTPSConnectionPool(host='prec.sxzwfw.gov.cn', port=443): Read timed out. (read timeout=18) | https://prec.sxzwfw.gov.cn/queryContent-jyxx.jspx
  [POST失败1/3] ReadTimeout: HTTPSConnectionPool(host='prec.sxzwfw.gov.cn', port=443): Read timed out. (read timeout=18) | https://prec.sxzwfw.gov.cn/queryContent-jyxx.jspx
  [POST失败2/3] ReadTimeout: HTTPSConnectionPool(host='prec.sxzwfw.gov.cn', port=443): Read timed out. (read timeout=18) | https://prec.sxzwfw.gov.cn/queryContent-jyxx.jspx
  [GET失败1/3] ReadTimeout: HTTPSConnectionPool(host='prec.sxzwfw.gov.cn', port=443): Read timed out. (read timeout=15) | https://prec.sxzwfw.gov.cn/jyxxgchxr/1070942.jhtml
  [GET失败2/3] ReadTimeout: HTTPSConnectionPool(host='prec.sxzwfw.gov.cn', port=443): Read timed out. (read timeout=15) | https://prec.sxzwfw.gov.cn/jyxxgchxr/1070942.jhtml
  [GET失败3/3] ReadTimeout: HTTPSConnectionPool(host='prec.sxzwfw.gov.cn', port=443): Read timed out. (read timeout=15) | https://prec.sxzwfw.gov.cn/jyxxgchxr/1070942.jhtml
    ✓ 历史候选人监督部门
    ✓ 历史结果监督部门
  → upsert 完成：中标候选人公示

  [中标候选人公示] 柿庄镇输配站基础设施提升改造项目
  [历史搜索] 柿庄镇输配站基础设施提升改造项目
  [历史回填] 搜索项目：柿庄镇输配站基础设施提升改造项目
    ✓ 历史招标公告
  [GET失败1/3] ConnectionError: ('Connection aborted.', ConnectionResetError(104, 'Connection reset by peer')) | https://prec.sxzwfw.gov.cn/jyxxgchxr/1070935.jhtml
  [GET失败2/3] ProxyError: HTTPSConnectionPool(host='prec.sxzwfw.gov.cn', port=443): Max retries exceeded with url: /jyxxgchxr/1070935.jhtml (Caused by ProxyError('Unable to connect to proxy', OSError('Tunnel connection failed: 407 Proxy Authentication Required'))) | https://prec.sxzwfw.gov.cn/jyxxgchxr/1070935.jhtml
    ✓ 历史候选人监督部门
  [GET失败1/3] ReadTimeout: HTTPSConnectionPool(host='prec.sxzwfw.gov.cn', port=443): Read timed out. (read timeout=15) | https://prec.sxzwfw.gov.cn/jyxxgcgs/1053155.jhtml
    ✓ 历史结果监督部门
  → upsert 完成：中标候选人公示

  [中标候选人公示] 省道366老马岭至里必段改建工程全过程项目管理咨询服务
  [GET失败1/3] ConnectionError: ('Connection aborted.', ConnectionResetError(104, 'Connection reset by peer')) | https://prec.sxzwfw.gov.cn/jyxxgchxr/1070927.jhtml
  [历史搜索] 省道366老马岭至里必段改建工程全过程项目管理咨询服务
  [历史回填] 搜索项目：省道366老马岭至里必段改建工程全过程项目管理咨询服务
  [GET失败1/3] ConnectionError: ('Connection aborted.', ConnectionResetError(104, 'Connection reset by peer')) | https://prec.sxzwfw.gov.cn/jyxxzbjh/1020574.jhtml
    ✓ 历史招标计划
  [POST失败1/3] ConnectionError: ('Connection aborted.', ConnectionResetError(104, 'Connection reset by peer')) | https://prec.sxzwfw.gov.cn/queryContent-jyxx.jspx
    ✓ 历史招标公告
  [POST失败1/3] ConnectionError: ('Connection aborted.', ConnectionResetError(104, 'Connection reset by peer')) | https://prec.sxzwfw.gov.cn/queryContent-jyxx.jspx
    ✓ 历史候选人监督部门
  [POST失败1/3] ConnectionError: ('Connection aborted.', ConnectionResetError(104, 'Connection reset by peer')) | https://prec.sxzwfw.gov.cn/queryContent-jyxx.jspx
  → upsert 完成：中标候选人公示

  [中标候选人公示] 天镇县高家夭-拐子沟线(旧省道S201-祁家夭入口段)、马走线-内蒙界公路改造工程施工
  [GET失败1/3] ProxyError: HTTPSConnectionPool(host='prec.sxzwfw.gov.cn', port=443): Max retries exceeded with url: /jyxxgchxr/1070920.jhtml (Caused by ProxyError('Unable to connect to proxy', OSError('Tunnel connection failed: 407 Proxy Authentication Required'))) | https://prec.sxzwfw.gov.cn/jyxxgchxr/1070920.jhtml
  [历史搜索] 天镇县高家夭-拐子沟线(旧省道S201-祁家夭入口段)、马走线-内蒙界公路改造工程施工
  [历史回填] 搜索项目：天镇县高家夭-拐子沟线(旧省道S201-祁家夭入口段)、马走线-内蒙界公路改造工程施工
    ✓ 历史招标公告
  [POST失败1/3] ReadTimeout: HTTPSConnectionPool(host='prec.sxzwfw.gov.cn', port=443): Read timed out. (read timeout=18) | https://prec.sxzwfw.gov.cn/queryContent-jyxx.jspx
    ✓ 历史候选人监督部门
  → upsert 完成：中标候选人公示

  [中标候选人公示] 长治市屯留区供水管网改造项目全过程工程咨询服务
  [历史搜索] 长治市屯留区供水管网改造项目全过程工程咨询服务
  [历史回填] 搜索项目：长治市屯留区供水管网改造项目全过程工程咨询服务
    ✓ 历史招标公告
    ✓ 历史候选人监督部门
  → upsert 完成：中标候选人公示

  [中标候选人公示] 太忻一体化经济区(太原区)大盂至合成生物园区高压输气管线工程项目勘察、设计
  [历史搜索] 太忻一体化经济区(太原区)大盂至合成生物园区高压输气管线工程项目勘察、设计
  [历史回填] 搜索项目：太忻一体化经济区(太原区)大盂至合成生物园区高压输气管线工程项目勘察、设计
  [GET失败1/3] ReadTimeout: HTTPSConnectionPool(host='prec.sxzwfw.gov.cn', port=443): Read timed out. (read timeout=15) | https://prec.sxzwfw.gov.cn/jyxxgczb/1062844.jhtml
    ✓ 历史招标公告
  [GET失败1/3] ConnectionError: ('Connection aborted.', ConnectionResetError(104, 'Connection reset by peer')) | https://prec.sxzwfw.gov.cn/jyxxgchxr/1070885.jhtml
    ✓ 历史候选人监督部门
  [POST失败1/3] ProxyError: HTTPSConnectionPool(host='prec.sxzwfw.gov.cn', port=443): Max retries exceeded with url: /queryContent-jyxx.jspx (Caused by ProxyError('Unable to connect to proxy', OSError('Tunnel connection failed: 618 Internal Server Error'))) | https://prec.sxzwfw.gov.cn/queryContent-jyxx.jspx
  → upsert 完成：中标候选人公示

  [中标候选人公示] 山西阳泉矿区泊里煤矿项目15102工作面三号瓦斯鉴定巷定向长钻孔工程（15102工作面切巷外700m）
  [GET失败1/3] ReadTimeout: HTTPSConnectionPool(host='prec.sxzwfw.gov.cn', port=443): Read timed out. (read timeout=15) | https://prec.sxzwfw.gov.cn/jyxxgchxr/1070882.jhtml
  [历史搜索] 山西阳泉矿区泊里煤矿项目15102工作面三号瓦斯鉴定巷定向长钻孔工程（15102工作面切巷外700m）
  [历史回填] 搜索项目：山西阳泉矿区泊里煤矿项目15102工作面三号瓦斯鉴定巷定向长钻孔工程（15102工作面切巷外700m）
  [GET失败1/3] ProxyError: HTTPSConnectionPool(host='prec.sxzwfw.gov.cn', port=443): Max retries exceeded with url: /jyxxzbjh/1038585.jhtml (Caused by ProxyError('Unable to connect to proxy', OSError('Tunnel connection failed: 435 Proxy Authentication Failed'))) | https://prec.sxzwfw.gov.cn/jyxxzbjh/1038585.jhtml
    ✓ 历史招标计划
  [POST失败1/3] ReadTimeout: HTTPSConnectionPool(host='prec.sxzwfw.gov.cn', port=443): Read timed out. (read timeout=18) | https://prec.sxzwfw.gov.cn/queryContent-jyxx.jspx
  [GET失败1/3] ReadTimeout: HTTPSConnectionPool(host='prec.sxzwfw.gov.cn', port=443): Read timed out. (read timeout=15) | https://prec.sxzwfw.gov.cn/jyxxgczb/1062104.jhtml
    ✓ 历史招标公告
  [POST失败1/3] ReadTimeout: HTTPSConnectionPool(host='prec.sxzwfw.gov.cn', port=443): Read timed out. (read timeout=18) | https://prec.sxzwfw.gov.cn/queryContent-jyxx.jspx
    ✓ 历史候选人监督部门
  → upsert 完成：中标候选人公示

  [中标候选人公示] 万柏林区老旧供水管网改造工程（一期）大虎沟社区标段
  [GET失败1/3] ReadTimeout: HTTPSConnectionPool(host='prec.sxzwfw.gov.cn', port=443): Read timed out. (read timeout=15) | https://prec.sxzwfw.gov.cn/jyxxgchxr/1070854.jhtml
  [历史搜索] 万柏林区老旧供水管网改造工程（一期）大虎沟社区标段
  [历史回填] 搜索项目：万柏林区老旧供水管网改造工程（一期）大虎沟社区标段
    ✓ 历史招标公告
  [POST失败1/3] ConnectionError: ('Connection aborted.', ConnectionResetError(104, 'Connection reset by peer')) | https://prec.sxzwfw.gov.cn/queryContent-jyxx.jspx
    ✓ 历史候选人监督部门
  → upsert 完成：中标候选人公示

  [中标候选人公示] “八河”照明设施应急养护工程
  [GET失败1/3] ReadTimeout: HTTPSConnectionPool(host='prec.sxzwfw.gov.cn', port=443): Read timed out. (read timeout=15) | https://prec.sxzwfw.gov.cn/jyxxgchxr/1070853.jhtml
  [历史搜索] “八河”照明设施应急养护工程
  [历史回填] 搜索项目：“八河”照明设施应急养护工程
  [POST失败1/3] ReadTimeout: HTTPSConnectionPool(host='prec.sxzwfw.gov.cn', port=443): Read timed out. (read timeout=18) | https://prec.sxzwfw.gov.cn/queryContent-jyxx.jspx
    ✓ 历史招标公告
  [POST失败1/3] ReadTimeout: HTTPSConnectionPool(host='prec.sxzwfw.gov.cn', port=443): Read timed out. (read timeout=18) | https://prec.sxzwfw.gov.cn/queryContent-jyxx.jspx
    ✓ 历史候选人监督部门
  → upsert 完成：中标候选人公示

  [中标候选人公示] 万柏林区老旧供水管网改造工程（一期）监理
  [历史搜索] 万柏林区老旧供水管网改造工程（一期）监理
  [历史回填] 搜索项目：万柏林区老旧供水管网改造工程（一期）监理
    ✓ 历史招标公告
  [POST失败1/3] ProxyError: HTTPSConnectionPool(host='prec.sxzwfw.gov.cn', port=443): Max retries exceeded with url: /queryContent-jyxx.jspx (Caused by ProxyError('Unable to connect to proxy', OSError('Tunnel connection failed: 639 Internal Server Error'))) | https://prec.sxzwfw.gov.cn/queryContent-jyxx.jspx
  [POST失败1/3] ReadTimeout: HTTPSConnectionPool(host='prec.sxzwfw.gov.cn', port=443): Read timed out. (read timeout=18) | https://prec.sxzwfw.gov.cn/queryContent-jyxx.jspx
  [GET失败1/3] ConnectionError: ('Connection aborted.', ConnectionResetError(104, 'Connection reset by peer')) | https://prec.sxzwfw.gov.cn/jyxxgchxr/1070849.jhtml
  [GET失败2/3] ReadTimeout: HTTPSConnectionPool(host='prec.sxzwfw.gov.cn', port=443): Read timed out. (read timeout=15) | https://prec.sxzwfw.gov.cn/jyxxgchxr/1070849.jhtml
  [GET失败3/3] ConnectionError: ('Connection aborted.', ConnectionResetError(104, 'Connection reset by peer')) | https://prec.sxzwfw.gov.cn/jyxxgchxr/1070849.jhtml
    ✓ 历史候选人监督部门
  → upsert 完成：中标候选人公示

  [中标候选人公示] 关帝山国家森林公园自然教育展示设施建设项目（第一期）施工第一标段
  [历史搜索] 关帝山国家森林公园自然教育展示设施建设项目（第一期）施工第一标段
  [历史回填] 搜索项目：关帝山国家森林公园自然教育展示设施建设项目（第一期）施工第一标段
  [POST失败1/3] ReadTimeout: HTTPSConnectionPool(host='prec.sxzwfw.gov.cn', port=443): Read timed out. (read timeout=18) | https://prec.sxzwfw.gov.cn/queryContent-jyxx.jspx
  [POST失败1/3] ProxyError: HTTPSConnectionPool(host='prec.sxzwfw.gov.cn', port=443): Max retries exceeded with url: /queryContent-jyxx.jspx (Caused by ProxyError('Unable to connect to proxy', RemoteDisconnected('Remote end closed connection without response'))) | https://prec.sxzwfw.gov.cn/queryContent-jyxx.jspx
    ✓ 历史候选人监督部门
  → upsert 完成：中标候选人公示

  [中标候选人公示] 关帝山国家森林公园自然教育展示设施建设项目（第一期）施工第二标段
  [历史搜索] 关帝山国家森林公园自然教育展示设施建设项目（第一期）施工第二标段
  [历史回填] 搜索项目：关帝山国家森林公园自然教育展示设施建设项目（第一期）施工第二标段
    ✓ 历史候选人监督部门
  → upsert 完成：中标候选人公示

  [中标候选人公示] 应县梨花北路更新改造工程
  [历史搜索] 应县梨花北路更新改造工程
  [历史回填] 搜索项目：应县梨花北路更新改造工程
    ✓ 历史招标计划
    ✓ 历史招标公告
    ✓ 历史候选人监督部门
  → upsert 完成：中标候选人公示

  [中标候选人公示] 文水县崇文九年一贯制学校建设项目（一标段）施工
  [历史搜索] 文水县崇文九年一贯制学校建设项目（一标段）施工
  [历史回填] 搜索项目：文水县崇文九年一贯制学校建设项目（一标段）施工
    ✓ 历史招标公告
    ✓ 历史候选人监督部门
  → upsert 完成：中标候选人公示

  [中标候选人公示] 运城市南风广场基础设施维修改造项目
  [历史搜索] 运城市南风广场基础设施维修改造项目
  [历史回填] 搜索项目：运城市南风广场基础设施维修改造项目
    ✓ 历史招标计划
    ✓ 历史招标公告
    ✓ 历史候选人监督部门
  → upsert 完成：中标候选人公示

  [中标候选人公示] “八河”道路及泵站设施应急养护工程(二次)
  [历史搜索] “八河”道路及泵站设施应急养护工程(二次)
  [历史回填] 搜索项目：“八河”道路及泵站设施应急养护工程(二次)
    ✓ 历史招标公告
    ✓ 历史候选人监督部门
  → upsert 完成：中标候选人公示

  [中标候选人公示] 太原供水集团有限公司北张东路等给水管线改造工程钢管采购
  [历史搜索] 太原供水集团有限公司北张东路等给水管线改造工程钢管采购
  [历史回填] 搜索项目：太原供水集团有限公司北张东路等给水管线改造工程钢管采购
    ✓ 历史招标公告
    ✓ 历史候选人监督部门
  → upsert 完成：中标候选人公示

  [中标候选人公示] 临汾市尧都区敬老院建设项目工程总承包（EPC）-
  [历史搜索] 临汾市尧都区敬老院建设项目工程总承包（EPC）-
  [历史回填] 搜索项目：临汾市尧都区敬老院建设项目工程总承包（EPC）-
    ✓ 历史招标公告
    ✓ 历史候选人监督部门
  → upsert 完成：中标候选人公示

===== 第五步：中标结果公示 =====
  [列表] channelId=15 第1页...
  [列表] 总条数=71，当前已获取=10
  [列表] channelId=15 第2页...
  [列表] 总条数=71，当前已获取=20
  [列表] channelId=15 第3页...
  [列表] 总条数=71，当前已获取=30
  [列表] channelId=15 第4页...
  [列表] 总条数=71，当前已获取=40
  [列表] channelId=15 第5页...
  [列表] 总条数=71，当前已获取=50
  [列表] channelId=15 第6页...
  [列表] 总条数=71，当前已获取=60
  [列表] channelId=15 第7页...
  [列表] 总条数=71，当前已获取=70
  [列表] channelId=15 第8页...
  [列表] 总条数=71，当前已获取=71
  [列表] 共 71 条

  [中标结果公示] 山西省太行山国有林管理局2026年太行山(山西段东南部)生态保护修复与水土流失综合治理项目（第四批）（第二十六标段）
  [历史搜索] 山西省太行山国有林管理局2026年太行山(山西段东南部)生态保护修复与水土流失综合治理项目（第四批）（第二十六标段）
  [历史回填] 搜索项目：山西省太行山国有林管理局2026年太行山(山西段东南部)生态保护修复与水土流失综合治理项目（第四批）（第二十六标段）
    ✓ 历史候选人监督部门
    ✓ 历史结果监督部门
  → upsert 完成：中标结果公示

  [中标结果公示] 山西省太行山国有林管理局2026年太行山(山西段东南部)生态保护修复与水土流失综合治理项目（第四批）（第二十五标段）
  [历史搜索] 山西省太行山国有林管理局2026年太行山(山西段东南部)生态保护修复与水土流失综合治理项目（第四批）（第二十五标段）
  [历史回填] 搜索项目：山西省太行山国有林管理局2026年太行山(山西段东南部)生态保护修复与水土流失综合治理项目（第四批）（第二十五标段）
    ✓ 历史候选人监督部门
    ✓ 历史结果监督部门
  → upsert 完成：中标结果公示

  [中标结果公示] 山西省太行山国有林管理局2026年太行山(山西段东南部)生态保护修复与水土流失综合治理项目（第四批）（第二标段）
  [历史搜索] 山西省太行山国有林管理局2026年太行山(山西段东南部)生态保护修复与水土流失综合治理项目（第四批）（第二标段）
  [历史回填] 搜索项目：山西省太行山国有林管理局2026年太行山(山西段东南部)生态保护修复与水土流失综合治理项目（第四批）（第二标段）
    ✓ 历史候选人监督部门
    ✓ 历史结果监督部门
  → upsert 完成：中标结果公示

  [中标结果公示] 山西省太行山国有林管理局2026年太行山(山西段东南部)生态保护修复与水土流失综合治理项目（第四批）（第二十七标段）
  [历史搜索] 山西省太行山国有林管理局2026年太行山(山西段东南部)生态保护修复与水土流失综合治理项目（第四批）（第二十七标段）
  [历史回填] 搜索项目：山西省太行山国有林管理局2026年太行山(山西段东南部)生态保护修复与水土流失综合治理项目（第四批）（第二十七标段）
    ✓ 历史候选人监督部门
    ✓ 历史结果监督部门
  → upsert 完成：中标结果公示

  [中标结果公示] 山西省太行山国有林管理局2026年太行山(山西段东南部)生态保护修复与水土流失综合治理项目（第四批）（第二十八标段）
  [历史搜索] 山西省太行山国有林管理局2026年太行山(山西段东南部)生态保护修复与水土流失综合治理项目（第四批）（第二十八标段）
  [历史回填] 搜索项目：山西省太行山国有林管理局2026年太行山(山西段东南部)生态保护修复与水土流失综合治理项目（第四批）（第二十八标段）
    ✓ 历史候选人监督部门
    ✓ 历史结果监督部门
  → upsert 完成：中标结果公示

  [中标结果公示] 山西省太行山国有林管理局2026年太行山(山西段东南部)生态保护修复与水土流失综合治理项目（第四批）（第八标段）
  [历史搜索] 山西省太行山国有林管理局2026年太行山(山西段东南部)生态保护修复与水土流失综合治理项目（第四批）（第八标段）
  [历史回填] 搜索项目：山西省太行山国有林管理局2026年太行山(山西段东南部)生态保护修复与水土流失综合治理项目（第四批）（第八标段）
    ✓ 历史候选人监督部门
    ✓ 历史结果监督部门
  → upsert 完成：中标结果公示

  [中标结果公示] 山西省太行山国有林管理局2026年太行山(山西段东南部)生态保护修复与水土流失综合治理项目（第四批）（第三标段）
  [历史搜索] 山西省太行山国有林管理局2026年太行山(山西段东南部)生态保护修复与水土流失综合治理项目（第四批）（第三标段）
  [历史回填] 搜索项目：山西省太行山国有林管理局2026年太行山(山西段东南部)生态保护修复与水土流失综合治理项目（第四批）（第三标段）
  [POST失败1/3] ReadTimeout: HTTPSConnectionPool(host='prec.sxzwfw.gov.cn', port=443): Read timed out. (read timeout=18) | https://prec.sxzwfw.gov.cn/queryContent-jyxx.jspx
    ✓ 历史候选人监督部门
    ✓ 历史结果监督部门
  → upsert 完成：中标结果公示

  [中标结果公示] 阳曲现代农业示范区光伏及配套设施建设项目工程总承包
  [历史搜索] 阳曲现代农业示范区光伏及配套设施建设项目工程总承包
  [历史回填] 搜索项目：阳曲现代农业示范区光伏及配套设施建设项目工程总承包
    ✓ 历史招标公告
    ✓ 历史候选人监督部门
    ✓ 历史结果监督部门
  → upsert 完成：中标结果公示

  [中标结果公示] 山西省太行山国有林管理局2026年太行山(山西段东南部)生态保护修复与水土流失综合治理项目（第四批）（第六标段）
  [历史搜索] 山西省太行山国有林管理局2026年太行山(山西段东南部)生态保护修复与水土流失综合治理项目（第四批）（第六标段）
  [历史回填] 搜索项目：山西省太行山国有林管理局2026年太行山(山西段东南部)生态保护修复与水土流失综合治理项目（第四批）（第六标段）
  [POST失败1/3] ReadTimeout: HTTPSConnectionPool(host='prec.sxzwfw.gov.cn', port=443): Read timed out. (read timeout=18) | https://prec.sxzwfw.gov.cn/queryContent-jyxx.jspx
    ✓ 历史候选人监督部门
  [GET失败1/3] ConnectionError: ('Connection aborted.', ConnectionResetError(104, 'Connection reset by peer')) | https://prec.sxzwfw.gov.cn/jyxxgcgs/1071125.jhtml
    ✓ 历史结果监督部门
  → upsert 完成：中标结果公示

  [中标结果公示] 山西省太行山国有林管理局2026年太行山(山西段东南部)生态保护修复与水土流失综合治理项目（第四批）（第二十四标段）
  [历史搜索] 山西省太行山国有林管理局2026年太行山(山西段东南部)生态保护修复与水土流失综合治理项目（第四批）（第二十四标段）
  [历史回填] 搜索项目：山西省太行山国有林管理局2026年太行山(山西段东南部)生态保护修复与水土流失综合治理项目（第四批）（第二十四标段）
  [POST失败1/3] ConnectionError: ('Connection aborted.', ConnectionResetError(104, 'Connection reset by peer')) | https://prec.sxzwfw.gov.cn/queryContent-jyxx.jspx
  [POST失败1/3] ReadTimeout: HTTPSConnectionPool(host='prec.sxzwfw.gov.cn', port=443): Read timed out. (read timeout=18) | https://prec.sxzwfw.gov.cn/queryContent-jyxx.jspx
  [POST失败1/3] ConnectionError: ('Connection aborted.', ConnectionResetError(104, 'Connection reset by peer')) | https://prec.sxzwfw.gov.cn/queryContent-jyxx.jspx
    ✓ 历史候选人监督部门
  [GET失败1/3] ConnectionError: ('Connection aborted.', ConnectionResetError(104, 'Connection reset by peer')) | https://prec.sxzwfw.gov.cn/jyxxgcgs/1071124.jhtml
  [GET失败2/3] ConnectionError: ('Connection aborted.', ConnectionResetError(104, 'Connection reset by peer')) | https://prec.sxzwfw.gov.cn/jyxxgcgs/1071124.jhtml
    ✓ 历史结果监督部门
  → upsert 完成：中标结果公示

  [中标结果公示] 山西省太行山国有林管理局2026年太行山(山西段东南部)生态保护修复与水土流失综合治理项目（第四批）（第二十标段）
  [GET失败1/3] ConnectionError: ('Connection aborted.', ConnectionResetError(104, 'Connection reset by peer')) | https://prec.sxzwfw.gov.cn/jyxxgcgs/1071122.jhtml
  [GET失败2/3] ConnectionError: ('Connection aborted.', ConnectionResetError(104, 'Connection reset by peer')) | https://prec.sxzwfw.gov.cn/jyxxgcgs/1071122.jhtml
  [GET失败3/3] ReadTimeout: HTTPSConnectionPool(host='prec.sxzwfw.gov.cn', port=443): Read timed out. (read timeout=15) | https://prec.sxzwfw.gov.cn/jyxxgcgs/1071122.jhtml
  [历史搜索] 山西省太行山国有林管理局2026年太行山(山西段东南部)生态保护修复与水土流失综合治理项目（第四批）（第二十标段）
  [历史回填] 搜索项目：山西省太行山国有林管理局2026年太行山(山西段东南部)生态保护修复与水土流失综合治理项目（第四批）（第二十标段）
  [POST失败1/3] ConnectionError: ('Connection aborted.', ConnectionResetError(104, 'Connection reset by peer')) | https://prec.sxzwfw.gov.cn/queryContent-jyxx.jspx
  [POST失败1/3] ConnectionError: ('Connection aborted.', ConnectionResetError(104, 'Connection reset by peer')) | https://prec.sxzwfw.gov.cn/queryContent-jyxx.jspx
    ✓ 历史候选人监督部门
  [GET失败1/3] ConnectionError: ('Connection aborted.', ConnectionResetError(104, 'Connection reset by peer')) | https://prec.sxzwfw.gov.cn/jyxxgcgs/1071122.jhtml
    ✓ 历史结果监督部门
  → upsert 完成：中标结果公示

  [中标结果公示] 山西省太行山国有林管理局2026年太行山(山西段东南部)生态保护修复与水土流失综合治理项目（第四批）（第七标段）
  [历史搜索] 山西省太行山国有林管理局2026年太行山(山西段东南部)生态保护修复与水土流失综合治理项目（第四批）（第七标段）
  [历史回填] 搜索项目：山西省太行山国有林管理局2026年太行山(山西段东南部)生态保护修复与水土流失综合治理项目（第四批）（第七标段）
    ✓ 历史候选人监督部门
    ✓ 历史结果监督部门
  → upsert 完成：中标结果公示

  [中标结果公示] 山西省太行山国有林管理局2026年太行山(山西段东南部)生态保护修复与水土流失综合治理项目（第四批）（第二十一标段）
  [历史搜索] 山西省太行山国有林管理局2026年太行山(山西段东南部)生态保护修复与水土流失综合治理项目（第四批）（第二十一标段）
  [历史回填] 搜索项目：山西省太行山国有林管理局2026年太行山(山西段东南部)生态保护修复与水土流失综合治理项目（第四批）（第二十一标段）
  [POST失败1/3] ConnectionError: ('Connection aborted.', RemoteDisconnected('Remote end closed connection without response')) | https://prec.sxzwfw.gov.cn/queryContent-jyxx.jspx
    ✓ 历史候选人监督部门
    ✓ 历史结果监督部门
  → upsert 完成：中标结果公示

  [中标结果公示] 山西省太行山国有林管理局2026年太行山(山西段东南部)生态保护修复与水土流失综合治理项目（第四批）（第二十三标段）
  [历史搜索] 山西省太行山国有林管理局2026年太行山(山西段东南部)生态保护修复与水土流失综合治理项目（第四批）（第二十三标段）
  [历史回填] 搜索项目：山西省太行山国有林管理局2026年太行山(山西段东南部)生态保护修复与水土流失综合治理项目（第四批）（第二十三标段）
    ✓ 历史候选人监督部门
  [GET失败1/3] ReadTimeout: HTTPSConnectionPool(host='prec.sxzwfw.gov.cn', port=443): Read timed out. (read timeout=15) | https://prec.sxzwfw.gov.cn/jyxxgcgs/1071119.jhtml
    ✓ 历史结果监督部门
  → upsert 完成：中标结果公示

  [中标结果公示] 山西省太行山国有林管理局2026年太行山(山西段东南部)生态保护修复与水土流失综合治理项目（第四批）（第二十二标段）
  [历史搜索] 山西省太行山国有林管理局2026年太行山(山西段东南部)生态保护修复与水土流失综合治理项目（第四批）（第二十二标段）
  [历史回填] 搜索项目：山西省太行山国有林管理局2026年太行山(山西段东南部)生态保护修复与水土流失综合治理项目（第四批）（第二十二标段）
  [POST失败1/3] ConnectionError: ('Connection aborted.', ConnectionResetError(104, 'Connection reset by peer')) | https://prec.sxzwfw.gov.cn/queryContent-jyxx.jspx
  [POST失败2/3] ReadTimeout: HTTPSConnectionPool(host='prec.sxzwfw.gov.cn', port=443): Read timed out. (read timeout=18) | https://prec.sxzwfw.gov.cn/queryContent-jyxx.jspx
    ✓ 历史候选人监督部门
    ✓ 历史结果监督部门
  → upsert 完成：中标结果公示

  [中标结果公示] 五台山风景名胜区石咀热源厂及管网配套工程项目泵类设备（暂估价）采购
  [历史搜索] 五台山风景名胜区石咀热源厂及管网配套工程项目泵类设备（暂估价）采购
  [历史回填] 搜索项目：五台山风景名胜区石咀热源厂及管网配套工程项目泵类设备（暂估价）采购
  [POST失败1/3] ReadTimeout: HTTPSConnectionPool(host='prec.sxzwfw.gov.cn', port=443): Read timed out. (read timeout=18) | https://prec.sxzwfw.gov.cn/queryContent-jyxx.jspx
  [GET失败1/3] ReadTimeout: HTTPSConnectionPool(host='prec.sxzwfw.gov.cn', port=443): Read timed out. (read timeout=15) | https://prec.sxzwfw.gov.cn/jyxxgczb/1062440.jhtml
    ✓ 历史招标公告
    ✓ 历史候选人监督部门
    ✓ 历史结果监督部门
  → upsert 完成：中标结果公示

  [中标结果公示] 长治高新区规划路、纬五路旧路改造工程施工项目
  [历史搜索] 长治高新区规划路、纬五路旧路改造工程施工项目
  [历史回填] 搜索项目：长治高新区规划路、纬五路旧路改造工程施工项目
    ✓ 历史招标公告
    ✓ 历史候选人监督部门
    ✓ 历史结果监督部门
  → upsert 完成：中标结果公示

  [中标结果公示] 五台山风景名胜区石咀热源厂及管网配套工程项目风机设备（暂估价）采购
  [历史搜索] 五台山风景名胜区石咀热源厂及管网配套工程项目风机设备（暂估价）采购
  [历史回填] 搜索项目：五台山风景名胜区石咀热源厂及管网配套工程项目风机设备（暂估价）采购
    ✓ 历史招标公告
    ✓ 历史候选人监督部门
    ✓ 历史结果监督部门
  → upsert 完成：中标结果公示

  [中标结果公示] 朔城区2026年中央财政“三北”工程巩固防沙治沙成果项目（2021年营造林10687亩）项目
  [历史搜索] 朔城区2026年中央财政“三北”工程巩固防沙治沙成果项目（2021年营造林10687亩）项目
  [历史回填] 搜索项目：朔城区2026年中央财政“三北”工程巩固防沙治沙成果项目（2021年营造林10687亩）项目
  [POST失败1/3] ProxyError: HTTPSConnectionPool(host='prec.sxzwfw.gov.cn', port=443): Max retries exceeded with url: /queryContent-jyxx.jspx (Caused by ProxyError('Unable to connect to proxy', RemoteDisconnected('Remote end closed connection without response'))) | https://prec.sxzwfw.gov.cn/queryContent-jyxx.jspx
  [GET失败1/3] ReadTimeout: HTTPSConnectionPool(host='prec.sxzwfw.gov.cn', port=443): Read timed out. (read timeout=15) | https://prec.sxzwfw.gov.cn/jyxxgcgs/1071027.jhtml
    ✓ 历史结果监督部门
  → upsert 完成：中标结果公示

  [中标结果公示] 中阳县城区段雨污分流及道路提升改造工程项目(二期)监理二次第一标段
  [历史搜索] 中阳县城区段雨污分流及道路提升改造工程项目(二期)监理二次第一标段
  [历史回填] 搜索项目：中阳县城区段雨污分流及道路提升改造工程项目(二期)监理二次第一标段
    ✓ 历史候选人监督部门
    ✓ 历史结果监督部门
  → upsert 完成：中标结果公示

  [中标结果公示] 中阳县城区段雨污分流及道路提升改造工程项目(二期)监理二次第二标段
  [历史搜索] 中阳县城区段雨污分流及道路提升改造工程项目(二期)监理二次第二标段
  [历史回填] 搜索项目：中阳县城区段雨污分流及道路提升改造工程项目(二期)监理二次第二标段
    ✓ 历史候选人监督部门
    ✓ 历史结果监督部门
  → upsert 完成：中标结果公示

  [中标结果公示] 山西省中医院住院楼改造提升项目监理
  [历史搜索] 山西省中医院住院楼改造提升项目监理
  [历史回填] 搜索项目：山西省中医院住院楼改造提升项目监理
    ✓ 历史招标公告
    ✓ 历史候选人监督部门
  [POST失败1/3] ProxyError: HTTPSConnectionPool(host='prec.sxzwfw.gov.cn', port=443): Max retries exceeded with url: /queryContent-jyxx.jspx (Caused by ProxyError('Unable to connect to proxy', OSError('Tunnel connection failed: 407 Proxy Authentication Required'))) | https://prec.sxzwfw.gov.cn/queryContent-jyxx.jspx
    ✓ 历史结果监督部门
  → upsert 完成：中标结果公示

  [中标结果公示] 太原供水集团有限公司北张东路等给水管线改造工程施工
  [历史搜索] 太原供水集团有限公司北张东路等给水管线改造工程施工
  [历史回填] 搜索项目：太原供水集团有限公司北张东路等给水管线改造工程施工
  [GET失败1/3] ReadTimeout: HTTPSConnectionPool(host='prec.sxzwfw.gov.cn', port=443): Read timed out. (read timeout=15) | https://prec.sxzwfw.gov.cn/jyxxgczb/1053875.jhtml
    ✓ 历史招标公告
    ✓ 历史候选人监督部门
    ✓ 历史结果监督部门
  → upsert 完成：中标结果公示

  [中标结果公示] 昔阳县第三污水处理厂工程EPC总承包
  [历史搜索] 昔阳县第三污水处理厂工程EPC总承包
  [历史回填] 搜索项目：昔阳县第三污水处理厂工程EPC总承包
    ✓ 历史招标计划
    ✓ 历史招标公告
    ✓ 历史候选人监督部门
    ✓ 历史结果监督部门
  → upsert 完成：中标结果公示

  [中标结果公示] 大同市晋北地区高原风沙源生态保护和修复项目桦林背林场2026年人工造林
  [历史搜索] 大同市晋北地区高原风沙源生态保护和修复项目桦林背林场2026年人工造林
  [历史回填] 搜索项目：大同市晋北地区高原风沙源生态保护和修复项目桦林背林场2026年人工造林
    ✓ 历史招标公告
    ✓ 历史候选人监督部门
    ✓ 历史结果监督部门
  → upsert 完成：中标结果公示

  [中标结果公示] 晋中市太谷区农村安全饮水巩固提升工程勘察设计
  [历史搜索] 晋中市太谷区农村安全饮水巩固提升工程勘察设计
  [历史回填] 搜索项目：晋中市太谷区农村安全饮水巩固提升工程勘察设计
  [GET失败1/3] ConnectionError: ('Connection aborted.', RemoteDisconnected('Remote end closed connection without response')) | https://prec.sxzwfw.gov.cn/jyxxgczb/1060057.jhtml
    ✓ 历史招标公告
  [GET失败1/3] ProxyError: HTTPSConnectionPool(host='prec.sxzwfw.gov.cn', port=443): Max retries exceeded with url: /jyxxgchxr/1069008.jhtml (Caused by ProxyError('Unable to connect to proxy', OSError('Tunnel connection failed: 407 Proxy Authentication Required'))) | https://prec.sxzwfw.gov.cn/jyxxgchxr/1069008.jhtml
  [GET失败2/3] ConnectionError: ('Connection aborted.', RemoteDisconnected('Remote end closed connection without response')) | https://prec.sxzwfw.gov.cn/jyxxgchxr/1069008.jhtml
    ✓ 历史候选人监督部门
    ✓ 历史结果监督部门
  → upsert 完成：中标结果公示

  [中标结果公示] 大同市晋北地区高原风沙源生态保护和修复项目桦林背林场2026年人工造林
  [历史搜索] 大同市晋北地区高原风沙源生态保护和修复项目桦林背林场2026年人工造林
  [历史回填] 搜索项目：大同市晋北地区高原风沙源生态保护和修复项目桦林背林场2026年人工造林
    ✓ 历史招标公告
    ✓ 历史候选人监督部门
    ✓ 历史结果监督部门
  → upsert 完成：中标结果公示

  [中标结果公示] 大同市晋北地区高原风沙源生态保护和修复项目桦林背林场2026年人工造林
  [历史搜索] 大同市晋北地区高原风沙源生态保护和修复项目桦林背林场2026年人工造林
  [历史回填] 搜索项目：大同市晋北地区高原风沙源生态保护和修复项目桦林背林场2026年人工造林
    ✓ 历史招标公告
    ✓ 历史候选人监督部门
    ✓ 历史结果监督部门
  → upsert 完成：中标结果公示

  [中标结果公示] 大同市晋北地区高原风沙源生态保护和修复项目桦林背林场2026年人工造林
  [历史搜索] 大同市晋北地区高原风沙源生态保护和修复项目桦林背林场2026年人工造林
  [历史回填] 搜索项目：大同市晋北地区高原风沙源生态保护和修复项目桦林背林场2026年人工造林
    ✓ 历史招标公告
  [GET失败1/3] ReadTimeout: HTTPSConnectionPool(host='prec.sxzwfw.gov.cn', port=443): Read timed out. (read timeout=15) | https://prec.sxzwfw.gov.cn/jyxxgchxr/1069104.jhtml
    ✓ 历史候选人监督部门
    ✓ 历史结果监督部门
  → upsert 完成：中标结果公示

  [中标结果公示] 大同市晋北地区高原风沙源生态保护和修复项目桦林背林场2026年人工造林
  [历史搜索] 大同市晋北地区高原风沙源生态保护和修复项目桦林背林场2026年人工造林
  [历史回填] 搜索项目：大同市晋北地区高原风沙源生态保护和修复项目桦林背林场2026年人工造林
    ✓ 历史招标公告
    ✓ 历史候选人监督部门
    ✓ 历史结果监督部门
  → upsert 完成：中标结果公示

  [中标结果公示] 大同市晋北地区高原风沙源生态保护和修复项目桦林背林场2026年人工造林
  [历史搜索] 大同市晋北地区高原风沙源生态保护和修复项目桦林背林场2026年人工造林
  [历史回填] 搜索项目：大同市晋北地区高原风沙源生态保护和修复项目桦林背林场2026年人工造林
    ✓ 历史招标公告
    ✓ 历史候选人监督部门
    ✓ 历史结果监督部门
  → upsert 完成：中标结果公示

  [中标结果公示] 大同市晋北地区高原风沙源生态保护和修复项目桦林背林场2026年人工造林
  [历史搜索] 大同市晋北地区高原风沙源生态保护和修复项目桦林背林场2026年人工造林
  [历史回填] 搜索项目：大同市晋北地区高原风沙源生态保护和修复项目桦林背林场2026年人工造林
    ✓ 历史招标公告
    ✓ 历史候选人监督部门
    ✓ 历史结果监督部门
  → upsert 完成：中标结果公示

  [中标结果公示] 大同市晋北地区高原风沙源生态保护和修复项目桦林背林场2026年人工造林
  [历史搜索] 大同市晋北地区高原风沙源生态保护和修复项目桦林背林场2026年人工造林
  [历史回填] 搜索项目：大同市晋北地区高原风沙源生态保护和修复项目桦林背林场2026年人工造林
    ✓ 历史招标公告
    ✓ 历史候选人监督部门
    ✓ 历史结果监督部门
  → upsert 完成：中标结果公示

  [中标结果公示] 大同市晋北地区高原风沙源生态保护和修复项目桦林背林场2026年人工造林
  [历史搜索] 大同市晋北地区高原风沙源生态保护和修复项目桦林背林场2026年人工造林
  [历史回填] 搜索项目：大同市晋北地区高原风沙源生态保护和修复项目桦林背林场2026年人工造林
    ✓ 历史招标公告
    ✓ 历史候选人监督部门
    ✓ 历史结果监督部门
  → upsert 完成：中标结果公示

  [中标结果公示] 大同市晋北地区高原风沙源生态保护和修复项目桦林背林场2026年人工造林
  [历史搜索] 大同市晋北地区高原风沙源生态保护和修复项目桦林背林场2026年人工造林
  [历史回填] 搜索项目：大同市晋北地区高原风沙源生态保护和修复项目桦林背林场2026年人工造林
    ✓ 历史招标公告
    ✓ 历史候选人监督部门
    ✓ 历史结果监督部门
  → upsert 完成：中标结果公示

  [中标结果公示] 五台山站站前综合交通枢纽及相关市政配套项目（供电工程）设计项目
  [历史搜索] 五台山站站前综合交通枢纽及相关市政配套项目（供电工程）设计项目
  [历史回填] 搜索项目：五台山站站前综合交通枢纽及相关市政配套项目（供电工程）设计项目
    ✓ 历史候选人监督部门
    ✓ 历史结果监督部门
  → upsert 完成：中标结果公示

  [中标结果公示] 大同市晋北地区高原风沙源生态保护和修复项目桦林背林场2026年人工造林
  [历史搜索] 大同市晋北地区高原风沙源生态保护和修复项目桦林背林场2026年人工造林
  [历史回填] 搜索项目：大同市晋北地区高原风沙源生态保护和修复项目桦林背林场2026年人工造林
    ✓ 历史招标公告
    ✓ 历史候选人监督部门
    ✓ 历史结果监督部门
  → upsert 完成：中标结果公示

  [中标结果公示] 大同市晋北地区高原风沙源生态保护和修复项目桦林背林场2026年人工造林
  [历史搜索] 大同市晋北地区高原风沙源生态保护和修复项目桦林背林场2026年人工造林
  [历史回填] 搜索项目：大同市晋北地区高原风沙源生态保护和修复项目桦林背林场2026年人工造林
    ✓ 历史招标公告
    ✓ 历史候选人监督部门
    ✓ 历史结果监督部门
  → upsert 完成：中标结果公示

  [中标结果公示] 新绛县2026年农村公路建设工程
  [历史搜索] 新绛县2026年农村公路建设工程
  [历史回填] 搜索项目：新绛县2026年农村公路建设工程
    ✓ 历史招标计划
    ✓ 历史招标公告
    ✓ 历史候选人监督部门
  [POST失败1/3] ConnectionError: ('Connection aborted.', ConnectionResetError(104, 'Connection reset by peer')) | https://prec.sxzwfw.gov.cn/queryContent_2-jyxx.jspx
    ✓ 历史结果监督部门
  → upsert 完成：中标结果公示

  [中标结果公示] 太原西山“骑行+”户外运动场地设施与服务保障设施建设项目施工
  [历史搜索] 太原西山“骑行+”户外运动场地设施与服务保障设施建设项目施工
  [历史回填] 搜索项目：太原西山“骑行+”户外运动场地设施与服务保障设施建设项目施工
  → upsert 完成：中标结果公示

  [中标结果公示] 新绛县2026年农村公路建设工程
  [历史搜索] 新绛县2026年农村公路建设工程
  [历史回填] 搜索项目：新绛县2026年农村公路建设工程
  [GET失败1/3] ConnectionError: ('Connection aborted.', RemoteDisconnected('Remote end closed connection without response')) | https://prec.sxzwfw.gov.cn/jyxxzbjh/1045852.jhtml
    ✓ 历史招标计划
    ✓ 历史招标公告
    ✓ 历史候选人监督部门
  [POST失败1/3] ReadTimeout: HTTPSConnectionPool(host='prec.sxzwfw.gov.cn', port=443): Read timed out. (read timeout=18) | https://prec.sxzwfw.gov.cn/queryContent-jyxx.jspx
    ✓ 历史结果监督部门
  → upsert 完成：中标结果公示

  [中标结果公示] 新绛县2026年农村公路建设工程
  [历史搜索] 新绛县2026年农村公路建设工程
  [历史回填] 搜索项目：新绛县2026年农村公路建设工程
    ✓ 历史招标计划
    ✓ 历史招标公告
    ✓ 历史候选人监督部门
    ✓ 历史结果监督部门
  → upsert 完成：中标结果公示

  [中标结果公示] 新绛县2026年农村公路建设工程
  [历史搜索] 新绛县2026年农村公路建设工程
  [历史回填] 搜索项目：新绛县2026年农村公路建设工程
    ✓ 历史招标计划
  [GET失败1/3] ProxyError: HTTPSConnectionPool(host='prec.sxzwfw.gov.cn', port=443): Max retries exceeded with url: /jyxxgczb/1061413.jhtml (Caused by ProxyError('Unable to connect to proxy', OSError('Tunnel connection failed: 407 Proxy Authentication Required'))) | https://prec.sxzwfw.gov.cn/jyxxgczb/1061413.jhtml
    ✓ 历史招标公告
  [GET失败1/3] ReadTimeout: HTTPSConnectionPool(host='prec.sxzwfw.gov.cn', port=443): Read timed out. (read timeout=15) | https://prec.sxzwfw.gov.cn/jyxxgchxr/1069353.jhtml
    ✓ 历史候选人监督部门
  [GET失败1/3] ConnectionError: ('Connection aborted.', ConnectionResetError(104, 'Connection reset by peer')) | https://prec.sxzwfw.gov.cn/jyxxgcgs/1070918.jhtml
    ✓ 历史结果监督部门
  → upsert 完成：中标结果公示

  [中标结果公示] 新绛县2026年农村公路建设工程
  [历史搜索] 新绛县2026年农村公路建设工程
  [历史回填] 搜索项目：新绛县2026年农村公路建设工程
    ✓ 历史招标计划
    ✓ 历史招标公告
  [POST失败1/3] ReadTimeout: HTTPSConnectionPool(host='prec.sxzwfw.gov.cn', port=443): Read timed out. (read timeout=18) | https://prec.sxzwfw.gov.cn/queryContent-jyxx.jspx
  [POST失败1/3] ConnectionError: ('Connection aborted.', RemoteDisconnected('Remote end closed connection without response')) | https://prec.sxzwfw.gov.cn/queryContent-jyxx.jspx
    ✓ 历史候选人监督部门
  [POST失败1/3] ConnectionError: ('Connection aborted.', ConnectionResetError(104, 'Connection reset by peer')) | https://prec.sxzwfw.gov.cn/queryContent-jyxx.jspx
  [POST失败1/3] ReadTimeout: HTTPSConnectionPool(host='prec.sxzwfw.gov.cn', port=443): Read timed out. (read timeout=18) | https://prec.sxzwfw.gov.cn/queryContent_2-jyxx.jspx
  [GET失败1/3] ConnectionError: ('Connection aborted.', ConnectionResetError(104, 'Connection reset by peer')) | https://prec.sxzwfw.gov.cn/jyxxgcgs/1070918.jhtml
    ✓ 历史结果监督部门
  → upsert 完成：中标结果公示

  [中标结果公示] 新绛县2026年农村公路建设工程
  [历史搜索] 新绛县2026年农村公路建设工程
  [历史回填] 搜索项目：新绛县2026年农村公路建设工程
  [POST失败1/3] ProxyError: HTTPSConnectionPool(host='prec.sxzwfw.gov.cn', port=443): Max retries exceeded with url: /queryContent-jyxx.jspx (Caused by ProxyError('Unable to connect to proxy', OSError('Tunnel connection failed: 618 Internal Server Error'))) | https://prec.sxzwfw.gov.cn/queryContent-jyxx.jspx
    ✓ 历史招标计划
    ✓ 历史招标公告
  [GET失败1/3] ReadTimeout: HTTPSConnectionPool(host='prec.sxzwfw.gov.cn', port=443): Read timed out. (read timeout=15) | https://prec.sxzwfw.gov.cn/jyxxgchxr/1069353.jhtml
    ✓ 历史候选人监督部门
    ✓ 历史结果监督部门
  → upsert 完成：中标结果公示

  [中标结果公示] 新绛县2026年农村公路建设工程
  [GET失败1/3] ConnectionError: ('Connection aborted.', ConnectionResetError(104, 'Connection reset by peer')) | https://prec.sxzwfw.gov.cn/jyxxgcgs/1070910.jhtml
  [历史搜索] 新绛县2026年农村公路建设工程
  [历史回填] 搜索项目：新绛县2026年农村公路建设工程
    ✓ 历史招标计划
  [POST失败1/3] ReadTimeout: HTTPSConnectionPool(host='prec.sxzwfw.gov.cn', port=443): Read timed out. (read timeout=18) | https://prec.sxzwfw.gov.cn/queryContent-jyxx.jspx
    ✓ 历史招标公告
    ✓ 历史候选人监督部门
    ✓ 历史结果监督部门
  → upsert 完成：中标结果公示

  [中标结果公示] 新绛县2026年农村公路建设工程
  [历史搜索] 新绛县2026年农村公路建设工程
  [历史回填] 搜索项目：新绛县2026年农村公路建设工程
    ✓ 历史招标计划
  [POST失败1/3] ProxyError: HTTPSConnectionPool(host='prec.sxzwfw.gov.cn', port=443): Max retries exceeded with url: /queryContent-jyxx.jspx (Caused by ProxyError('Unable to connect to proxy', RemoteDisconnected('Remote end closed connection without response'))) | https://prec.sxzwfw.gov.cn/queryContent-jyxx.jspx
  [POST失败2/3] ReadTimeout: HTTPSConnectionPool(host='prec.sxzwfw.gov.cn', port=443): Read timed out. (read timeout=18) | https://prec.sxzwfw.gov.cn/queryContent-jyxx.jspx
  [POST失败3/3] ReadTimeout: HTTPSConnectionPool(host='prec.sxzwfw.gov.cn', port=443): Read timed out. (read timeout=18) | https://prec.sxzwfw.gov.cn/queryContent-jyxx.jspx
  [POST失败1/3] ProxyError: HTTPSConnectionPool(host='prec.sxzwfw.gov.cn', port=443): Max retries exceeded with url: /queryContent-jyxx.jspx (Caused by ProxyError('Unable to connect to proxy', OSError('Tunnel connection failed: 436 Proxy Authentication Failed'))) | https://prec.sxzwfw.gov.cn/queryContent-jyxx.jspx
  [POST失败2/3] ProxyError: HTTPSConnectionPool(host='prec.sxzwfw.gov.cn', port=443): Max retries exceeded with url: /queryContent-jyxx.jspx (Caused by ProxyError('Unable to connect to proxy', OSError('Tunnel connection failed: 436 Proxy Authentication Failed'))) | https://prec.sxzwfw.gov.cn/queryContent-jyxx.jspx
  [POST失败1/3] ReadTimeout: HTTPSConnectionPool(host='prec.sxzwfw.gov.cn', port=443): Read timed out. (read timeout=18) | https://prec.sxzwfw.gov.cn/queryContent-jyxx.jspx
  [POST失败2/3] ReadTimeout: HTTPSConnectionPool(host='prec.sxzwfw.gov.cn', port=443): Read timed out. (read timeout=18) | https://prec.sxzwfw.gov.cn/queryContent-jyxx.jspx
    ✓ 历史候选人监督部门
  [POST失败1/3] ConnectionError: ('Connection aborted.', ConnectionResetError(104, 'Connection reset by peer')) | https://prec.sxzwfw.gov.cn/queryContent-jyxx.jspx
  [POST失败1/3] ReadTimeout: HTTPSConnectionPool(host='prec.sxzwfw.gov.cn', port=443): Read timed out. (read timeout=18) | https://prec.sxzwfw.gov.cn/queryContent_2-jyxx.jspx
    ✓ 历史结果监督部门
  → upsert 完成：中标结果公示

  [中标结果公示] 新绛县2026年农村公路建设工程
  [历史搜索] 新绛县2026年农村公路建设工程
  [历史回填] 搜索项目：新绛县2026年农村公路建设工程
  [GET失败1/3] ReadTimeout: HTTPSConnectionPool(host='prec.sxzwfw.gov.cn', port=443): Read timed out. (read timeout=15) | https://prec.sxzwfw.gov.cn/jyxxzbjh/1045852.jhtml
    ✓ 历史招标计划
  [GET失败1/3] ConnectionError: ('Connection aborted.', ConnectionResetError(104, 'Connection reset by peer')) | https://prec.sxzwfw.gov.cn/jyxxgczb/1061413.jhtml
    ✓ 历史招标公告
  [POST失败1/3] ConnectionError: ('Connection aborted.', ConnectionResetError(104, 'Connection reset by peer')) | https://prec.sxzwfw.gov.cn/queryContent-jyxx.jspx
  [POST失败2/3] ConnectionError: ('Connection aborted.', ConnectionResetError(104, 'Connection reset by peer')) | https://prec.sxzwfw.gov.cn/queryContent-jyxx.jspx
    ✓ 历史候选人监督部门
  [POST失败1/3] ConnectionError: ('Connection aborted.', ConnectionResetError(104, 'Connection reset by peer')) | https://prec.sxzwfw.gov.cn/queryContent-jyxx.jspx
  [GET失败1/3] ConnectionError: ('Connection aborted.', ConnectionResetError(104, 'Connection reset by peer')) | https://prec.sxzwfw.gov.cn/jyxxgcgs/1070918.jhtml
    ✓ 历史结果监督部门
  → upsert 完成：中标结果公示

  [中标结果公示] 新绛县2026年农村公路建设工程
  [历史搜索] 新绛县2026年农村公路建设工程
  [历史回填] 搜索项目：新绛县2026年农村公路建设工程
  [GET失败1/3] ReadTimeout: HTTPSConnectionPool(host='prec.sxzwfw.gov.cn', port=443): Read timed out. (read timeout=15) | https://prec.sxzwfw.gov.cn/jyxxzbjh/1045852.jhtml
    ✓ 历史招标计划
    ✓ 历史招标公告
    ✓ 历史候选人监督部门
  [POST失败1/3] ReadTimeout: HTTPSConnectionPool(host='prec.sxzwfw.gov.cn', port=443): Read timed out. (read timeout=18) | https://prec.sxzwfw.gov.cn/queryContent_2-jyxx.jspx
    ✓ 历史结果监督部门
  → upsert 完成：中标结果公示

  [中标结果公示] 新绛县2026年农村公路建设工程
  [历史搜索] 新绛县2026年农村公路建设工程
  [历史回填] 搜索项目：新绛县2026年农村公路建设工程
    ✓ 历史招标计划
  [POST失败1/3] ReadTimeout: HTTPSConnectionPool(host='prec.sxzwfw.gov.cn', port=443): Read timed out. (read timeout=18) | https://prec.sxzwfw.gov.cn/queryContent-jyxx.jspx
    ✓ 历史招标公告
    ✓ 历史候选人监督部门
    ✓ 历史结果监督部门
  → upsert 完成：中标结果公示

  [中标结果公示] 晋城市残疾人康复中心项目监理中标结果公告
  [历史搜索] 晋城市残疾人康复中心项目监理中标结果公告
  [历史回填] 搜索项目：晋城市残疾人康复中心项目监理中标结果公告
  [GET失败1/3] ReadTimeout: HTTPSConnectionPool(host='prec.sxzwfw.gov.cn', port=443): Read timed out. (read timeout=15) | https://prec.sxzwfw.gov.cn/jyxxgcgs/1070903.jhtml
    ✓ 历史结果监督部门
  → upsert 完成：中标结果公示

  [中标结果公示] 山西省太行山国有林管理局2026年太行山（山西段东南部）生态保护修复与水土流失综合治理项目（第五批）（第三标段）
  [历史搜索] 山西省太行山国有林管理局2026年太行山（山西段东南部）生态保护修复与水土流失综合治理项目（第五批）（第三标段）
  [历史回填] 搜索项目：山西省太行山国有林管理局2026年太行山（山西段东南部）生态保护修复与水土流失综合治理项目（第五批）（第三标段）
  [POST失败1/3] ConnectionError: ('Connection aborted.', ConnectionResetError(104, 'Connection reset by peer')) | https://prec.sxzwfw.gov.cn/queryContent-jyxx.jspx
  [POST失败1/3] ReadTimeout: HTTPSConnectionPool(host='prec.sxzwfw.gov.cn', port=443): Read timed out. (read timeout=18) | https://prec.sxzwfw.gov.cn/queryContent-jyxx.jspx
  [GET失败1/3] ReadTimeout: HTTPSConnectionPool(host='prec.sxzwfw.gov.cn', port=443): Read timed out. (read timeout=15) | https://prec.sxzwfw.gov.cn/jyxxgchxr/1069430.jhtml
    ✓ 历史候选人监督部门
    ✓ 历史结果监督部门
  → upsert 完成：中标结果公示

  [中标结果公示] 山西省太行山国有林管理局2026年太行山（山西段东南部）生态保护修复与水土流失综合治理项目（第五批）（第五标段）
  [历史搜索] 山西省太行山国有林管理局2026年太行山（山西段东南部）生态保护修复与水土流失综合治理项目（第五批）（第五标段）
  [历史回填] 搜索项目：山西省太行山国有林管理局2026年太行山（山西段东南部）生态保护修复与水土流失综合治理项目（第五批）（第五标段）
  [POST失败1/3] ReadTimeout: HTTPSConnectionPool(host='prec.sxzwfw.gov.cn', port=443): Read timed out. (read timeout=18) | https://prec.sxzwfw.gov.cn/queryContent-jyxx.jspx
  [POST失败1/3] ConnectionError: ('Connection aborted.', ConnectionResetError(104, 'Connection reset by peer')) | https://prec.sxzwfw.gov.cn/queryContent-jyxx.jspx
    ✓ 历史候选人监督部门
  [GET失败1/3] ReadTimeout: HTTPSConnectionPool(host='prec.sxzwfw.gov.cn', port=443): Read timed out. (read timeout=15) | https://prec.sxzwfw.gov.cn/jyxxgcgs/1070880.jhtml
    ✓ 历史结果监督部门
  → upsert 完成：中标结果公示

  [中标结果公示] 山西省太行山国有林管理局2026年太行山（山西段东南部）生态保护修复与水土流失综合治理项目（第五批）（第六标段）
  [历史搜索] 山西省太行山国有林管理局2026年太行山（山西段东南部）生态保护修复与水土流失综合治理项目（第五批）（第六标段）
  [历史回填] 搜索项目：山西省太行山国有林管理局2026年太行山（山西段东南部）生态保护修复与水土流失综合治理项目（第五批）（第六标段）
  [POST失败1/3] ReadTimeout: HTTPSConnectionPool(host='prec.sxzwfw.gov.cn', port=443): Read timed out. (read timeout=18) | https://prec.sxzwfw.gov.cn/queryContent-jyxx.jspx
  [POST失败1/3] ConnectionError: ('Connection aborted.', ConnectionResetError(104, 'Connection reset by peer')) | https://prec.sxzwfw.gov.cn/queryContent-jyxx.jspx
  [POST失败1/3] ConnectionError: ('Connection aborted.', ConnectionResetError(104, 'Connection reset by peer')) | https://prec.sxzwfw.gov.cn/queryContent-jyxx.jspx
  [GET失败1/3] ReadTimeout: HTTPSConnectionPool(host='prec.sxzwfw.gov.cn', port=443): Read timed out. (read timeout=15) | https://prec.sxzwfw.gov.cn/jyxxgchxr/1069437.jhtml
    ✓ 历史候选人监督部门
    ✓ 历史结果监督部门
  → upsert 完成：中标结果公示

  [中标结果公示] 山西省太行山国有林管理局2026年太行山（山西段东南部）生态保护修复与水土流失综合治理项目（第五批）（第七标段）
  [历史搜索] 山西省太行山国有林管理局2026年太行山（山西段东南部）生态保护修复与水土流失综合治理项目（第五批）（第七标段）
  [历史回填] 搜索项目：山西省太行山国有林管理局2026年太行山（山西段东南部）生态保护修复与水土流失综合治理项目（第五批）（第七标段）
    ✓ 历史候选人监督部门
    ✓ 历史结果监督部门
  → upsert 完成：中标结果公示

  [中标结果公示] 山西省太行山国有林管理局2026年太行山（山西段东南部）生态保护修复与水土流失综合治理项目（第五批）（第八标段）
  [历史搜索] 山西省太行山国有林管理局2026年太行山（山西段东南部）生态保护修复与水土流失综合治理项目（第五批）（第八标段）
  [历史回填] 搜索项目：山西省太行山国有林管理局2026年太行山（山西段东南部）生态保护修复与水土流失综合治理项目（第五批）（第八标段）
  [POST失败1/3] ReadTimeout: HTTPSConnectionPool(host='prec.sxzwfw.gov.cn', port=443): Read timed out. (read timeout=18) | https://prec.sxzwfw.gov.cn/queryContent-jyxx.jspx
  [POST失败2/3] ConnectionError: ('Connection aborted.', RemoteDisconnected('Remote end closed connection without response')) | https://prec.sxzwfw.gov.cn/queryContent-jyxx.jspx
  [POST失败3/3] ConnectionError: ('Connection aborted.', RemoteDisconnected('Remote end closed connection without response')) | https://prec.sxzwfw.gov.cn/queryContent-jyxx.jspx
  [POST失败1/3] ReadTimeout: HTTPSConnectionPool(host='prec.sxzwfw.gov.cn', port=443): Read timed out. (read timeout=18) | https://prec.sxzwfw.gov.cn/queryContent-jyxx.jspx
  [POST失败2/3] ConnectionError: ('Connection aborted.', ConnectionResetError(104, 'Connection reset by peer')) | https://prec.sxzwfw.gov.cn/queryContent-jyxx.jspx
  [GET失败1/3] ConnectionError: ('Connection aborted.', ConnectionResetError(104, 'Connection reset by peer')) | https://prec.sxzwfw.gov.cn/jyxxgchxr/1069431.jhtml
  [GET失败2/3] ConnectionError: ('Connection aborted.', ConnectionResetError(104, 'Connection reset by peer')) | https://prec.sxzwfw.gov.cn/jyxxgchxr/1069431.jhtml
  [GET失败3/3] ReadTimeout: HTTPSConnectionPool(host='prec.sxzwfw.gov.cn', port=443): Read timed out. (read timeout=15) | https://prec.sxzwfw.gov.cn/jyxxgchxr/1069431.jhtml
    ✓ 历史候选人监督部门
  [POST失败1/3] ReadTimeout: HTTPSConnectionPool(host='prec.sxzwfw.gov.cn', port=443): Read timed out. (read timeout=18) | https://prec.sxzwfw.gov.cn/queryContent-jyxx.jspx
    ✓ 历史结果监督部门
  → upsert 完成：中标结果公示

  [中标结果公示] 山西省太行山国有林管理局2026年太行山（山西段东南部）生态保护修复与水土流失综合治理项目（第五批）（第九标段）
  [GET失败1/3] ConnectionError: ('Connection aborted.', ConnectionResetError(104, 'Connection reset by peer')) | https://prec.sxzwfw.gov.cn/jyxxgcgs/1070876.jhtml
  [历史搜索] 山西省太行山国有林管理局2026年太行山（山西段东南部）生态保护修复与水土流失综合治理项目（第五批）（第九标段）
  [历史回填] 搜索项目：山西省太行山国有林管理局2026年太行山（山西段东南部）生态保护修复与水土流失综合治理项目（第五批）（第九标段）
  [POST失败1/3] ReadTimeout: HTTPSConnectionPool(host='prec.sxzwfw.gov.cn', port=443): Read timed out. (read timeout=18) | https://prec.sxzwfw.gov.cn/queryContent-jyxx.jspx
  [POST失败1/3] ProxyError: HTTPSConnectionPool(host='prec.sxzwfw.gov.cn', port=443): Max retries exceeded with url: /queryContent-jyxx.jspx (Caused by ProxyError('Unable to connect to proxy', OSError('Tunnel connection failed: 407 Proxy Authentication Required'))) | https://prec.sxzwfw.gov.cn/queryContent-jyxx.jspx
    ✓ 历史候选人监督部门
  [POST失败1/3] ConnectionError: ('Connection aborted.', ConnectionResetError(104, 'Connection reset by peer')) | https://prec.sxzwfw.gov.cn/queryContent-jyxx.jspx
  [GET失败1/3] ConnectionError: ('Connection aborted.', ConnectionResetError(104, 'Connection reset by peer')) | https://prec.sxzwfw.gov.cn/jyxxgcgs/1070876.jhtml
    ✓ 历史结果监督部门
  → upsert 完成：中标结果公示

  [中标结果公示] 山西省太行山国有林管理局2026年太行山（山西段东南部）生态保护修复与水土流失综合治理项目（第五批）（第十标段）
  [GET失败1/3] ProxyError: HTTPSConnectionPool(host='prec.sxzwfw.gov.cn', port=443): Max retries exceeded with url: /jyxxgcgs/1070875.jhtml (Caused by ProxyError('Unable to connect to proxy', OSError('Tunnel connection failed: 407 Proxy Authentication Required'))) | https://prec.sxzwfw.gov.cn/jyxxgcgs/1070875.jhtml
  [历史搜索] 山西省太行山国有林管理局2026年太行山（山西段东南部）生态保护修复与水土流失综合治理项目（第五批）（第十标段）
  [历史回填] 搜索项目：山西省太行山国有林管理局2026年太行山（山西段东南部）生态保护修复与水土流失综合治理项目（第五批）（第十标段）
  [POST失败1/3] ReadTimeout: HTTPSConnectionPool(host='prec.sxzwfw.gov.cn', port=443): Read timed out. (read timeout=18) | https://prec.sxzwfw.gov.cn/queryContent-jyxx.jspx
  [POST失败2/3] ReadTimeout: HTTPSConnectionPool(host='prec.sxzwfw.gov.cn', port=443): Read timed out. (read timeout=18) | https://prec.sxzwfw.gov.cn/queryContent-jyxx.jspx
  [POST失败3/3] ConnectionError: ('Connection aborted.', ConnectionResetError(104, 'Connection reset by peer')) | https://prec.sxzwfw.gov.cn/queryContent-jyxx.jspx
  [POST失败1/3] ReadTimeout: HTTPSConnectionPool(host='prec.sxzwfw.gov.cn', port=443): Read timed out. (read timeout=18) | https://prec.sxzwfw.gov.cn/queryContent-jyxx.jspx
  [POST失败2/3] ReadTimeout: HTTPSConnectionPool(host='prec.sxzwfw.gov.cn', port=443): Read timed out. (read timeout=18) | https://prec.sxzwfw.gov.cn/queryContent-jyxx.jspx
  [POST失败3/3] ReadTimeout: HTTPSConnectionPool(host='prec.sxzwfw.gov.cn', port=443): Read timed out. (read timeout=18) | https://prec.sxzwfw.gov.cn/queryContent-jyxx.jspx
  [POST失败1/3] ReadTimeout: HTTPSConnectionPool(host='prec.sxzwfw.gov.cn', port=443): Read timed out. (read timeout=18) | https://prec.sxzwfw.gov.cn/queryContent-jyxx.jspx
    ✓ 历史结果监督部门
  → upsert 完成：中标结果公示

  [中标结果公示] 山西省太行山国有林管理局2026年太行山（山西段东南部）生态保护修复与水土流失综合治理项目（第五批）（第十一标段）
  [历史搜索] 山西省太行山国有林管理局2026年太行山（山西段东南部）生态保护修复与水土流失综合治理项目（第五批）（第十一标段）
  [历史回填] 搜索项目：山西省太行山国有林管理局2026年太行山（山西段东南部）生态保护修复与水土流失综合治理项目（第五批）（第十一标段）
    ✓ 历史候选人监督部门
  [GET失败1/3] ConnectionError: ('Connection aborted.', ConnectionResetError(104, 'Connection reset by peer')) | https://prec.sxzwfw.gov.cn/jyxxgcgs/1070874.jhtml
    ✓ 历史结果监督部门
  → upsert 完成：中标结果公示

  [中标结果公示] 长治市屯留区“新基建”智慧充电网项目一期工程施工
  [历史搜索] 长治市屯留区“新基建”智慧充电网项目一期工程施工
  [历史回填] 搜索项目：长治市屯留区“新基建”智慧充电网项目一期工程施工
  [POST失败1/3] ConnectionError: ('Connection aborted.', ConnectionResetError(104, 'Connection reset by peer')) | https://prec.sxzwfw.gov.cn/queryContent-jyxx.jspx
  [GET失败1/3] ConnectionError: ('Connection aborted.', ConnectionResetError(104, 'Connection reset by peer')) | https://prec.sxzwfw.gov.cn/jyxxgczb/1062387.jhtml
  [GET失败2/3] ReadTimeout: HTTPSConnectionPool(host='prec.sxzwfw.gov.cn', port=443): Read timed out. (read timeout=15) | https://prec.sxzwfw.gov.cn/jyxxgczb/1062387.jhtml
  [GET失败3/3] ConnectionError: ('Connection aborted.', ConnectionResetError(104, 'Connection reset by peer')) | https://prec.sxzwfw.gov.cn/jyxxgczb/1062387.jhtml
    ✓ 历史招标公告
  [GET失败1/3] ConnectionError: ('Connection aborted.', ConnectionResetError(104, 'Connection reset by peer')) | https://prec.sxzwfw.gov.cn/jyxxgchxr/1069019.jhtml
    ✓ 历史候选人监督部门
    ✓ 历史结果监督部门
  → upsert 完成：中标结果公示

  [中标结果公示] 晋中市太谷区农村安全饮水巩固提升工程勘察设计
  [历史搜索] 晋中市太谷区农村安全饮水巩固提升工程勘察设计
  [历史回填] 搜索项目：晋中市太谷区农村安全饮水巩固提升工程勘察设计
  [POST失败1/3] ConnectionError: ('Connection aborted.', ConnectionResetError(104, 'Connection reset by peer')) | https://prec.sxzwfw.gov.cn/queryContent-jyxx.jspx
    ✓ 历史招标公告
  [POST失败1/3] ConnectionError: ('Connection aborted.', ConnectionResetError(104, 'Connection reset by peer')) | https://prec.sxzwfw.gov.cn/queryContent-jyxx.jspx
  [POST失败1/3] ReadTimeout: HTTPSConnectionPool(host='prec.sxzwfw.gov.cn', port=443): Read timed out. (read timeout=18) | https://prec.sxzwfw.gov.cn/queryContent-jyxx.jspx
  [POST失败2/3] ProxyError: HTTPSConnectionPool(host='prec.sxzwfw.gov.cn', port=443): Max retries exceeded with url: /queryContent-jyxx.jspx (Caused by ProxyError('Unable to connect to proxy', OSError('Tunnel connection failed: 618 Internal Server Error'))) | https://prec.sxzwfw.gov.cn/queryContent-jyxx.jspx
    ✓ 历史候选人监督部门
    ✓ 历史结果监督部门
  → upsert 完成：中标结果公示

  [中标结果公示] 清徐县集中供热联网扩容改造工程
  [GET失败1/3] ReadTimeout: HTTPSConnectionPool(host='prec.sxzwfw.gov.cn', port=443): Read timed out. (read timeout=15) | https://prec.sxzwfw.gov.cn/jyxxgcgs/1070852.jhtml
  [历史搜索] 清徐县集中供热联网扩容改造工程
  [历史回填] 搜索项目：清徐县集中供热联网扩容改造工程
  [GET失败1/3] ReadTimeout: HTTPSConnectionPool(host='prec.sxzwfw.gov.cn', port=443): Read timed out. (read timeout=15) | https://prec.sxzwfw.gov.cn/jyxxzbjh/1029188.jhtml
  [GET失败2/3] ConnectionError: ('Connection aborted.', ConnectionResetError(104, 'Connection reset by peer')) | https://prec.sxzwfw.gov.cn/jyxxzbjh/1029188.jhtml
    ✓ 历史招标计划
    ✓ 历史招标公告
  [POST失败1/3] ReadTimeout: HTTPSConnectionPool(host='prec.sxzwfw.gov.cn', port=443): Read timed out. (read timeout=18) | https://prec.sxzwfw.gov.cn/queryContent-jyxx.jspx
  [POST失败1/3] ReadTimeout: HTTPSConnectionPool(host='prec.sxzwfw.gov.cn', port=443): Read timed out. (read timeout=18) | https://prec.sxzwfw.gov.cn/queryContent-jyxx.jspx
    ✓ 历史候选人监督部门
  [POST失败1/3] ReadTimeout: HTTPSConnectionPool(host='prec.sxzwfw.gov.cn', port=443): Read timed out. (read timeout=18) | https://prec.sxzwfw.gov.cn/queryContent-jyxx.jspx
  [GET失败1/3] ReadTimeout: HTTPSConnectionPool(host='prec.sxzwfw.gov.cn', port=443): Read timed out. (read timeout=15) | https://prec.sxzwfw.gov.cn/jyxxgcgs/1070852.jhtml
  [GET失败2/3] ReadTimeout: HTTPSConnectionPool(host='prec.sxzwfw.gov.cn', port=443): Read timed out. (read timeout=15) | https://prec.sxzwfw.gov.cn/jyxxgcgs/1070852.jhtml
    ✓ 历史结果监督部门
  → upsert 完成：中标结果公示

  [中标结果公示] 文瀛湖片区—文瀛漫道项目设计
  [历史搜索] 文瀛湖片区—文瀛漫道项目设计
  [历史回填] 搜索项目：文瀛湖片区—文瀛漫道项目设计
  [POST失败1/3] ProxyError: HTTPSConnectionPool(host='prec.sxzwfw.gov.cn', port=443): Max retries exceeded with url: /queryContent-jyxx.jspx (Caused by ProxyError('Unable to connect to proxy', OSError('Tunnel connection failed: 436 Proxy Authentication Failed'))) | https://prec.sxzwfw.gov.cn/queryContent-jyxx.jspx
  [POST失败2/3] ReadTimeout: HTTPSConnectionPool(host='prec.sxzwfw.gov.cn', port=443): Read timed out. (read timeout=18) | https://prec.sxzwfw.gov.cn/queryContent-jyxx.jspx
  [POST失败1/3] ReadTimeout: HTTPSConnectionPool(host='prec.sxzwfw.gov.cn', port=443): Read timed out. (read timeout=18) | https://prec.sxzwfw.gov.cn/queryContent-jyxx.jspx
  [POST失败2/3] ConnectionError: ('Connection aborted.', RemoteDisconnected('Remote end closed connection without response')) | https://prec.sxzwfw.gov.cn/queryContent-jyxx.jspx
  [GET失败1/3] ProxyError: HTTPSConnectionPool(host='prec.sxzwfw.gov.cn', port=443): Max retries exceeded with url: /jyxxgczb/1062422.jhtml (Caused by ProxyError('Unable to connect to proxy', OSError('Tunnel connection failed: 407 Proxy Authentication Required'))) | https://prec.sxzwfw.gov.cn/jyxxgczb/1062422.jhtml
    ✓ 历史招标公告
    ✓ 历史候选人监督部门
    ✓ 历史结果监督部门
  → upsert 完成：中标结果公示

  [中标结果公示] 山西省太行山国有林管理局2026年太行山（山西段东南部）生态保护修复与水土流失综合治理项目（第五批）（第一标段）
  [历史搜索] 山西省太行山国有林管理局2026年太行山（山西段东南部）生态保护修复与水土流失综合治理项目（第五批）（第一标段）
  [历史回填] 搜索项目：山西省太行山国有林管理局2026年太行山（山西段东南部）生态保护修复与水土流失综合治理项目（第五批）（第一标段）
  [POST失败1/3] ReadTimeout: HTTPSConnectionPool(host='prec.sxzwfw.gov.cn', port=443): Read timed out. (read timeout=18) | https://prec.sxzwfw.gov.cn/queryContent-jyxx.jspx
  [POST失败2/3] ReadTimeout: HTTPSConnectionPool(host='prec.sxzwfw.gov.cn', port=443): Read timed out. (read timeout=18) | https://prec.sxzwfw.gov.cn/queryContent-jyxx.jspx
  [POST失败1/3] ConnectionError: ('Connection aborted.', ConnectionResetError(104, 'Connection reset by peer')) | https://prec.sxzwfw.gov.cn/queryContent-jyxx.jspx
  [POST失败2/3] ReadTimeout: HTTPSConnectionPool(host='prec.sxzwfw.gov.cn', port=443): Read timed out. (read timeout=18) | https://prec.sxzwfw.gov.cn/queryContent-jyxx.jspx
    ✓ 历史候选人监督部门
    ✓ 历史结果监督部门
  → upsert 完成：中标结果公示

  [中标结果公示] 山西省太行山国有林管理局2026年太行山（山西段东南部）生态保护修复与水土流失综合治理项目（第五批）（第二标段）
  [历史搜索] 山西省太行山国有林管理局2026年太行山（山西段东南部）生态保护修复与水土流失综合治理项目（第五批）（第二标段）
  [历史回填] 搜索项目：山西省太行山国有林管理局2026年太行山（山西段东南部）生态保护修复与水土流失综合治理项目（第五批）（第二标段）
  [POST失败1/3] ProxyError: HTTPSConnectionPool(host='prec.sxzwfw.gov.cn', port=443): Max retries exceeded with url: /queryContent-jyxx.jspx (Caused by ProxyError('Unable to connect to proxy', RemoteDisconnected('Remote end closed connection without response'))) | https://prec.sxzwfw.gov.cn/queryContent-jyxx.jspx
  [POST失败2/3] ConnectionError: ('Connection aborted.', ConnectionResetError(104, 'Connection reset by peer')) | https://prec.sxzwfw.gov.cn/queryContent-jyxx.jspx
  [GET失败1/3] ProxyError: HTTPSConnectionPool(host='prec.sxzwfw.gov.cn', port=443): Max retries exceeded with url: /jyxxgchxr/1069435.jhtml (Caused by ProxyError('Unable to connect to proxy', OSError('Tunnel connection failed: 618 Internal Server Error'))) | https://prec.sxzwfw.gov.cn/jyxxgchxr/1069435.jhtml
    ✓ 历史候选人监督部门
  [GET失败1/3] ConnectionError: ('Connection aborted.', ConnectionResetError(104, 'Connection reset by peer')) | https://prec.sxzwfw.gov.cn/jyxxgcgs/1070847.jhtml
    ✓ 历史结果监督部门
  → upsert 完成：中标结果公示

  [中标结果公示] 高平市南城办事处张庄村至七佛山道路提升工程
  [历史搜索] 高平市南城办事处张庄村至七佛山道路提升工程
  [历史回填] 搜索项目：高平市南城办事处张庄村至七佛山道路提升工程
    ✓ 历史招标公告
  [POST失败1/3] ReadTimeout: HTTPSConnectionPool(host='prec.sxzwfw.gov.cn', port=443): Read timed out. (read timeout=18) | https://prec.sxzwfw.gov.cn/queryContent-jyxx.jspx
  [POST失败2/3] ConnectionError: ('Connection aborted.', ConnectionResetError(104, 'Connection reset by peer')) | https://prec.sxzwfw.gov.cn/queryContent-jyxx.jspx
  [POST失败3/3] ReadTimeout: HTTPSConnectionPool(host='prec.sxzwfw.gov.cn', port=443): Read timed out. (read timeout=18) | https://prec.sxzwfw.gov.cn/queryContent-jyxx.jspx
    ✓ 历史结果监督部门
  → upsert 完成：中标结果公示

  [中标结果公示] 代县城市地下管网及设施建设改造工程-东北街片区（分区二）施工项目
  [历史搜索] 代县城市地下管网及设施建设改造工程-东北街片区（分区二）施工项目
  [历史回填] 搜索项目：代县城市地下管网及设施建设改造工程-东北街片区（分区二）施工项目
    ✓ 历史候选人监督部门
  [POST失败1/3] ConnectionError: ('Connection aborted.', ConnectionResetError(104, 'Connection reset by peer')) | https://prec.sxzwfw.gov.cn/queryContent-jyxx.jspx
  [POST失败2/3] ConnectionError: ('Connection aborted.', ConnectionResetError(104, 'Connection reset by peer')) | https://prec.sxzwfw.gov.cn/queryContent-jyxx.jspx
  [GET失败1/3] ConnectionError: ('Connection aborted.', ConnectionResetError(104, 'Connection reset by peer')) | https://prec.sxzwfw.gov.cn/jyxxgcgs/1070798.jhtml
    ✓ 历史结果监督部门
  → upsert 完成：中标结果公示

  [中标结果公示] 代县城市地下管网及设施建设改造工程-东北街片区（分区二）监理项目
  [历史搜索] 代县城市地下管网及设施建设改造工程-东北街片区（分区二）监理项目
  [历史回填] 搜索项目：代县城市地下管网及设施建设改造工程-东北街片区（分区二）监理项目
  [POST失败1/3] ConnectionError: ('Connection aborted.', ConnectionResetError(104, 'Connection reset by peer')) | https://prec.sxzwfw.gov.cn/queryContent-jyxx.jspx
    ✓ 历史候选人监督部门
  [POST失败1/3] ReadTimeout: HTTPSConnectionPool(host='prec.sxzwfw.gov.cn', port=443): Read timed out. (read timeout=18) | https://prec.sxzwfw.gov.cn/queryContent-jyxx.jspx
  [POST失败2/3] ReadTimeout: HTTPSConnectionPool(host='prec.sxzwfw.gov.cn', port=443): Read timed out. (read timeout=18) | https://prec.sxzwfw.gov.cn/queryContent-jyxx.jspx
    ✓ 历史结果监督部门
  → upsert 完成：中标结果公示

  [中标结果公示] 吉县吉电200MW/400MWh独立储能电站EPC总承包
  [历史搜索] 吉县吉电200MW/400MWh独立储能电站EPC总承包
  [历史回填] 搜索项目：吉县吉电200MW/400MWh独立储能电站EPC总承包
  [POST失败1/3] ReadTimeout: HTTPSConnectionPool(host='prec.sxzwfw.gov.cn', port=443): Read timed out. (read timeout=18) | https://prec.sxzwfw.gov.cn/queryContent-jyxx.jspx
  [POST失败1/3] ReadTimeout: HTTPSConnectionPool(host='prec.sxzwfw.gov.cn', port=443): Read timed out. (read timeout=18) | https://prec.sxzwfw.gov.cn/queryContent-jyxx.jspx
  → upsert 完成：中标结果公示

  [中标结果公示] 汾河流域城区段8处入河排口整治及规范化建设项目监理一标段
  [GET失败1/3] ProxyError: HTTPSConnectionPool(host='prec.sxzwfw.gov.cn', port=443): Max retries exceeded with url: /jyxxgcgs/1070770.jhtml (Caused by ProxyError('Unable to connect to proxy', OSError('Tunnel connection failed: 407 Proxy Authentication Required'))) | https://prec.sxzwfw.gov.cn/jyxxgcgs/1070770.jhtml
  [历史搜索] 汾河流域城区段8处入河排口整治及规范化建设项目监理一标段
  [历史回填] 搜索项目：汾河流域城区段8处入河排口整治及规范化建设项目监理一标段
  [POST失败1/3] ConnectionError: ('Connection aborted.', ConnectionResetError(104, 'Connection reset by peer')) | https://prec.sxzwfw.gov.cn/queryContent-jyxx.jspx
  [POST失败1/3] ConnectionError: ('Connection aborted.', ConnectionResetError(104, 'Connection reset by peer')) | https://prec.sxzwfw.gov.cn/queryContent-jyxx.jspx
    ✓ 历史招标公告
  [POST失败1/3] ProxyError: HTTPSConnectionPool(host='prec.sxzwfw.gov.cn', port=443): Max retries exceeded with url: /queryContent-jyxx.jspx (Caused by ProxyError('Unable to connect to proxy', OSError('Tunnel connection failed: 407 Proxy Authentication Required'))) | https://prec.sxzwfw.gov.cn/queryContent-jyxx.jspx
  [POST失败2/3] ReadTimeout: HTTPSConnectionPool(host='prec.sxzwfw.gov.cn', port=443): Read timed out. (read timeout=18) | https://prec.sxzwfw.gov.cn/queryContent-jyxx.jspx
    ✓ 历史候选人监督部门
  [POST失败1/3] ReadTimeout: HTTPSConnectionPool(host='prec.sxzwfw.gov.cn', port=443): Read timed out. (read timeout=18) | https://prec.sxzwfw.gov.cn/queryContent-jyxx.jspx
    ✓ 历史结果监督部门
  → upsert 完成：中标结果公示

  [中标结果公示] 翼城县规模化供水项目（第十标段）总管理站标段
  [历史搜索] 翼城县规模化供水项目（第十标段）总管理站标段
  [历史回填] 搜索项目：翼城县规模化供水项目（第十标段）总管理站标段
  [POST失败1/3] ConnectionError: ('Connection aborted.', ConnectionResetError(104, 'Connection reset by peer')) | https://prec.sxzwfw.gov.cn/queryContent-jyxx.jspx
  [POST失败2/3] ReadTimeout: HTTPSConnectionPool(host='prec.sxzwfw.gov.cn', port=443): Read timed out. (read timeout=18) | https://prec.sxzwfw.gov.cn/queryContent-jyxx.jspx
  [POST失败3/3] ReadTimeout: HTTPSConnectionPool(host='prec.sxzwfw.gov.cn', port=443): Read timed out. (read timeout=18) | https://prec.sxzwfw.gov.cn/queryContent-jyxx.jspx
  [POST失败1/3] ReadTimeout: HTTPSConnectionPool(host='prec.sxzwfw.gov.cn', port=443): Read timed out. (read timeout=18) | https://prec.sxzwfw.gov.cn/queryContent-jyxx.jspx
    ✓ 历史结果监督部门
  → upsert 完成：中标结果公示
[索引] → /home/intsig/zwx/shanxi/output/山西_index.txt
[自检] → /home/intsig/zwx/shanxi/log/20260703_check.log

===== AI 兜底补充提取 =====
  [马村镇马村村高标准设施蔬菜基地项目] AI补字段 ['招标代理机构地址'] ← https://prec.sxzwfw.gov.cn/jyxxgczb/1069822.jhtml
    ✗ 招标代理机构地址: AI未提取
  [柳林县贾家垣乡李家焉至双则公路工程施工项目] AI补字段 ['标书发售时间', '监督部门联系方式'] ← https://prec.sxzwfw.gov.cn/jyxxgczb/1069790.jhtml
    ✓ 标书发售时间: 2026年6月30日17时00分至2026年7月23日10时00分
    ✓ 监督部门联系方式: {'联系方式': '0358-2255625', '联系地址': '吕梁市离石区国投财经中心C座607', '联系邮箱': '1lsjtjjgk@126.com
  [侯马市XX训练基地建设项目（二次）] AI补字段 ['监督部门联系方式'] ← https://prec.sxzwfw.gov.cn/jyxxgczb/1062990.jhtml
    ✗ 监督部门联系方式: AI未提取
  [惠科阳曲200MW风力发电项目EPC总承包（一期）] AI补字段 ['开标时间', '标书发售时间'] ← https://prec.sxzwfw.gov.cn/jyxxgczb/1063713.jhtml
    ✓ 开标时间: 2026年7月1日09时15分
    ✓ 标书发售时间: 2026年6月10日19时00分至2026年6月15日19时00分
  [太原市杏花岭区宇乔400MW/800MWh独立储能调频电站项目(EPC总承包）] AI补字段 ['监督部门联系方式'] ← https://prec.sxzwfw.gov.cn/jyxxgchxr/1070147.jhtml
  [GET失败1/5] ProxyError: HTTPSConnectionPool(host='prec.sxzwfw.gov.cn', port=443): Max retries exceeded with url: /jyxxgchxr/1070147.jhtml (Caused by ProxyError('Unable to connect to proxy', OSError('Tunnel connection failed: 407 Proxy Authentication Required'))) | https://prec.sxzwfw.gov.cn/jyxxgchxr/1070147.jhtml
    ✗ 监督部门联系方式: AI未提取
  [太原西山“骑行+”户外运动场地设施与服务保障设施建设项目施工] AI补字段 ['监督部门'] ← https://prec.sxzwfw.gov.cn/jyxxgcgs/1070917.jhtml
    ✗ 监督部门: AI未提取
  [清徐县集中供热联网扩容改造工程] AI补字段 ['招标代理机构联系人'] ← https://prec.sxzwfw.gov.cn/jyxxgczb/1062945.jhtml
  [GET失败1/5] ReadTimeout: HTTPSConnectionPool(host='prec.sxzwfw.gov.cn', port=443): Read timed out. (read timeout=15) | https://prec.sxzwfw.gov.cn/jyxxgczb/1062945.jhtml
    ✓ 招标代理机构联系人: 罗丽
  [汾河流域城区段8处入河排口整治及规范化建设项目监理一标段] AI补字段 ['招标代理机构联系人'] ← https://prec.sxzwfw.gov.cn/jyxxgczb/1062393.jhtml
    ✓ 招标代理机构联系人: 兰亚珍
  [文瀛湖片区—文瀛漫道项目设计] AI补字段 ['标书发售时间', '招标代理机构联系人'] ← https://prec.sxzwfw.gov.cn/jyxxgczb/1062422.jhtml
    ✓ 标书发售时间: 2026年06月05日16时30分 - 2026年06月11日16时30分
    ✓ 招标代理机构联系人: 薛乘风
  [山西省中医院住院楼改造提升项目监理] AI补字段 ['标书发售时间'] ← https://prec.sxzwfw.gov.cn/jyxxgczb/1062513.jhtml
  [GET失败1/5] ReadTimeout: HTTPSConnectionPool(host='prec.sxzwfw.gov.cn', port=443): Read timed out. (read timeout=15) | https://prec.sxzwfw.gov.cn/jyxxgczb/1062513.jhtml
    ✓ 标书发售时间: 2026年06月05日18时00分-2026年06月11日18时00分
  [五台山站站前综合交通枢纽及相关市政配套项目（供电工程）设计项目] AI补字段 ['监督部门联系方式'] ← https://prec.sxzwfw.gov.cn/jyxxgchxr/1069607.jhtml
    ✗ 监督部门联系方式: AI未提取
  [朔城区2026年中央财政“三北”工程巩固防沙治沙成果项目（2021年营造林10687亩）项目] AI补字段 ['监督部门联系方式'] ← https://prec.sxzwfw.gov.cn/jyxxgcgs/1071027.jhtml
    ✗ 监督部门联系方式: AI未提取
  [新绛县2026年农村公路建设工程] AI补字段 ['开标时间', '标书发售时间', '公告内容', '招标人', '招标人地址', '招标人联系人', '招标人联系方式', '招标代理机构', '招标代理机构地址', '招标代理机构联系人', '招标代理机构联系方式'] ← https://prec.sxzwfw.gov.cn/jyxxgczb/1061413.jhtml
  [PDF公告] 发现PDF: https://ggzyjyzx.yuncheng.gov.cn:8083/upload/wj/2c9f80959e25d986019e87be3c9a6cf0.pdf
  [PDF] 直接提取文字成功，长度=7429
    ✓ 开标时间: 2026 年6 月26 日09 时00 分
    ✓ 标书发售时间: 2026 年6 月3 日09 时00 分至2026 年6 月10 日09 时00 分
    ✓ 公告内容: 新绛县2026 年农村公路建设工程招标公告（招标编号：2026GC010539）招标项目所在地区：运城市新绛县一、招标条件本新绛县2026 年农村公路建设工程（
    ✓ 招标人: 新绛县交通运输局
    ✓ 招标人地址: 新绛县新城区学府北路1 号
    ✓ 招标人联系人: 段先生
    ✓ 招标人联系方式: 13935976178
    ✓ 招标代理机构: 山西君和工程项目管理有限公司
    ✓ 招标代理机构地址: 运城市盐湖区红旗东街康乐苑临街办公楼3 单元301 室
    ✓ 招标代理机构联系人: 韩先生
    ✓ 招标代理机构联系方式: 0359-2580688、15535990178
  [高平市南城办事处张庄村至七佛山道路提升工程] AI补字段 ['招标代理机构联系人'] ← https://prec.sxzwfw.gov.cn/jyxxgczb/1062105.jhtml
    ✓ 招标代理机构联系人: 徐皓南
  [代县城市地下管网及设施建设改造工程-东北街片区（分区二）监理项目] AI补字段 ['监督部门联系方式'] ← https://prec.sxzwfw.gov.cn/jyxxgchxr/1069232.jhtml
    ✗ 监督部门联系方式: AI未提取
  [长治高新区规划路、纬五路旧路改造工程施工项目] AI补字段 ['标书发售时间', '招标代理机构', '招标代理机构地址', '招标代理机构联系人', '招标代理机构联系方式', '监督部门'] ← https://prec.sxzwfw.gov.cn/jyxxgczb/1062445.jhtml
    ✓ 标书发售时间: 2026年06月05日至2026年06月26日
    ✓ 招标代理机构: 山西珩盈工程项目管理有限公司
    ✓ 招标代理机构地址: 长治市捉马西大街123号沁芳有福生活广场1018室
    ✓ 招标代理机构联系人: 任先生
    ✓ 招标代理机构联系方式: 0 355-3555231
    ✓ 监督部门: 长治高新技术产业开发区建设管理部
  [代县城市地下管网及设施建设改造工程-东北街片区（分区二）施工项目] AI补字段 ['监督部门联系方式'] ← https://prec.sxzwfw.gov.cn/jyxxgchxr/1069209.jhtml
    ✗ 监督部门联系方式: AI未提取
  [太原供水集团有限公司北张东路等给水管线改造工程施工] AI补字段 ['开标时间', '招标代理机构联系人'] ← https://prec.sxzwfw.gov.cn/jyxxgczb/1053875.jhtml
    ✓ 开标时间: 2026年05月26日09时30分
    ✓ 招标代理机构联系人: 石亚琼
  [2025年太原市建成区集中供热管网更新工程（第一批）施工二标段] AI补字段 ['招标代理机构联系人'] ← https://prec.sxzwfw.gov.cn/jyxxgczb/1062091.jhtml
    ✓ 招标代理机构联系人: 孙远东
  [吉县吉电200MW/400MWh独立储能电站EPC总承包] AI补字段 ['监督部门联系方式'] ← https://prec.sxzwfw.gov.cn/jyxxgcgs/1070781.jhtml
    ✗ 监督部门联系方式: AI未提取
  [五台山风景名胜区石咀热源厂及管网配套工程项目泵类设备（暂估价）采购] AI补字段 ['标书发售时间'] ← https://prec.sxzwfw.gov.cn/jyxxgczb/1062440.jhtml
    ✓ 标书发售时间: 2026年6月5日17时00分至2026年6月10日17时00分
  [大同市晋北地区高原风沙源生态保护和修复项目桦林背林场2026年人工造林(1,2,3,4,5,6,8,9,10,11,12,] AI补字段 ['监督部门联系方式'] ← https://prec.sxzwfw.gov.cn/jyxxgczb/1069176.jhtml
  [GET失败1/5] ReadTimeout: HTTPSConnectionPool(host='prec.sxzwfw.gov.cn', port=443): Read timed out. (read timeout=15) | https://prec.sxzwfw.gov.cn/jyxxgczb/1069176.jhtml
  [GET失败2/5] ProxyError: HTTPSConnectionPool(host='prec.sxzwfw.gov.cn', port=443): Max retries exceeded with url: /jyxxgczb/1069176.jhtml (Caused by ProxyError('Unable to connect to proxy', OSError('Tunnel connection failed: 407 Proxy Authentication Required'))) | https://prec.sxzwfw.gov.cn/jyxxgczb/1069176.jhtml
    ✗ 监督部门联系方式: AI未提取
  [山西阳煤寺家庄煤业有限责任公司矿井水处理站改造工程（EPC）项目] AI补字段 ['监督部门联系方式'] ← https://prec.sxzwfw.gov.cn/jyxxgczb/1060440.jhtml
  [GET失败1/5] ProxyError: HTTPSConnectionPool(host='prec.sxzwfw.gov.cn', port=443): Max retries exceeded with url: /jyxxgczb/1060440.jhtml (Caused by ProxyError('Unable to connect to proxy', OSError('Tunnel connection failed: 407 Proxy Authentication Required'))) | https://prec.sxzwfw.gov.cn/jyxxgczb/1060440.jhtml
  [GET失败2/5] ProxyError: HTTPSConnectionPool(host='prec.sxzwfw.gov.cn', port=443): Max retries exceeded with url: /jyxxgczb/1060440.jhtml (Caused by ProxyError('Unable to connect to proxy', OSError('Tunnel connection failed: 618 Internal Server Error'))) | https://prec.sxzwfw.gov.cn/jyxxgczb/1060440.jhtml
  [GET失败3/5] ProxyError: HTTPSConnectionPool(host='prec.sxzwfw.gov.cn', port=443): Max retries exceeded with url: /jyxxgczb/1060440.jhtml (Caused by ProxyError('Unable to connect to proxy', OSError('Tunnel connection failed: 618 Internal Server Error'))) | https://prec.sxzwfw.gov.cn/jyxxgczb/1060440.jhtml
  [GET失败4/5] ConnectionError: ('Connection aborted.', ConnectionResetError(104, 'Connection reset by peer')) | https://prec.sxzwfw.gov.cn/jyxxgczb/1060440.jhtml
    ✗ 监督部门联系方式: AI未提取
  [广灵县增减挂钩跨省域调剂指标项目高标准农田建设（一斗泉乡等三乡镇板塔寺等三村高标准农田建设项目）] AI补字段 ['监督部门联系方式'] ← https://prec.sxzwfw.gov.cn/jyxxgcgs/1069592.jhtml
  [GET失败1/5] ConnectionError: ('Connection aborted.', RemoteDisconnected('Remote end closed connection without response')) | https://prec.sxzwfw.gov.cn/jyxxgcgs/1069592.jhtml
  [GET失败2/5] ConnectionError: ('Connection aborted.', ConnectionResetError(104, 'Connection reset by peer')) | https://prec.sxzwfw.gov.cn/jyxxgcgs/1069592.jhtml
    ✓ 监督部门联系方式: {'监督部门': '大同市规划和自然资源局'}
  [高平市炎谷丰高标准设施蔬菜基地项目(002二标段)] AI补字段 ['监督部门联系方式'] ← https://prec.sxzwfw.gov.cn/jyxxgchxr/1067695.jhtml
    ✗ 监督部门联系方式: AI未提取
  [太原天然气有限公司太原市2026年住宅小区居民共有老旧庭院燃气管网及户内立管更新改造项目工程施工] AI补字段 ['监督部门联系方式'] ← https://prec.sxzwfw.gov.cn/jyxxgcgs/1069250.jhtml
    ✗ 监督部门联系方式: AI未提取
  [黄水河宁武县段河道治理工程勘察设计项目] AI补字段 ['监督部门联系方式'] ← https://prec.sxzwfw.gov.cn/jyxxgchxr/1067711.jhtml
  [GET失败1/5] ProxyError: HTTPSConnectionPool(host='prec.sxzwfw.gov.cn', port=443): Max retries exceeded with url: /jyxxgchxr/1067711.jhtml (Caused by ProxyError('Unable to connect to proxy', OSError('Tunnel connection failed: 643 Proxy Authentication Failed'))) | https://prec.sxzwfw.gov.cn/jyxxgchxr/1067711.jhtml
    ✗ 监督部门联系方式: AI未提取
  [高平市燃气老化管网及设施更新改造工程（老化燃气管道更新改造EPC）] AI补字段 ['招标代理机构地址'] ← https://prec.sxzwfw.gov.cn/jyxxgczb/1060412.jhtml
    ✗ 招标代理机构地址: AI未提取
  [和顺县生活垃圾焚烧发电项目特许经营者] AI补字段 ['监督部门联系方式'] ← https://prec.sxzwfw.gov.cn/jyxxgczb/1070243.jhtml
    ✗ 监督部门联系方式: AI未提取
  [大秦铁路股份有限公司太原铁路工程建设指挥部太原动车组运用所增设控制集中系统（CCS）工程施工总价承包项目(1标段)中标候选人公示更正] AI补字段 ['监督部门联系方式'] ← https://prec.sxzwfw.gov.cn/jyxxgchxr/1070214.jhtml
    ✗ 监督部门联系方式: AI未提取
  [晋中市松塔水库供水（二期）工程管材及管件采购03标] AI补字段 ['监督部门联系方式'] ← https://prec.sxzwfw.gov.cn/jyxxgchxr/1070208.jhtml
    ✗ 监督部门联系方式: AI未提取
  [临猗县2026年老旧小区改造项目设计] AI补字段 ['招标人', '招标人地址', '招标人联系人', '招标人联系方式', '招标代理机构', '招标代理机构地址', '招标代理机构联系人', '招标代理机构联系方式', '监督部门', '监督部门联系方式'] ← https://prec.sxzwfw.gov.cn/jyxxgczb/1070694.jhtml
  [GET失败1/5] ConnectionError: ('Connection aborted.', RemoteDisconnected('Remote end closed connection without response')) | https://prec.sxzwfw.gov.cn/jyxxgczb/1070694.jhtml
  [PDF公告] 发现PDF: https://ggzyjyzx.yuncheng.gov.cn:8083/upload/wj/2c9f80959f12ded0019f21d147bf31e6.pdf
  [PDF] 直接提取文字成功，长度=2199
    ✓ 招标人: 临猗县住房保障和房地产服务中心
    ✓ 招标人地址: 临猗县双塔南路1190 号
    ✓ 招标人联系人: 毛先生
    ✓ 招标人联系方式: 13935914004
    ✓ 招标代理机构: 山西崇航工程项目管理有限公司
    ✓ 招标代理机构地址: 运城市盐湖区红旗东街龙磐水郡小区2 栋2 单元402 室
    ✓ 招标代理机构联系人: 穆女士
    ✓ 招标代理机构联系方式: 0359-2126514
    ✓ 监督部门: 临猗县住房和城乡建设管理局
    ✓ 监督部门联系方式: 0359-4023413/13503591613
  [原平市2025年农村公路灾毁改造工程（裕隆社区-武彦等6条）施工项目] AI补字段 ['监督部门联系方式'] ← https://prec.sxzwfw.gov.cn/jyxxgchxr/1070610.jhtml
    ✗ 监督部门联系方式: AI未提取
  [代县城市地下管网及设施建设改造工程-东北街片区（分区一）施工项目] AI补字段 ['监督部门联系方式'] ← https://prec.sxzwfw.gov.cn/jyxxgchxr/1068808.jhtml
  [GET失败1/5] ConnectionError: ('Connection aborted.', ConnectionResetError(104, 'Connection reset by peer')) | https://prec.sxzwfw.gov.cn/jyxxgchxr/1068808.jhtml
    ✗ 监督部门联系方式: AI未提取
  [代县城市地下管网及设施建设改造工程-东北街片区（分区一）监理项目] AI补字段 ['监督部门联系方式'] ← https://prec.sxzwfw.gov.cn/jyxxgchxr/1068807.jhtml
    ✗ 监督部门联系方式: AI未提取
  [泽州县丹溪片区集中供热建设项目（EPC）总承包中标结果公告] AI补字段 ['监督部门联系方式'] ← https://prec.sxzwfw.gov.cn/jyxxgcgs/1070481.jhtml
    ✗ 监督部门联系方式: AI未提取
  [高平市原村乡冯村村集中供热二网项目] AI补字段 ['开标时间', '监督部门联系方式'] ← https://prec.sxzwfw.gov.cn/jyxxgczb/1071190.jhtml
  [GET失败1/5] ConnectionError: ('Connection aborted.', ConnectionResetError(104, 'Connection reset by peer')) | https://prec.sxzwfw.gov.cn/jyxxgczb/1071190.jhtml
    ✓ 开标时间: 2026年7月24日10：00
    ✗ 监督部门联系方式: AI未提取
  [永和县城乡供水一体化(二期)工程] AI补字段 ['标书发售时间'] ← https://prec.sxzwfw.gov.cn/jyxxgczb/1071181.jhtml
    ✓ 标书发售时间: 2026年07月06日 00时00分至2026年07月10日 23时59分
  [盐湖区公共实训基地建设项目监理] AI补字段 ['开标时间', '标书发售时间', '公告内容', '招标人', '招标人地址', '招标人联系人', '招标人联系方式', '招标代理机构', '招标代理机构地址', '招标代理机构联系人', '招标代理机构联系方式', '监督部门', '监督部门联系方式'] ← https://prec.sxzwfw.gov.cn/jyxxgczb/1071137.jhtml
  [PDF公告] 发现PDF: https://ggzyjyzx.yuncheng.gov.cn:8083/upload/wj/2c9f80959f22334d019f2731087c03b5.pdf
  [PDF] 下载: https://ggzyjyzx.yuncheng.gov.cn:8083/upload/wj/2c9f80959f22334d019f2731087c03b5.pdf
  [PDF] 直接提取文字成功，长度=1864
    [AI] JSON解析失败(第1次): Expecting ',' delimiter: line 5 column 3 (char 1890) | 原始: {
  "开标时间": "2026 年7 月29 日9 时00 分",
  "标书发售时间": "2026 年7 月6 日 00 时 00 分起至2026 年7 月11 日 00 时 00 分",
 
    ✓ 开标时间: 2026 年7 月29 日9 时00 分
    ✓ 标书发售时间: 2026 年7 月6 日 00 时 00 分至2026 年7 月11 日 00 时 00 分
    ✓ 公告内容: 盐湖区公共实训基地建设项目监理招标公告（招标编号：2026GC010649） 招标项目所在地区：盐湖高新技术产业开发区 一、招标条件 本盐湖区公共实训基地建设项
    ✓ 招标人: 运城市盐湖区人力资源和社会保障局
    ✓ 招标人地址: 运城市解放北路369号
    ✓ 招标人联系人: 杨女士
    ✓ 招标人联系方式: 0359-2023905
    ✓ 招标代理机构: 山西耀龙国际工程项目管理有限责任公司
    ✓ 招标代理机构地址: 运城市盐湖区红旗东街盐湖城小区40 号楼6 号商铺
    ✓ 招标代理机构联系人: 燕先生
    ✓ 招标代理机构联系方式: 17536363646
    ✓ 监督部门: 运城市盐湖区住房和城乡建设局
    ✓ 监督部门联系方式: 0359-2360628
  [文水县学校消防审验专项整治改造工程监理项目] AI补字段 ['标书发售时间', '招标人', '招标人地址', '招标人联系人', '招标人联系方式', '招标代理机构', '招标代理机构地址', '招标代理机构联系人', '招标代理机构联系方式'] ← https://prec.sxzwfw.gov.cn/jyxxgczb/1071051.jhtml
    ✓ 标书发售时间: 2026年7月6日 18时00分至2026年7月28日 10时00分
    ✓ 招标人: 文水县教育体育局
    ✓ 招标人地址: 吕梁市文水县御庭华府西北侧
    ✓ 招标人联系人: 王先生
    ✓ 招标人联系方式: 13453862211
    ✓ 招标代理机构: 山西省国际招标有限公司
    ✓ 招标代理机构地址: 太原市长兴南街8号阳光城环球金融中心B座9层
    ✓ 招标代理机构联系人: 杨先生
    ✓ 招标代理机构联系方式: 15035182125
  [侯马市垃圾焚烧发电项目特许经营者招标] AI补字段 ['开标时间', '标书发售时间'] ← https://prec.sxzwfw.gov.cn/jyxxgczb/1071012.jhtml
    ✓ 开标时间: 2026年7月28日9时00分
    ✓ 标书发售时间: 2026年7月4日00时00分至2026年7月10日23时59分
  [中阳县南川河城区段生态综合治理和雨污管网更新改造项目监理] AI补字段 ['标书发售时间', '招标人', '招标人地址', '招标人联系人', '招标人联系方式', '招标代理机构', '招标代理机构地址', '招标代理机构联系人', '招标代理机构联系方式'] ← https://prec.sxzwfw.gov.cn/jyxxgczb/1071008.jhtml
    ✓ 标书发售时间: 2026 年 07 月 03 日 18:00 至 2026 年 7 月 24 日 10:00
    ✓ 招标人: 中阳县住房和城乡建设管理局
    ✓ 招标人地址: 中阳县宁乡镇办公楼三层
    ✓ 招标人联系人: 赵玉明
    ✓ 招标人联系方式: 13835805184
    ✓ 招标代理机构: 山西宏佳商务信息咨询有限公司
    ✓ 招标代理机构地址: 山西省太原市万柏林区西铭乡佳和苑小区5号楼1单元1005
    ✓ 招标代理机构联系人: 杨晋鹏、高云峰
    ✓ 招标代理机构联系方式: 18735161575、15535836333
  [长治市上党区2026年“美丽蓝天”煤改电项目施工] AI补字段 ['招标人', '招标人地址', '招标人联系人', '招标人联系方式', '招标代理机构', '招标代理机构地址', '招标代理机构联系人', '招标代理机构联系方式'] ← https://prec.sxzwfw.gov.cn/jyxxgczb/1070997.jhtml
  [GET失败1/5] ConnectionError: ('Connection aborted.', ConnectionResetError(104, 'Connection reset by peer')) | https://prec.sxzwfw.gov.cn/jyxxgczb/1070997.jhtml
    ✓ 招标人: 长治市上党区城投供热有限公司
    ✓ 招标人地址: 山西省长治市上党区韩店街道
    ✓ 招标人联系人: 侯先生
    ✓ 招标人联系方式: 0355-8081180
    ✓ 招标代理机构: 山西三木工程项目管理有限公司
    ✓ 招标代理机构地址: 长治市英雄中路383号
    ✓ 招标代理机构联系人: 李女士
    ✓ 招标代理机构联系方式: 0355-2031510
  [孝河幸福河湖建设工程监理项目] AI补字段 ['标书发售时间', '招标人', '招标人地址', '招标人联系人', '招标人联系方式', '招标代理机构', '招标代理机构地址', '招标代理机构联系人', '招标代理机构联系方式'] ← https://prec.sxzwfw.gov.cn/jyxxgczb/1070948.jhtml
    ✓ 标书发售时间: 2026年7月3日17时00分至2026年7月24日10时00分
    ✓ 招标人: 孝义市水利局
    ✓ 招标人地址: 山西省孝义市迎宾路三农大楼七层
    ✓ 招标人联系人: 陈先生
    ✓ 招标人联系方式: 0358-7830624
    ✓ 招标代理机构: 山西中和康泰建设项目管理有限公司
    ✓ 招标代理机构地址: 山西省吕梁孝义市振兴街（德泽苑5号楼2单元3层）
    ✓ 招标代理机构联系人: 张女士
    ✓ 招标代理机构联系方式: 0358-7830988
  [兴县经济技术开发区绿电园区210MW光伏项目（分布式光伏1万千瓦工程）施工施工] AI补字段 ['开标时间', '标书发售时间'] ← https://prec.sxzwfw.gov.cn/jyxxgczb/1070893.jhtml
    ✓ 开标时间: 2026年7月24日10时00分
    ✓ 标书发售时间: 2026年7月3日17时00分至2026年7月24日10时00分
  [长治市第二中学校（滨湖校区）建设项目初步设计] AI补字段 ['标书发售时间', '招标人', '招标人地址', '招标人联系人', '招标人联系方式', '招标代理机构', '招标代理机构地址', '招标代理机构联系人', '招标代理机构联系方式'] ← https://prec.sxzwfw.gov.cn/jyxxgczb/1070858.jhtml
    ✓ 标书发售时间: 2026年07月03日至2026年07月27日
    ✓ 招标人: 长治市第二中学校
    ✓ 招标人地址: 长治市府上街25号
    ✓ 招标人联系人: 张先生
    ✓ 招标人联系方式: 0355-2047000
    ✓ 招标代理机构: 中鑫奕博（山西）咨询有限公司
    ✓ 招标代理机构地址: 山西省长治市保宁门西街309号世纪城第1座1208室
    ✓ 招标代理机构联系人: 宋先生
    ✓ 招标代理机构联系方式: 16635593548
  [万孟公路赵家庄-陈家湾段路面改造工程施工项目] AI补字段 ['开标时间', '标书发售时间'] ← https://prec.sxzwfw.gov.cn/jyxxgczb/1070830.jhtml
    ✓ 开标时间: 2026年7月24日10:00
    ✓ 标书发售时间: 2026年7月3日17:00至2026年7月24日10:00
  [上党革命老区散煤清零（长治市平顺县）工程项目（一期）锅炉附属设施设备(第七标段、第八标段、第九标段)招标] AI补字段 ['标书发售时间'] ← https://prec.sxzwfw.gov.cn/jyxxgczb/1065109.jhtml
  [GET失败1/5] ReadTimeout: HTTPSConnectionPool(host='prec.sxzwfw.gov.cn', port=443): Read timed out. (read timeout=15) | https://prec.sxzwfw.gov.cn/jyxxgczb/1065109.jhtml
  [GET失败2/5] ConnectionError: ('Connection aborted.', ConnectionResetError(104, 'Connection reset by peer')) | https://prec.sxzwfw.gov.cn/jyxxgczb/1065109.jhtml
  [GET失败3/5] ProxyError: HTTPSConnectionPool(host='prec.sxzwfw.gov.cn', port=443): Max retries exceeded with url: /jyxxgczb/1065109.jhtml (Caused by ProxyError('Unable to connect to proxy', OSError('Tunnel connection failed: 407 Proxy Authentication Required'))) | https://prec.sxzwfw.gov.cn/jyxxgczb/1065109.jhtml
  [GET失败4/5] ConnectionError: ('Connection aborted.', ConnectionResetError(104, 'Connection reset by peer')) | https://prec.sxzwfw.gov.cn/jyxxgczb/1065109.jhtml
  [GET失败5/5] ProxyError: HTTPSConnectionPool(host='prec.sxzwfw.gov.cn', port=443): Max retries exceeded with url: /jyxxgczb/1065109.jhtml (Caused by ProxyError('Unable to connect to proxy', OSError('Tunnel connection failed: 407 Proxy Authentication Required'))) | https://prec.sxzwfw.gov.cn/jyxxgczb/1065109.jhtml
  [山西潞安矿业集团慈林山煤业有限公司李村煤矿生活污水处理站扩容改造工程（EPC）项目] AI补字段 ['开标时间', '标书发售时间', '招标代理机构', '招标代理机构地址', '招标代理机构联系人', '招标代理机构联系方式'] ← https://prec.sxzwfw.gov.cn/jyxxgczb/1067195.jhtml
    ✓ 开标时间: 2026年7月24日09时30分
    ✓ 标书发售时间: 2026年6月23日 至 2026年7月24日
    ✓ 招标代理机构: 山西潞安招标有限公司
    ✓ 招标代理机构地址: 山西省长治市襄垣县侯堡镇山西潞安招标有限公司
    ✓ 招标代理机构联系人: 王先生
    ✓ 招标代理机构联系方式: 0355-5998600转315
  [襄垣县农村生活污水治理项目（第一标段）施工重新二次] AI补字段 ['标书发售时间'] ← https://prec.sxzwfw.gov.cn/jyxxgczb/1063957.jhtml
  [GET失败1/5] ReadTimeout: HTTPSConnectionPool(host='prec.sxzwfw.gov.cn', port=443): Read timed out. (read timeout=15) | https://prec.sxzwfw.gov.cn/jyxxgczb/1063957.jhtml
  [GET失败2/5] ConnectionError: ('Connection aborted.', ConnectionResetError(104, 'Connection reset by peer')) | https://prec.sxzwfw.gov.cn/jyxxgczb/1063957.jhtml
    ✓ 标书发售时间: 2026年06月11日至2026年07月02日
  [长治市上党区工人文化宫改造项目设计施工总承包] AI补字段 ['开标时间', '标书发售时间'] ← https://prec.sxzwfw.gov.cn/jyxxgczb/1060833.jhtml
    ✓ 开标时间: 2026年7月2日9时30分
    ✓ 标书发售时间: 2026年6月1日-2026年7月2日
  [阳高县罗文皂镇镇大沟水毁河道清淤工程施工] AI补字段 ['监督部门联系方式'] ← https://prec.sxzwfw.gov.cn/jyxxgchxr/1070951.jhtml
  [GET失败1/5] ReadTimeout: HTTPSConnectionPool(host='prec.sxzwfw.gov.cn', port=443): Read timed out. (read timeout=15) | https://prec.sxzwfw.gov.cn/jyxxgchxr/1070951.jhtml
  [GET失败2/5] ConnectionError: ('Connection aborted.', ConnectionResetError(104, 'Connection reset by peer')) | https://prec.sxzwfw.gov.cn/jyxxgchxr/1070951.jhtml
  [GET失败3/5] ConnectionError: ('Connection aborted.', RemoteDisconnected('Remote end closed connection without response')) | https://prec.sxzwfw.gov.cn/jyxxgchxr/1070951.jhtml
  [GET失败4/5] ReadTimeout: HTTPSConnectionPool(host='prec.sxzwfw.gov.cn', port=443): Read timed out. (read timeout=15) | https://prec.sxzwfw.gov.cn/jyxxgchxr/1070951.jhtml
  [GET失败5/5] ConnectionError: ('Connection aborted.', ConnectionResetError(104, 'Connection reset by peer')) | https://prec.sxzwfw.gov.cn/jyxxgchxr/1070951.jhtml
  [柿庄镇输配站基础设施提升改造项目] AI补字段 ['标书发售时间', '招标人地址'] ← https://prec.sxzwfw.gov.cn/jyxxgczb/1064015.jhtml
  [GET失败1/5] ReadTimeout: HTTPSConnectionPool(host='prec.sxzwfw.gov.cn', port=443): Read timed out. (read timeout=15) | https://prec.sxzwfw.gov.cn/jyxxgczb/1064015.jhtml
  [GET失败2/5] ReadTimeout: HTTPSConnectionPool(host='prec.sxzwfw.gov.cn', port=443): Read timed out. (read timeout=15) | https://prec.sxzwfw.gov.cn/jyxxgczb/1064015.jhtml
  [GET失败3/5] ConnectionError: ('Connection aborted.', RemoteDisconnected('Remote end closed connection without response')) | https://prec.sxzwfw.gov.cn/jyxxgczb/1064015.jhtml
    ✓ 标书发售时间: 2026年6月11日21时00分至2026年6月16日21时00分
    ✓ 招标人地址: 山西省晋城市城区钟家庄街道文博路505号凤鸣综合楼5楼
  [长治市屯留区供水管网改造项目全过程工程咨询服务] AI补字段 ['标书发售时间', '招标人', '招标人地址', '招标人联系人', '招标人联系方式', '招标代理机构', '招标代理机构地址', '招标代理机构联系人', '招标代理机构联系方式'] ← https://prec.sxzwfw.gov.cn/jyxxgczb/1062325.jhtml
  [GET失败1/5] ConnectionError: ('Connection aborted.', ConnectionResetError(104, 'Connection reset by peer')) | https://prec.sxzwfw.gov.cn/jyxxgczb/1062325.jhtml
  [GET失败2/5] ReadTimeout: HTTPSConnectionPool(host='prec.sxzwfw.gov.cn', port=443): Read timed out. (read timeout=15) | https://prec.sxzwfw.gov.cn/jyxxgczb/1062325.jhtml
    ✓ 标书发售时间: 2026年6月5日至2026年6月29日
    ✓ 招标人: 长治市屯留区城市供水有限公司
    ✓ 招标人地址: 山西省长治市屯留区麟绛街道麟绛西大街001号
    ✓ 招标人联系人: 王军
    ✓ 招标人联系方式: 15534685808
    ✓ 招标代理机构: 山西鸿源达项目管理有限公司
    ✓ 招标代理机构地址: 长治市潞州区东环路北段2-9号百厚大厦7层729号
    ✓ 招标代理机构联系人: 裴凯楠
    ✓ 招标代理机构联系方式: 18535558580
  [太忻一体化经济区(太原区)大盂至合成生物园区高压输气管线工程项目勘察、设计] AI补字段 ['标书发售时间', '招标人', '招标人地址', '招标人联系人', '招标人联系方式'] ← https://prec.sxzwfw.gov.cn/jyxxgczb/1062844.jhtml
    ✓ 标书发售时间: 2026年6月8日16时00分至2026年6月15日16时00分
    ✓ 招标人: 山西新安信工能源科技有限公司
    ✓ 招标人地址: 山西转型综合改革示范区阳曲产业园五龙口街170号昌达创智中心7层711-B
    ✓ 招标人联系人: 孙女士
    ✓ 招标人联系方式: 13934148559
  [万柏林区老旧供水管网改造工程（一期）大虎沟社区标段] AI补字段 ['开标时间', '标书发售时间', '招标代理机构联系人'] ← https://prec.sxzwfw.gov.cn/jyxxgczb/1055753.jhtml
    ✓ 开标时间: 2026年06月02日09时30分
    ✓ 标书发售时间: 2026年05月18日15时30分 2026年05月25日15时30分
    ✓ 招标代理机构联系人: 潘晓辉
  [“八河”照明设施应急养护工程] AI补字段 ['开标时间', '标书发售时间', '招标代理机构联系人'] ← https://prec.sxzwfw.gov.cn/jyxxgczb/1042499.jhtml
  [GET失败1/5] ConnectionError: ('Connection aborted.', ConnectionResetError(104, 'Connection reset by peer')) | https://prec.sxzwfw.gov.cn/jyxxgczb/1042499.jhtml
  [GET失败2/5] ReadTimeout: HTTPSConnectionPool(host='prec.sxzwfw.gov.cn', port=443): Read timed out. (read timeout=15) | https://prec.sxzwfw.gov.cn/jyxxgczb/1042499.jhtml
  [GET失败3/5] ReadTimeout: HTTPSConnectionPool(host='prec.sxzwfw.gov.cn', port=443): Read timed out. (read timeout=15) | https://prec.sxzwfw.gov.cn/jyxxgczb/1042499.jhtml
  [GET失败4/5] ConnectionError: ('Connection aborted.', ConnectionResetError(104, 'Connection reset by peer')) | https://prec.sxzwfw.gov.cn/jyxxgczb/1042499.jhtml
    ✓ 开标时间: 2026年04月08日09时30分
    ✓ 标书发售时间: 2026年03月27日18时00分-2026年04月01日18时00分
    ✓ 招标代理机构联系人: 宣志峰
  [万柏林区老旧供水管网改造工程（一期）监理] AI补字段 ['标书发售时间', '招标代理机构联系人'] ← https://prec.sxzwfw.gov.cn/jyxxgczb/1062485.jhtml
  [GET失败1/5] ReadTimeout: HTTPSConnectionPool(host='prec.sxzwfw.gov.cn', port=443): Read timed out. (read timeout=15) | https://prec.sxzwfw.gov.cn/jyxxgczb/1062485.jhtml
    ✓ 标书发售时间: 2026年06月05日17时30分, 2026年06月11日17时30分
    ✓ 招标代理机构联系人: 潘晓辉
  [文水县崇文九年一贯制学校建设项目（一标段）施工] AI补字段 ['标书发售时间', '招标代理机构', '招标代理机构地址', '招标代理机构联系人', '招标代理机构联系方式'] ← https://prec.sxzwfw.gov.cn/jyxxgczb/1063940.jhtml
  [GET失败1/5] ConnectionError: ('Connection aborted.', ConnectionResetError(104, 'Connection reset by peer')) | https://prec.sxzwfw.gov.cn/jyxxgczb/1063940.jhtml
    ✓ 标书发售时间: 2026年6月11日17时00分至2026年7月2日10时00分
    ✓ 招标代理机构: 山西轩承工程项目管理有限责任公司
    ✓ 招标代理机构地址: 山西省太原市万柏林区迎泽西大街381号迎泽世纪城2幢C座16层1607、1608号房
    ✓ 招标代理机构联系人: 张女士
    ✓ 招标代理机构联系方式: 1330358 2290
  [运城市南风广场基础设施维修改造项目] AI补字段 ['开标时间', '标书发售时间', '公告内容', '招标人', '招标人地址', '招标人联系人', '招标人联系方式', '招标代理机构', '招标代理机构地址', '招标代理机构联系人', '招标代理机构联系方式', '监督部门联系方式'] ← https://prec.sxzwfw.gov.cn/jyxxgczb/1062805.jhtml
  [PDF公告] 发现PDF: https://ggzyjyzx.yuncheng.gov.cn:8083/upload/wj/2c9f80959e25d986019ea52f034c25c5.pdf
  [PDF] 下载: https://ggzyjyzx.yuncheng.gov.cn:8083/upload/wj/2c9f80959e25d986019ea52f034c25c5.pdf
  [PDF] 直接提取文字成功，长度=2803
    ✓ 开标时间: 2026 年7 月2 日09 时00 分
    ✓ 标书发售时间: 2026 年6 月8 日15 时00 分至2026 年6 月13 日15 时00 分
    ✓ 公告内容: 运城市南风广场基础设施维修改造项目 招标公告 （招标编号：2026GC010555） 招标项目所在地区：运城市 一、招标条件 本运城市南风广场基础设施维修改造项
    ✓ 招标人: 运城市城市管理局
    ✓ 招标人地址: 山西省运城市铺安街金城大厦
    ✓ 招标人联系人: 吴先生
    ✓ 招标人联系方式: 03592613813
    ✓ 招标代理机构: 山西衡泰鑫工程项目管理有限公司
    ✓ 招标代理机构地址: 山西省太原市万柏林区长风西街16 号万国城MOMA19 幢2 层0202
    ✓ 招标代理机构联系人: 裴先生
    ✓ 招标代理机构联系方式: 19935946876
    ✗ 监督部门联系方式: AI未提取
  [“八河”道路及泵站设施应急养护工程(二次)] AI补字段 ['开标时间', '标书发售时间'] ← https://prec.sxzwfw.gov.cn/jyxxgczb/1043129.jhtml
  [GET失败1/5] ConnectionError: ('Connection aborted.', ConnectionResetError(104, 'Connection reset by peer')) | https://prec.sxzwfw.gov.cn/jyxxgczb/1043129.jhtml
    ✓ 开标时间: 2026年04月15日09时30分
    ✓ 标书发售时间: 2026年03月31日16时30分-2026年04月06日17时00分
  [太原供水集团有限公司北张东路等给水管线改造工程钢管采购] AI补字段 ['招标代理机构联系人'] ← https://prec.sxzwfw.gov.cn/jyxxgczb/1064097.jhtml
    ✓ 招标代理机构联系人: 石亚琼
  [五台山风景名胜区石咀热源厂及管网配套工程项目风机设备（暂估价）采购] AI补字段 ['标书发售时间'] ← https://prec.sxzwfw.gov.cn/jyxxgczb/1062439.jhtml
  [GET失败1/5] ConnectionError: ('Connection aborted.', ConnectionResetError(104, 'Connection reset by peer')) | https://prec.sxzwfw.gov.cn/jyxxgczb/1062439.jhtml
  [GET失败2/5] ReadTimeout: HTTPSConnectionPool(host='prec.sxzwfw.gov.cn', port=443): Read timed out. (read timeout=15) | https://prec.sxzwfw.gov.cn/jyxxgczb/1062439.jhtml
    ✓ 标书发售时间: 2026年6月5日17时00分至2026年6月10日17时00分
  [长治市屯留区“新基建”智慧充电网项目一期工程施工] AI补字段 ['开标时间', '标书发售时间', '公告内容', '招标人', '招标人地址', '招标人联系人', '招标人联系方式', '招标代理机构', '招标代理机构地址', '招标代理机构联系人', '招标代理机构联系方式'] ← https://prec.sxzwfw.gov.cn/jyxxgczb/1062387.jhtml
    [AI] JSON解析失败(第1次): Expecting ',' delimiter: line 5 column 3 (char 2473) | 原始: {
  "开标时间": "2026年6月26日上午09时30分",
  "标书发售时间": "2026年6月5日至2026年6月26日",
  "公告内容": "长治市屯留区“新基建”智慧充电网项目一
    ✓ 开标时间: 2026-06-26 09:30
    ✓ 标书发售时间: 2026-06-05 至 2026-06-26
    ✓ 公告内容: 长治市屯留区“新基建”智慧充电网项目一期工程施工招标公告（招标编号：QS140424202606040001）长治市屯留区行政审批服务管理局已批准建设，项目资金
    ✓ 招标人: 长治市屯留区三三特来电新能源有限公司
    ✓ 招标人地址: 山西省长治市屯留区康庄工业园创新街12号办公楼6层6019室
    ✓ 招标人联系人: 张亚鹏
    ✓ 招标人联系方式: 15035505386
    ✓ 招标代理机构: 山西鸿源达项目管理有限公司
    ✓ 招标代理机构地址: 长治市潞州区东环路北段29号百厚大厦7层729号
    ✓ 招标代理机构联系人: 裴凯楠
    ✓ 招标代理机构联系方式: 18535558580
[AI报告] → /home/intsig/zwx/shanxi/log/20260703_ai_report.log
  AI补全完成：171 个字段
  AI调用统计：共 64 次
  输入 tokens : 116,297
  输出 tokens : 20,823
  合计 tokens : 137,120
[自检] → /home/intsig/zwx/shanxi/log/20260703_check.log
[索引] → /home/intsig/zwx/shanxi/output/山西_index.txt

============================================================
完成！共 486 条记录 → /home/intsig/zwx/shanxi/output/山西.csv
自检日志 → /home/intsig/zwx/shanxi/log/20260703_check.log
AI报告   → /home/intsig/zwx/shanxi/log/20260703_ai_report.log
============================================================
============================================================
运行结束: 2026-07-04 01:10:15
============================================================
============================================================
开始运行山西爬虫: 2026-07-04 22:00:01
当前目录: /home/intsig/zwx/shanxi
Python: /home/vipuser/miniconda3/envs/myenv/bin/python
脚本: /home/intsig/zwx/shanxi/shanxi_regex_ai.py
============================================================
============================================================
山西省公共资源交易平台爬虫 v4.3（历史回填 + 自检 + AI兜底 + IP代理池）
时间: 2026-07-04 22:00:01
输出: /home/intsig/zwx/shanxi/output/山西.csv
============================================================
初始化 Session...
  [GET失败1/3] ConnectionError: ('Connection aborted.', ConnectionResetError(104, 'Connection reset by peer')) | https://prec.sxzwfw.gov.cn/jyxx/index.jhtml
Session 初始化成功
代理开关: True
代理池状态: {'available': 29, 'bad_total': 1, 'bad_unique': 1, 'api_calls_used': 1, 'api_calls_limit': 200, 'min_size': 8, 'default_num': 30, 'default_time': 5, 'default_port': 2, 'auto_refresh': True}
[CSV] 加载增量总表 486 行：/home/intsig/zwx/shanxi/output/山西.csv

===== 第一步：招标计划 =====
  [列表] channelId=198 第1页...
  [POST失败1/3] ReadTimeout: HTTPSConnectionPool(host='prec.sxzwfw.gov.cn', port=443): Read timed out. (read timeout=18) | https://prec.sxzwfw.gov.cn/queryContent-jyxx.jspx
  [POST失败2/3] ConnectionError: ('Connection aborted.', ConnectionResetError(104, 'Connection reset by peer')) | https://prec.sxzwfw.gov.cn/queryContent-jyxx.jspx
  [POST失败3/3] ConnectionError: ('Connection aborted.', ConnectionResetError(104, 'Connection reset by peer')) | https://prec.sxzwfw.gov.cn/queryContent-jyxx.jspx
  [列表] 请求失败
  [列表] 共 0 条

===== 第二步：招标公告频道 =====
  [列表] channelId=12 第1页...
  [列表] 总条数=4，当前已获取=4
  [列表] 共 4 条

  [招标公告] 中北大学文博苑（5-8#、11#、12#、16#、17#）学生宿舍楼建设项目施工总承包二标段项目
  [GET失败1/3] ReadTimeout: HTTPSConnectionPool(host='prec.sxzwfw.gov.cn', port=443): Read timed out. (read timeout=15) | https://prec.sxzwfw.gov.cn/jyxxgczb/1071230.jhtml
  [历史搜索] 中北大学文博苑（5-8#、11#、12#、16#、17#）学生宿舍楼建设项目施工总承包二标段项目
  [历史回填] 搜索项目：中北大学文博苑（5-8#、11#、12#、16#、17#）学生宿舍楼建设项目施工总承包二标段项目
  [POST失败1/3] ReadTimeout: HTTPSConnectionPool(host='prec.sxzwfw.gov.cn', port=443): Read timed out. (read timeout=18) | https://prec.sxzwfw.gov.cn/queryContent-jyxx.jspx
    ✓ 历史招标公告
  → upsert 完成：招标公告

  [未知公告] 中北大学文博苑（5-8#、11#、12#、16#、17#）学生宿舍楼建设项目施工总承包二标段项目(1标段)最高投标限价
  [历史搜索] 中北大学文博苑（5-8#、11#、12#、16#、17#）学生宿舍楼建设项目施工总承包二标段项目(1标段)最高投标限价
  [历史回填] 搜索项目：中北大学文博苑（5-8#、11#、12#、16#、17#）学生宿舍楼建设项目施工总承包二标段项目(1标段)最高投标限价
  → upsert 完成：未知公告

  [未知公告] 丁村遗址博物馆建设项目（土建安装及室外工程）最高投标限价公示
  [历史搜索] 丁村遗址博物馆建设项目（土建安装及室外工程）最高投标限价公示
  [历史回填] 搜索项目：丁村遗址博物馆建设项目（土建安装及室外工程）最高投标限价公示
  [POST失败1/3] ConnectionError: ('Connection aborted.', RemoteDisconnected('Remote end closed connection without response')) | https://prec.sxzwfw.gov.cn/queryContent-jyxx.jspx
  [POST失败2/3] ConnectionError: ('Connection aborted.', ConnectionResetError(104, 'Connection reset by peer')) | https://prec.sxzwfw.gov.cn/queryContent-jyxx.jspx
  → upsert 完成：未知公告

  [跳过-控制价] 汾西县再生水回用项目招标控制价公示

===== 第三步：变更公告 =====
  [列表] channelId=13 第1页...
  [POST失败1/3] ConnectionError: ('Connection aborted.', ConnectionResetError(104, 'Connection reset by peer')) | https://prec.sxzwfw.gov.cn/queryContent-jyxx.jspx
  [列表] 无数据，状态码=200
  [列表] 共 0 条

===== 第四步：中标候选人公示 =====
  [列表] channelId=14 第1页...
  [列表] 总条数=3，当前已获取=3
  [列表] 共 3 条

  [中标候选人公示] 侯马市XX训练基地建设项目（二次）
  [历史搜索] 侯马市XX训练基地建设项目（二次）
  [历史回填] 搜索项目：侯马市XX训练基地建设项目（二次）
    ✓ 历史招标公告
    ✓ 历史候选人监督部门
  → upsert 完成：中标候选人公示

  [中标候选人公示] 汾西县涧白线农村公路改造工程(北掌段)（二次）
  [历史搜索] 汾西县涧白线农村公路改造工程(北掌段)（二次）
  [历史回填] 搜索项目：汾西县涧白线农村公路改造工程(北掌段)（二次）
    ✓ 历史招标公告
    ✓ 历史候选人监督部门
  → upsert 完成：中标候选人公示

  [中标候选人公示] 襄汾县中药材现代产业园建设项目
  [历史搜索] 襄汾县中药材现代产业园建设项目
  [历史回填] 搜索项目：襄汾县中药材现代产业园建设项目
  [GET失败1/3] ConnectionError: ('Connection aborted.', ConnectionResetError(104, 'Connection reset by peer')) | https://prec.sxzwfw.gov.cn/jyxxzbjh/1058825.jhtml
    ✓ 历史招标计划
    ✓ 历史招标公告
  [POST失败1/3] ReadTimeout: HTTPSConnectionPool(host='prec.sxzwfw.gov.cn', port=443): Read timed out. (read timeout=18) | https://prec.sxzwfw.gov.cn/queryContent-jyxx.jspx
    ✓ 历史候选人监督部门
  → upsert 完成：中标候选人公示

===== 第五步：中标结果公示 =====
  [列表] channelId=15 第1页...
  [POST失败1/3] ReadTimeout: HTTPSConnectionPool(host='prec.sxzwfw.gov.cn', port=443): Read timed out. (read timeout=18) | https://prec.sxzwfw.gov.cn/queryContent-jyxx.jspx
  [列表] 总条数=4，当前已获取=4
  [列表] 共 4 条

  [中标结果公示] 中村镇张马村历山花卉融创基地
  [历史搜索] 中村镇张马村历山花卉融创基地
  [历史回填] 搜索项目：中村镇张马村历山花卉融创基地
    ✓ 历史招标计划
  [POST失败1/3] ReadTimeout: HTTPSConnectionPool(host='prec.sxzwfw.gov.cn', port=443): Read timed out. (read timeout=18) | https://prec.sxzwfw.gov.cn/queryContent-jyxx.jspx
  [POST失败2/3] ReadTimeout: HTTPSConnectionPool(host='prec.sxzwfw.gov.cn', port=443): Read timed out. (read timeout=18) | https://prec.sxzwfw.gov.cn/queryContent-jyxx.jspx
  [POST失败3/3] ReadTimeout: HTTPSConnectionPool(host='prec.sxzwfw.gov.cn', port=443): Read timed out. (read timeout=18) | https://prec.sxzwfw.gov.cn/queryContent-jyxx.jspx
  [POST失败1/3] ReadTimeout: HTTPSConnectionPool(host='prec.sxzwfw.gov.cn', port=443): Read timed out. (read timeout=18) | https://prec.sxzwfw.gov.cn/queryContent-jyxx.jspx
    ✓ 历史候选人监督部门
    ✓ 历史结果监督部门
  → upsert 完成：中标结果公示

  [中标结果公示] 翼城县规模化供水项目（第七标段）王庄片区标段
  [GET失败1/3] ReadTimeout: HTTPSConnectionPool(host='prec.sxzwfw.gov.cn', port=443): Read timed out. (read timeout=15) | https://prec.sxzwfw.gov.cn/jyxxgcgs/1071209.jhtml
  [历史搜索] 翼城县规模化供水项目（第七标段）王庄片区标段
  [历史回填] 搜索项目：翼城县规模化供水项目（第七标段）王庄片区标段
  [POST失败1/3] ProxyError: HTTPSConnectionPool(host='prec.sxzwfw.gov.cn', port=443): Max retries exceeded with url: /queryContent-jyxx.jspx (Caused by ProxyError('Unable to connect to proxy', OSError('Tunnel connection failed: 407 Proxy Authentication Required'))) | https://prec.sxzwfw.gov.cn/queryContent-jyxx.jspx
  [POST失败1/3] ReadTimeout: HTTPSConnectionPool(host='prec.sxzwfw.gov.cn', port=443): Read timed out. (read timeout=18) | https://prec.sxzwfw.gov.cn/queryContent-jyxx.jspx
  [POST失败2/3] ConnectionError: ('Connection aborted.', ConnectionResetError(104, 'Connection reset by peer')) | https://prec.sxzwfw.gov.cn/queryContent-jyxx.jspx
    ✓ 历史结果监督部门
  → upsert 完成：中标结果公示

  [中标结果公示] 翼城县规模化供水项目（第六标段）南唐片区标段
  [历史搜索] 翼城县规模化供水项目（第六标段）南唐片区标段
  [历史回填] 搜索项目：翼城县规模化供水项目（第六标段）南唐片区标段
    ✓ 历史结果监督部门
  → upsert 完成：中标结果公示

  [中标结果公示] 翼城县规模化供水项目（第八标段）水源井
  [历史搜索] 翼城县规模化供水项目（第八标段）水源井
  [历史回填] 搜索项目：翼城县规模化供水项目（第八标段）水源井
  [POST失败1/3] ReadTimeout: HTTPSConnectionPool(host='prec.sxzwfw.gov.cn', port=443): Read timed out. (read timeout=18) | https://prec.sxzwfw.gov.cn/queryContent-jyxx.jspx
    ✓ 历史结果监督部门
  → upsert 完成：中标结果公示
[索引] → /home/intsig/zwx/shanxi/output/山西_index.txt
[自检] → /home/intsig/zwx/shanxi/log/20260704_check.log

===== AI 兜底补充提取 =====
  [马村镇马村村高标准设施蔬菜基地项目] AI补字段 ['招标代理机构地址'] ← https://prec.sxzwfw.gov.cn/jyxxgczb/1069822.jhtml
    ✗ 招标代理机构地址: AI未提取
  [侯马市XX训练基地建设项目（二次）] AI补字段 ['监督部门联系方式'] ← https://prec.sxzwfw.gov.cn/jyxxgczb/1062990.jhtml
  [GET失败1/5] ConnectionError: ('Connection aborted.', RemoteDisconnected('Remote end closed connection without response')) | https://prec.sxzwfw.gov.cn/jyxxgczb/1062990.jhtml
    ✗ 监督部门联系方式: AI未提取
  [太原市杏花岭区宇乔400MW/800MWh独立储能调频电站项目(EPC总承包）] AI补字段 ['监督部门联系方式'] ← https://prec.sxzwfw.gov.cn/jyxxgchxr/1070147.jhtml
    ✗ 监督部门联系方式: AI未提取
  [太原西山“骑行+”户外运动场地设施与服务保障设施建设项目施工] AI补字段 ['监督部门'] ← https://prec.sxzwfw.gov.cn/jyxxgcgs/1070917.jhtml
    ✗ 监督部门: AI未提取
  [五台山站站前综合交通枢纽及相关市政配套项目（供电工程）设计项目] AI补字段 ['监督部门联系方式'] ← https://prec.sxzwfw.gov.cn/jyxxgchxr/1069607.jhtml
    ✗ 监督部门联系方式: AI未提取
  [朔城区2026年中央财政“三北”工程巩固防沙治沙成果项目（2021年营造林10687亩）项目] AI补字段 ['监督部门联系方式'] ← https://prec.sxzwfw.gov.cn/jyxxgcgs/1071027.jhtml
    ✗ 监督部门联系方式: AI未提取
  [代县城市地下管网及设施建设改造工程-东北街片区（分区二）监理项目] AI补字段 ['监督部门联系方式'] ← https://prec.sxzwfw.gov.cn/jyxxgchxr/1069232.jhtml
    ✗ 监督部门联系方式: AI未提取
  [代县城市地下管网及设施建设改造工程-东北街片区（分区二）施工项目] AI补字段 ['监督部门联系方式'] ← https://prec.sxzwfw.gov.cn/jyxxgchxr/1069209.jhtml
    ✗ 监督部门联系方式: AI未提取
  [吉县吉电200MW/400MWh独立储能电站EPC总承包] AI补字段 ['监督部门联系方式'] ← https://prec.sxzwfw.gov.cn/jyxxgcgs/1070781.jhtml
    ✗ 监督部门联系方式: AI未提取
  [大同市晋北地区高原风沙源生态保护和修复项目桦林背林场2026年人工造林(1,2,3,4,5,6,8,9,10,11,12,] AI补字段 ['监督部门联系方式'] ← https://prec.sxzwfw.gov.cn/jyxxgczb/1069176.jhtml
    ✗ 监督部门联系方式: AI未提取
  [山西阳煤寺家庄煤业有限责任公司矿井水处理站改造工程（EPC）项目] AI补字段 ['监督部门联系方式'] ← https://prec.sxzwfw.gov.cn/jyxxgczb/1060440.jhtml
    ✗ 监督部门联系方式: AI未提取
  [高平市炎谷丰高标准设施蔬菜基地项目(002二标段)] AI补字段 ['监督部门联系方式'] ← https://prec.sxzwfw.gov.cn/jyxxgchxr/1067695.jhtml
    ✗ 监督部门联系方式: AI未提取
  [太原天然气有限公司太原市2026年住宅小区居民共有老旧庭院燃气管网及户内立管更新改造项目工程施工] AI补字段 ['监督部门联系方式'] ← https://prec.sxzwfw.gov.cn/jyxxgcgs/1069250.jhtml
    ✗ 监督部门联系方式: AI未提取
  [黄水河宁武县段河道治理工程勘察设计项目] AI补字段 ['监督部门联系方式'] ← https://prec.sxzwfw.gov.cn/jyxxgchxr/1067711.jhtml
  [GET失败1/5] ReadTimeout: HTTPSConnectionPool(host='prec.sxzwfw.gov.cn', port=443): Read timed out. (read timeout=15) | https://prec.sxzwfw.gov.cn/jyxxgchxr/1067711.jhtml
    ✗ 监督部门联系方式: AI未提取
  [高平市燃气老化管网及设施更新改造工程（老化燃气管道更新改造EPC）] AI补字段 ['招标代理机构地址'] ← https://prec.sxzwfw.gov.cn/jyxxgczb/1060412.jhtml
    ✗ 招标代理机构地址: AI未提取
  [和顺县生活垃圾焚烧发电项目特许经营者] AI补字段 ['监督部门联系方式'] ← https://prec.sxzwfw.gov.cn/jyxxgczb/1070243.jhtml
    ✗ 监督部门联系方式: AI未提取
  [中村镇张马村历山花卉融创基地] AI补字段 ['监督部门联系方式'] ← https://prec.sxzwfw.gov.cn/jyxxgchxr/1070266.jhtml
    ✗ 监督部门联系方式: AI未提取
  [大秦铁路股份有限公司太原铁路工程建设指挥部太原动车组运用所增设控制集中系统（CCS）工程施工总价承包项目(1标段)中标候选人公示更正] AI补字段 ['监督部门联系方式'] ← https://prec.sxzwfw.gov.cn/jyxxgchxr/1070214.jhtml
    ✗ 监督部门联系方式: AI未提取
  [晋中市松塔水库供水（二期）工程管材及管件采购03标] AI补字段 ['监督部门联系方式'] ← https://prec.sxzwfw.gov.cn/jyxxgchxr/1070208.jhtml
    ✗ 监督部门联系方式: AI未提取
  [原平市2025年农村公路灾毁改造工程（裕隆社区-武彦等6条）施工项目] AI补字段 ['监督部门联系方式'] ← https://prec.sxzwfw.gov.cn/jyxxgchxr/1070610.jhtml
    ✗ 监督部门联系方式: AI未提取
  [代县城市地下管网及设施建设改造工程-东北街片区（分区一）施工项目] AI补字段 ['监督部门联系方式'] ← https://prec.sxzwfw.gov.cn/jyxxgchxr/1068808.jhtml
  [GET失败1/5] ReadTimeout: HTTPSConnectionPool(host='prec.sxzwfw.gov.cn', port=443): Read timed out. (read timeout=15) | https://prec.sxzwfw.gov.cn/jyxxgchxr/1068808.jhtml
  [GET失败2/5] ConnectionError: ('Connection aborted.', ConnectionResetError(104, 'Connection reset by peer')) | https://prec.sxzwfw.gov.cn/jyxxgchxr/1068808.jhtml
  [GET失败3/5] ConnectionError: ('Connection aborted.', ConnectionResetError(104, 'Connection reset by peer')) | https://prec.sxzwfw.gov.cn/jyxxgchxr/1068808.jhtml
    ✗ 监督部门联系方式: AI未提取
  [代县城市地下管网及设施建设改造工程-东北街片区（分区一）监理项目] AI补字段 ['监督部门联系方式'] ← https://prec.sxzwfw.gov.cn/jyxxgchxr/1068807.jhtml
    ✗ 监督部门联系方式: AI未提取
  [泽州县丹溪片区集中供热建设项目（EPC）总承包中标结果公告] AI补字段 ['监督部门联系方式'] ← https://prec.sxzwfw.gov.cn/jyxxgcgs/1070481.jhtml
    ✗ 监督部门联系方式: AI未提取
  [高平市原村乡冯村村集中供热二网项目] AI补字段 ['监督部门联系方式'] ← https://prec.sxzwfw.gov.cn/jyxxgczb/1071190.jhtml
    ✗ 监督部门联系方式: AI未提取
  [上党革命老区散煤清零（长治市平顺县）工程项目（一期）锅炉附属设施设备(第七标段、第八标段、第九标段)招标] AI补字段 ['标书发售时间'] ← https://prec.sxzwfw.gov.cn/jyxxgczb/1065109.jhtml
    ✓ 标书发售时间: 2026年6月15日20时00分至 2026年6月23日20时00分
  [阳高县罗文皂镇镇大沟水毁河道清淤工程施工] AI补字段 ['监督部门联系方式'] ← https://prec.sxzwfw.gov.cn/jyxxgchxr/1070951.jhtml
    ✗ 监督部门联系方式: AI未提取
  [运城市南风广场基础设施维修改造项目] AI补字段 ['监督部门联系方式'] ← https://prec.sxzwfw.gov.cn/jyxxgczb/1062805.jhtml
  [GET失败1/5] ConnectionError: ('Connection aborted.', RemoteDisconnected('Remote end closed connection without response')) | https://prec.sxzwfw.gov.cn/jyxxgczb/1062805.jhtml
  [PDF公告] 发现PDF: https://ggzyjyzx.yuncheng.gov.cn:8083/upload/wj/2c9f80959e25d986019ea52f034c25c5.pdf
  [PDF] 直接提取文字成功，长度=2803
    ✗ 监督部门联系方式: AI未提取
[AI报告] → /home/intsig/zwx/shanxi/log/20260704_ai_report.log
  AI补全完成：1 个字段
  AI调用统计：共 27 次
  输入 tokens : 35,346
  输出 tokens : 1,243
  合计 tokens : 36,589
[自检] → /home/intsig/zwx/shanxi/log/20260704_check.log
[索引] → /home/intsig/zwx/shanxi/output/山西_index.txt

============================================================
完成！共 489 条记录 → /home/intsig/zwx/shanxi/output/山西.csv
自检日志 → /home/intsig/zwx/shanxi/log/20260704_check.log
AI报告   → /home/intsig/zwx/shanxi/log/20260704_ai_report.log
============================================================
============================================================
运行结束: 2026-07-04 22:14:57
============================================================
============================================================
开始运行山西爬虫: 2026-07-05 22:00:01
当前目录: /home/intsig/zwx/shanxi
Python: /home/vipuser/miniconda3/envs/myenv/bin/python
脚本: /home/intsig/zwx/shanxi/shanxi_regex_ai.py
============================================================
============================================================
山西省公共资源交易平台爬虫 v4.3（历史回填 + 自检 + AI兜底 + IP代理池）
时间: 2026-07-05 22:00:02
输出: /home/intsig/zwx/shanxi/output/山西.csv
============================================================
初始化 Session...
  [GET失败1/3] ConnectionError: ('Connection aborted.', ConnectionResetError(104, 'Connection reset by peer')) | https://prec.sxzwfw.gov.cn/jyxx/index.jhtml
Session 初始化成功
代理开关: True
代理池状态: {'available': 29, 'bad_total': 1, 'bad_unique': 1, 'api_calls_used': 1, 'api_calls_limit': 200, 'min_size': 8, 'default_num': 30, 'default_time': 5, 'default_port': 2, 'auto_refresh': True}
[CSV] 加载增量总表 489 行：/home/intsig/zwx/shanxi/output/山西.csv

===== 第一步：招标计划 =====
  [列表] channelId=198 第1页...
  [列表] 无数据，状态码=200
  [列表] 共 0 条

===== 第二步：招标公告频道 =====
  [列表] channelId=12 第1页...
  [列表] 无数据，状态码=200
  [列表] 共 0 条

===== 第三步：变更公告 =====
  [列表] channelId=13 第1页...
  [列表] 无数据，状态码=200
  [列表] 共 0 条

===== 第四步：中标候选人公示 =====
  [列表] channelId=14 第1页...
  [列表] 无数据，状态码=200
  [列表] 共 0 条

===== 第五步：中标结果公示 =====
  [列表] channelId=15 第1页...
  [列表] 总条数=3，当前已获取=3
  [列表] 共 3 条

  [中标结果公示] 华信振阳高新区200MW/400MWh独立储能项目EPC总承包
  [历史搜索] 华信振阳高新区200MW/400MWh独立储能项目EPC总承包
  [历史回填] 搜索项目：华信振阳高新区200MW/400MWh独立储能项目EPC总承包
  [POST失败1/3] ConnectionError: ('Connection aborted.', ConnectionResetError(104, 'Connection reset by peer')) | https://prec.sxzwfw.gov.cn/queryContent-jyxx.jspx
  [POST失败2/3] ConnectionError: HTTPSConnectionPool(host='prec.sxzwfw.gov.cn', port=443): Read timed out. | https://prec.sxzwfw.gov.cn/queryContent-jyxx.jspx
  [POST失败1/3] ConnectionError: ('Connection aborted.', ConnectionResetError(104, 'Connection reset by peer')) | https://prec.sxzwfw.gov.cn/queryContent-jyxx.jspx
  → upsert 完成：中标结果公示

  [中标结果公示] 晋中市松塔水库供水（二期）工程管材及管件采购03标
  [历史搜索] 晋中市松塔水库供水（二期）工程管材及管件采购03标
  [历史回填] 搜索项目：晋中市松塔水库供水（二期）工程管材及管件采购03标
  [POST失败1/3] ConnectionError: ('Connection aborted.', ConnectionResetError(104, 'Connection reset by peer')) | https://prec.sxzwfw.gov.cn/queryContent-jyxx.jspx
    ✓ 历史候选人监督部门
    ✓ 历史结果监督部门
  → upsert 完成：中标结果公示

  [中标结果公示] 寿阳县老旧小区供热老化管道更新改造工程
  [历史搜索] 寿阳县老旧小区供热老化管道更新改造工程
  [历史回填] 搜索项目：寿阳县老旧小区供热老化管道更新改造工程
    ✓ 历史招标计划
    ✓ 历史招标公告
    ✓ 历史候选人监督部门
  [POST失败1/3] ConnectionError: ('Connection aborted.', ConnectionResetError(104, 'Connection reset by peer')) | https://prec.sxzwfw.gov.cn/queryContent-jyxx.jspx
    ✓ 历史结果监督部门
  → upsert 完成：中标结果公示
[索引] → /home/intsig/zwx/shanxi/output/山西_index.txt
[自检] → /home/intsig/zwx/shanxi/log/20260705_check.log

===== AI 兜底补充提取 =====
  [马村镇马村村高标准设施蔬菜基地项目] AI补字段 ['招标代理机构地址'] ← https://prec.sxzwfw.gov.cn/jyxxgczb/1069822.jhtml
    ✗ 招标代理机构地址: AI未提取
  [侯马市XX训练基地建设项目（二次）] AI补字段 ['监督部门联系方式'] ← https://prec.sxzwfw.gov.cn/jyxxgczb/1062990.jhtml
    ✓ 监督部门联系方式: {'联系人': '王蕾', '电话': '0357—3900150', '邮箱': 'hmscxjsfwzx@163.com'}
  [太原市杏花岭区宇乔400MW/800MWh独立储能调频电站项目(EPC总承包）] AI补字段 ['监督部门联系方式'] ← https://prec.sxzwfw.gov.cn/jyxxgchxr/1070147.jhtml
    ✗ 监督部门联系方式: AI未提取
  [太原西山“骑行+”户外运动场地设施与服务保障设施建设项目施工] AI补字段 ['监督部门'] ← https://prec.sxzwfw.gov.cn/jyxxgcgs/1070917.jhtml
    ✗ 监督部门: AI未提取
  [华信振阳高新区200MW/400MWh独立储能项目EPC总承包] AI补字段 ['监督部门'] ← https://prec.sxzwfw.gov.cn/jyxxgcgs/1071264.jhtml
    ✗ 监督部门: AI未提取
  [五台山站站前综合交通枢纽及相关市政配套项目（供电工程）设计项目] AI补字段 ['监督部门联系方式'] ← https://prec.sxzwfw.gov.cn/jyxxgchxr/1069607.jhtml
    ✗ 监督部门联系方式: AI未提取
  [朔城区2026年中央财政“三北”工程巩固防沙治沙成果项目（2021年营造林10687亩）项目] AI补字段 ['监督部门联系方式'] ← https://prec.sxzwfw.gov.cn/jyxxgcgs/1071027.jhtml
    ✗ 监督部门联系方式: AI未提取
  [代县城市地下管网及设施建设改造工程-东北街片区（分区二）监理项目] AI补字段 ['监督部门联系方式'] ← https://prec.sxzwfw.gov.cn/jyxxgchxr/1069232.jhtml
  [GET失败1/5] ConnectionError: ('Connection aborted.', RemoteDisconnected('Remote end closed connection without response')) | https://prec.sxzwfw.gov.cn/jyxxgchxr/1069232.jhtml
    ✓ 监督部门联系方式: 忻州市住房和城乡建设局
  [代县城市地下管网及设施建设改造工程-东北街片区（分区二）施工项目] AI补字段 ['监督部门联系方式'] ← https://prec.sxzwfw.gov.cn/jyxxgchxr/1069209.jhtml
  [GET失败1/5] ConnectionError: ('Connection aborted.', RemoteDisconnected('Remote end closed connection without response')) | https://prec.sxzwfw.gov.cn/jyxxgchxr/1069209.jhtml
    ✗ 监督部门联系方式: AI未提取
  [吉县吉电200MW/400MWh独立储能电站EPC总承包] AI补字段 ['监督部门联系方式'] ← https://prec.sxzwfw.gov.cn/jyxxgcgs/1070781.jhtml
    ✗ 监督部门联系方式: AI未提取
  [大同市晋北地区高原风沙源生态保护和修复项目桦林背林场2026年人工造林(1,2,3,4,5,6,8,9,10,11,12,] AI补字段 ['监督部门联系方式'] ← https://prec.sxzwfw.gov.cn/jyxxgczb/1069176.jhtml
  [GET失败1/5] ReadTimeout: HTTPSConnectionPool(host='prec.sxzwfw.gov.cn', port=443): Read timed out. (read timeout=15) | https://prec.sxzwfw.gov.cn/jyxxgczb/1069176.jhtml
    ✗ 监督部门联系方式: AI未提取
  [山西阳煤寺家庄煤业有限责任公司矿井水处理站改造工程（EPC）项目] AI补字段 ['监督部门联系方式'] ← https://prec.sxzwfw.gov.cn/jyxxgczb/1060440.jhtml
    ✗ 监督部门联系方式: AI未提取
  [高平市炎谷丰高标准设施蔬菜基地项目(002二标段)] AI补字段 ['监督部门联系方式'] ← https://prec.sxzwfw.gov.cn/jyxxgchxr/1067695.jhtml
    ✗ 监督部门联系方式: AI未提取
  [太原天然气有限公司太原市2026年住宅小区居民共有老旧庭院燃气管网及户内立管更新改造项目工程施工] AI补字段 ['监督部门联系方式'] ← https://prec.sxzwfw.gov.cn/jyxxgcgs/1069250.jhtml
    ✗ 监督部门联系方式: AI未提取
  [黄水河宁武县段河道治理工程勘察设计项目] AI补字段 ['监督部门联系方式'] ← https://prec.sxzwfw.gov.cn/jyxxgchxr/1067711.jhtml
    ✗ 监督部门联系方式: AI未提取
  [高平市燃气老化管网及设施更新改造工程（老化燃气管道更新改造EPC）] AI补字段 ['招标代理机构地址'] ← https://prec.sxzwfw.gov.cn/jyxxgczb/1060412.jhtml
    ✗ 招标代理机构地址: AI未提取
  [和顺县生活垃圾焚烧发电项目特许经营者] AI补字段 ['监督部门联系方式'] ← https://prec.sxzwfw.gov.cn/jyxxgczb/1070243.jhtml
  [GET失败1/5] ReadTimeout: HTTPSConnectionPool(host='prec.sxzwfw.gov.cn', port=443): Read timed out. (read timeout=15) | https://prec.sxzwfw.gov.cn/jyxxgczb/1070243.jhtml
  [GET失败2/5] ProxyError: HTTPSConnectionPool(host='prec.sxzwfw.gov.cn', port=443): Max retries exceeded with url: /jyxxgczb/1070243.jhtml (Caused by ProxyError('Unable to connect to proxy', OSError('Tunnel connection failed: 435 Proxy Authentication Failed'))) | https://prec.sxzwfw.gov.cn/jyxxgczb/1070243.jhtml
  [GET失败3/5] ReadTimeout: HTTPSConnectionPool(host='prec.sxzwfw.gov.cn', port=443): Read timed out. (read timeout=15) | https://prec.sxzwfw.gov.cn/jyxxgczb/1070243.jhtml
    ✗ 监督部门联系方式: AI未提取
  [寿阳县老旧小区供热老化管道更新改造工程] AI补字段 ['开标时间'] ← https://prec.sxzwfw.gov.cn/jyxxgczb/1056919.jhtml
    ✓ 开标时间: 2026-06-03 09:30
  [中村镇张马村历山花卉融创基地] AI补字段 ['监督部门联系方式'] ← https://prec.sxzwfw.gov.cn/jyxxgchxr/1070266.jhtml
  [GET失败1/5] ConnectionError: ('Connection aborted.', ConnectionResetError(104, 'Connection reset by peer')) | https://prec.sxzwfw.gov.cn/jyxxgchxr/1070266.jhtml
    ✗ 监督部门联系方式: AI未提取
  [大秦铁路股份有限公司太原铁路工程建设指挥部太原动车组运用所增设控制集中系统（CCS）工程施工总价承包项目(1标段)中标候选人公示更正] AI补字段 ['监督部门联系方式'] ← https://prec.sxzwfw.gov.cn/jyxxgchxr/1070214.jhtml
  [GET失败1/5] ReadTimeout: HTTPSConnectionPool(host='prec.sxzwfw.gov.cn', port=443): Read timed out. (read timeout=15) | https://prec.sxzwfw.gov.cn/jyxxgchxr/1070214.jhtml
    ✗ 监督部门联系方式: AI未提取
  [晋中市松塔水库供水（二期）工程管材及管件采购03标] AI补字段 ['监督部门联系方式'] ← https://prec.sxzwfw.gov.cn/jyxxgchxr/1070208.jhtml
    ✗ 监督部门联系方式: AI未提取
  [原平市2025年农村公路灾毁改造工程（裕隆社区-武彦等6条）施工项目] AI补字段 ['监督部门联系方式'] ← https://prec.sxzwfw.gov.cn/jyxxgchxr/1070610.jhtml
  [GET失败1/5] ReadTimeout: HTTPSConnectionPool(host='prec.sxzwfw.gov.cn', port=443): Read timed out. (read timeout=15) | https://prec.sxzwfw.gov.cn/jyxxgchxr/1070610.jhtml
    ✗ 监督部门联系方式: AI未提取
  [代县城市地下管网及设施建设改造工程-东北街片区（分区一）施工项目] AI补字段 ['监督部门联系方式'] ← https://prec.sxzwfw.gov.cn/jyxxgchxr/1068808.jhtml
    ✗ 监督部门联系方式: AI未提取
  [代县城市地下管网及设施建设改造工程-东北街片区（分区一）监理项目] AI补字段 ['监督部门联系方式'] ← https://prec.sxzwfw.gov.cn/jyxxgchxr/1068807.jhtml
    ✗ 监督部门联系方式: AI未提取
  [泽州县丹溪片区集中供热建设项目（EPC）总承包中标结果公告] AI补字段 ['监督部门联系方式'] ← https://prec.sxzwfw.gov.cn/jyxxgcgs/1070481.jhtml
    ✗ 监督部门联系方式: AI未提取
  [高平市原村乡冯村村集中供热二网项目] AI补字段 ['监督部门联系方式'] ← https://prec.sxzwfw.gov.cn/jyxxgczb/1071190.jhtml
    ✗ 监督部门联系方式: AI未提取
  [阳高县罗文皂镇镇大沟水毁河道清淤工程施工] AI补字段 ['监督部门联系方式'] ← https://prec.sxzwfw.gov.cn/jyxxgchxr/1070951.jhtml
    ✗ 监督部门联系方式: AI未提取
  [运城市南风广场基础设施维修改造项目] AI补字段 ['监督部门联系方式'] ← https://prec.sxzwfw.gov.cn/jyxxgczb/1062805.jhtml
  [PDF公告] 发现PDF: https://ggzyjyzx.yuncheng.gov.cn:8083/upload/wj/2c9f80959e25d986019ea52f034c25c5.pdf
  [PDF] 直接提取文字成功，长度=2803
    ✓ 监督部门联系方式: {'电话': '0359-2222905', '电子邮件': '/'}
[AI报告] → /home/intsig/zwx/shanxi/log/20260705_ai_report.log
  AI补全完成：4 个字段
  AI调用统计：共 28 次
  输入 tokens : 35,188
  输出 tokens : 2,429
  合计 tokens : 37,617
[自检] → /home/intsig/zwx/shanxi/log/20260705_check.log
[索引] → /home/intsig/zwx/shanxi/output/山西_index.txt

============================================================
完成！共 489 条记录 → /home/intsig/zwx/shanxi/output/山西.csv
自检日志 → /home/intsig/zwx/shanxi/log/20260705_check.log
AI报告   → /home/intsig/zwx/shanxi/log/20260705_ai_report.log
============================================================
============================================================
运行结束: 2026-07-05 22:08:02
============================================================
============================================================
开始运行山西爬虫: 2026-07-06 22:00:01
当前目录: /home/intsig/zwx/shanxi
Python: /home/vipuser/miniconda3/envs/myenv/bin/python
脚本: /home/intsig/zwx/shanxi/shanxi_regex_ai.py
============================================================
============================================================
山西省公共资源交易平台爬虫 v4.3（历史回填 + 自检 + AI兜底 + IP代理池）
时间: 2026-07-06 22:00:01
输出: /home/intsig/zwx/shanxi/output/山西.csv
============================================================
初始化 Session...
Session 初始化成功
代理开关: True
代理池状态: {'available': 30, 'bad_total': 0, 'bad_unique': 0, 'api_calls_used': 1, 'api_calls_limit': 200, 'min_size': 8, 'default_num': 30, 'default_time': 5, 'default_port': 2, 'auto_refresh': True}
[CSV] 加载增量总表 489 行：/home/intsig/zwx/shanxi/output/山西.csv

===== 第一步：招标计划 =====
  [列表] channelId=198 第1页...
  [POST失败1/3] ConnectionError: ('Connection aborted.', RemoteDisconnected('Remote end closed connection without response')) | https://prec.sxzwfw.gov.cn/queryContent-jyxx.jspx
  [POST失败2/3] ConnectionError: ('Connection aborted.', ConnectionResetError(104, 'Connection reset by peer')) | https://prec.sxzwfw.gov.cn/queryContent-jyxx.jspx
  [列表] 总条数=19，当前已获取=10
  [列表] channelId=198 第2页...
  [POST失败1/3] ConnectionError: ('Connection aborted.', ConnectionResetError(104, 'Connection reset by peer')) | https://prec.sxzwfw.gov.cn/queryContent_2-jyxx.jspx
  [POST失败2/3] ReadTimeout: HTTPSConnectionPool(host='prec.sxzwfw.gov.cn', port=443): Read timed out. (read timeout=18) | https://prec.sxzwfw.gov.cn/queryContent_2-jyxx.jspx
  [列表] 总条数=19，当前已获取=19
  [列表] 共 19 条

  [招标计划] 岢岚县209国道太阳能路灯智慧照明建设项目
  [GET失败1/3] ConnectionError: ('Connection aborted.', ConnectionResetError(104, 'Connection reset by peer')) | https://prec.sxzwfw.gov.cn/jyxxzbjh/1071749.jhtml
  [GET失败2/3] ConnectionError: ('Connection aborted.', ConnectionResetError(104, 'Connection reset by peer')) | https://prec.sxzwfw.gov.cn/jyxxzbjh/1071749.jhtml
  [GET失败3/3] ConnectionError: ('Connection aborted.', ConnectionResetError(104, 'Connection reset by peer')) | https://prec.sxzwfw.gov.cn/jyxxzbjh/1071749.jhtml
  → 新增

  [招标计划] 山西焦煤霍州谭坪煤电有限责任公司主、副井井底车场巷道及硐室瓦斯治理工程，山西焦煤霍州谭坪煤电有限责任公司通风机房工程
  [GET失败1/3] ConnectionError: ('Connection aborted.', ConnectionResetError(104, 'Connection reset by peer')) | https://prec.sxzwfw.gov.cn/jyxxzbjh/1071732.jhtml
  → 新增

  [招标计划] 平陆县小型引调水工程
  → 新增

  [招标计划] 省道216线上党区城区过境改线工程全过程工程咨询服务
  → 新增

  [招标计划] 岚县村道上井-里彦舍线路面改造工程
  → 新增

  [招标计划] 岚县村道梁开线—碾沟线资源路产业路项目
  → 新增

  [招标计划] 昔阳县北城区地下管网工程
  [GET失败1/3] ReadTimeout: HTTPSConnectionPool(host='prec.sxzwfw.gov.cn', port=443): Read timed out. (read timeout=15) | https://prec.sxzwfw.gov.cn/jyxxzbjh/1071652.jhtml
  → 新增

  [招标计划] 国道209、309线吉县县城过境(丰收岭隧道)改线工程全过程造价咨询
  → 新增

  [招标计划] 国道209、309线吉县县城过境(丰收岭隧道)改线工程全过程安全咨询
  → 新增

  [招标计划] 壶关县城际连接线路面翻新改造工程
  → 新增

  [招标计划] 临汾广晟200MW/800MWh独立储能电站项目
  → 新增

  [招标计划] 山西大学大同校区（平城）学生宿舍建设项目
  [GET失败1/3] ConnectionError: ('Connection aborted.', ConnectionResetError(104, 'Connection reset by peer')) | https://prec.sxzwfw.gov.cn/jyxxzbjh/1071527.jhtml
  → 新增

  [招标计划] 山西大学坞城校区令德13A、13B、13C学生宿舍建设项目
  [GET失败1/3] ConnectionError: ('Connection aborted.', RemoteDisconnected('Remote end closed connection without response')) | https://prec.sxzwfw.gov.cn/jyxxzbjh/1071510.jhtml
  → 新增

  [招标计划] 山西大学师生活动中心建设项目
  → 新增

  [招标计划] 朔州低碳硅芯产业园区(二期)项目
  [GET失败1/3] ConnectionError: ('Connection aborted.', ConnectionResetError(104, 'Connection reset by peer')) | https://prec.sxzwfw.gov.cn/jyxxzbjh/1071492.jhtml
  → 新增

  [招标计划] 岢岚县航天科技中心设施配套工程项目
  → 新增

  [招标计划] 太原武宿国际机场三期改扩建工程货运、航食、南区机务及公务机楼项目公务机楼装饰工程施工
  → 新增

  [招标计划] 忻府区东楼乡南肖村日光温室蔬菜大棚园区建设项目
  → 新增

  [招标计划] 白桑镇10村16条农村道路提质改造工程
  [GET失败1/3] ReadTimeout: HTTPSConnectionPool(host='prec.sxzwfw.gov.cn', port=443): Read timed out. (read timeout=15) | https://prec.sxzwfw.gov.cn/jyxxzbjh/1071359.jhtml
  [GET失败2/3] ConnectionError: ('Connection aborted.', ConnectionResetError(104, 'Connection reset by peer')) | https://prec.sxzwfw.gov.cn/jyxxzbjh/1071359.jhtml
  → 新增

===== 第二步：招标公告频道 =====
  [列表] channelId=12 第1页...
  [POST失败1/3] ReadTimeout: HTTPSConnectionPool(host='prec.sxzwfw.gov.cn', port=443): Read timed out. (read timeout=18) | https://prec.sxzwfw.gov.cn/queryContent-jyxx.jspx
  [列表] 总条数=35，当前已获取=10
  [列表] channelId=12 第2页...
  [列表] 总条数=35，当前已获取=20
  [列表] channelId=12 第3页...
  [列表] 总条数=35，当前已获取=30
  [列表] channelId=12 第4页...
  [列表] 总条数=35，当前已获取=35
  [列表] 共 35 条

  [未知公告] 山西交控国际航空智慧物联港项目（一期）第一标段监理项目(1标段)最高投标限价
  [历史搜索] 山西交控国际航空智慧物联港项目（一期）第一标段监理项目(1标段)最高投标限价
  [历史回填] 搜索项目：山西交控国际航空智慧物联港项目（一期）第一标段监理项目(1标段)最高投标限价
  → upsert 完成：未知公告

  [招标公告] 山西交控国际航空智慧物联港项目（一期）第一标段监理项目
  [历史搜索] 山西交控国际航空智慧物联港项目（一期）第一标段监理项目
  [历史回填] 搜索项目：山西交控国际航空智慧物联港项目（一期）第一标段监理项目
    ✓ 历史招标公告
  → upsert 完成：招标公告

  [招标公告] 临猗县郇阳灌区超采区水源置换工程（二期北干7-11支）
  [历史搜索] 临猗县郇阳灌区超采区水源置换工程（二期北干7-11支）
  [历史回填] 搜索项目：临猗县郇阳灌区超采区水源置换工程（二期北干7-11支）
    ✓ 历史招标公告
  [POST失败1/3] ProxyError: HTTPSConnectionPool(host='prec.sxzwfw.gov.cn', port=443): Max retries exceeded with url: /queryContent-jyxx.jspx (Caused by ProxyError('Unable to connect to proxy', OSError('Tunnel connection failed: 436 Proxy Authentication Failed'))) | https://prec.sxzwfw.gov.cn/queryContent-jyxx.jspx
  [POST失败1/3] ConnectionError: ('Connection aborted.', RemoteDisconnected('Remote end closed connection without response')) | https://prec.sxzwfw.gov.cn/queryContent-jyxx.jspx
  → upsert 完成：招标公告

  [招标公告] 大同市新荣区下甘沟一外场沟线、外场沟一里场沟线等十三条路线农村公路改造工程（一期）(1,2,3,4,5,
  [GET失败1/3] ReadTimeout: HTTPSConnectionPool(host='prec.sxzwfw.gov.cn', port=443): Read timed out. (read timeout=15) | https://prec.sxzwfw.gov.cn/jyxxgczb/1071709.jhtml
  [GET失败2/3] ProxyError: HTTPSConnectionPool(host='prec.sxzwfw.gov.cn', port=443): Max retries exceeded with url: /jyxxgczb/1071709.jhtml (Caused by ProxyError('Unable to connect to proxy', RemoteDisconnected('Remote end closed connection without response'))) | https://prec.sxzwfw.gov.cn/jyxxgczb/1071709.jhtml
  [GET失败3/3] ReadTimeout: HTTPSConnectionPool(host='prec.sxzwfw.gov.cn', port=443): Read timed out. (read timeout=15) | https://prec.sxzwfw.gov.cn/jyxxgczb/1071709.jhtml
  [历史搜索] 大同市新荣区下甘沟一外场沟线、外场沟一里场沟线等十三条路线农村公路改造工程（一期）(1,2,3,4,5,
  [历史回填] 搜索项目：大同市新荣区下甘沟一外场沟线、外场沟一里场沟线等十三条路线农村公路改造工程（一期）(1,2,3,4,5,
  [POST失败1/3] ReadTimeout: HTTPSConnectionPool(host='prec.sxzwfw.gov.cn', port=443): Read timed out. (read timeout=18) | https://prec.sxzwfw.gov.cn/queryContent-jyxx.jspx
  [GET失败1/3] ReadTimeout: HTTPSConnectionPool(host='prec.sxzwfw.gov.cn', port=443): Read timed out. (read timeout=15) | https://prec.sxzwfw.gov.cn/jyxxgczb/1071709.jhtml
    ✓ 历史招标公告
  [POST失败1/3] ConnectionError: ('Connection aborted.', ConnectionResetError(104, 'Connection reset by peer')) | https://prec.sxzwfw.gov.cn/queryContent-jyxx.jspx
  [POST失败2/3] ReadTimeout: HTTPSConnectionPool(host='prec.sxzwfw.gov.cn', port=443): Read timed out. (read timeout=18) | https://prec.sxzwfw.gov.cn/queryContent-jyxx.jspx
  [POST失败1/3] ConnectionError: ('Connection aborted.', ConnectionResetError(104, 'Connection reset by peer')) | https://prec.sxzwfw.gov.cn/queryContent-jyxx.jspx
  → upsert 完成：招标公告

  [招标公告] 孝河幸福河湖建设工程施工施工项目
  [GET失败1/3] ReadTimeout: HTTPSConnectionPool(host='prec.sxzwfw.gov.cn', port=443): Read timed out. (read timeout=15) | https://prec.sxzwfw.gov.cn/jyxxgczb/1071699.jhtml
  [GET失败2/3] ConnectionError: ('Connection aborted.', ConnectionResetError(104, 'Connection reset by peer')) | https://prec.sxzwfw.gov.cn/jyxxgczb/1071699.jhtml
  [历史搜索] 孝河幸福河湖建设工程施工施工项目
  [历史回填] 搜索项目：孝河幸福河湖建设工程施工施工项目
  [GET失败1/3] ReadTimeout: HTTPSConnectionPool(host='prec.sxzwfw.gov.cn', port=443): Read timed out. (read timeout=15) | https://prec.sxzwfw.gov.cn/jyxxgczb/1071699.jhtml
  [GET失败2/3] ReadTimeout: HTTPSConnectionPool(host='prec.sxzwfw.gov.cn', port=443): Read timed out. (read timeout=15) | https://prec.sxzwfw.gov.cn/jyxxgczb/1071699.jhtml
    ✓ 历史招标公告
  [POST失败1/3] ConnectionError: ('Connection aborted.', ConnectionResetError(104, 'Connection reset by peer')) | https://prec.sxzwfw.gov.cn/queryContent-jyxx.jspx
  [POST失败1/3] ReadTimeout: HTTPSConnectionPool(host='prec.sxzwfw.gov.cn', port=443): Read timed out. (read timeout=18) | https://prec.sxzwfw.gov.cn/queryContent-jyxx.jspx
  [POST失败1/3] ConnectionError: ('Connection aborted.', ConnectionResetError(104, 'Connection reset by peer')) | https://prec.sxzwfw.gov.cn/queryContent-jyxx.jspx
  → upsert 完成：招标公告

  [跳过-控制价] 孝河幸福河湖建设工程施工施工项目招标控制价

  [招标公告] 寿阳县羊白线（西草庄一李生院）路面改建工程施工
  [历史搜索] 寿阳县羊白线（西草庄一李生院）路面改建工程施工
  [历史回填] 搜索项目：寿阳县羊白线（西草庄一李生院）路面改建工程施工
  [POST失败1/3] ConnectionError: ('Connection aborted.', ConnectionResetError(104, 'Connection reset by peer')) | https://prec.sxzwfw.gov.cn/queryContent-jyxx.jspx
    ✓ 历史招标公告
  → upsert 完成：招标公告

  [跳过-控制价] 怀仁市2026年村庄通双车道公路改造工程(1标段)招标控制价

  [招标公告] 壶关县龙泉镇农村生活污水治理项目设计
  [GET失败1/3] ConnectionError: ('Connection aborted.', RemoteDisconnected('Remote end closed connection without response')) | https://prec.sxzwfw.gov.cn/jyxxgczb/1071663.jhtml
  [历史搜索] 壶关县龙泉镇农村生活污水治理项目设计
  [历史回填] 搜索项目：壶关县龙泉镇农村生活污水治理项目设计
  [GET失败1/3] ConnectionError: ('Connection aborted.', ConnectionResetError(104, 'Connection reset by peer')) | https://prec.sxzwfw.gov.cn/jyxxgczb/1071663.jhtml
    ✓ 历史招标公告
  → upsert 完成：招标公告

  [跳过-控制价] 南村镇段匠村居民住宅楼项目二次招标招标控制价

  [跳过-控制价] 长治市上党区城区老旧供热管网增容及配套设施改造工程初步设计招标控制价

  [招标公告] 长治市上党区城区老旧供热管网增容及配套设施改造工程初步设计
  [历史搜索] 长治市上党区城区老旧供热管网增容及配套设施改造工程初步设计
  [历史回填] 搜索项目：长治市上党区城区老旧供热管网增容及配套设施改造工程初步设计
  [GET失败1/3] ConnectionError: ('Connection aborted.', ConnectionResetError(104, 'Connection reset by peer')) | https://prec.sxzwfw.gov.cn/jyxxgczb/1071631.jhtml
  [GET失败2/3] ConnectionError: ('Connection aborted.', ConnectionResetError(104, 'Connection reset by peer')) | https://prec.sxzwfw.gov.cn/jyxxgczb/1071631.jhtml
    ✓ 历史招标公告
  → upsert 完成：招标公告

  [招标公告] 武乡县大有乡峪口村基础设施以工代赈项目施工
  [历史搜索] 武乡县大有乡峪口村基础设施以工代赈项目施工
  [历史回填] 搜索项目：武乡县大有乡峪口村基础设施以工代赈项目施工
    ✓ 历史招标公告
  [POST失败1/3] ProxyError: HTTPSConnectionPool(host='prec.sxzwfw.gov.cn', port=443): Max retries exceeded with url: /queryContent-jyxx.jspx (Caused by ProxyError('Unable to connect to proxy', OSError('Tunnel connection failed: 436 Proxy Authentication Failed'))) | https://prec.sxzwfw.gov.cn/queryContent-jyxx.jspx
  [POST失败2/3] ConnectionError: ('Connection aborted.', ConnectionResetError(104, 'Connection reset by peer')) | https://prec.sxzwfw.gov.cn/queryContent-jyxx.jspx
  [POST失败3/3] ProxyError: HTTPSConnectionPool(host='prec.sxzwfw.gov.cn', port=443): Max retries exceeded with url: /queryContent-jyxx.jspx (Caused by ProxyError('Unable to connect to proxy', OSError('Tunnel connection failed: 435 Proxy Authentication Failed'))) | https://prec.sxzwfw.gov.cn/queryContent-jyxx.jspx
  → upsert 完成：招标公告

  [招标公告] 文水县学校消防审验专项整治改造工程EPC总承包其它项目
  [历史搜索] 文水县学校消防审验专项整治改造工程EPC总承包其它项目
  [历史回填] 搜索项目：文水县学校消防审验专项整治改造工程EPC总承包其它项目
  [POST失败1/3] ReadTimeout: HTTPSConnectionPool(host='prec.sxzwfw.gov.cn', port=443): Read timed out. (read timeout=18) | https://prec.sxzwfw.gov.cn/queryContent-jyxx.jspx
  [POST失败1/3] ReadTimeout: HTTPSConnectionPool(host='prec.sxzwfw.gov.cn', port=443): Read timed out. (read timeout=18) | https://prec.sxzwfw.gov.cn/queryContent-jyxx.jspx
  [POST失败2/3] ProxyError: HTTPSConnectionPool(host='prec.sxzwfw.gov.cn', port=443): Max retries exceeded with url: /queryContent-jyxx.jspx (Caused by ProxyError('Unable to connect to proxy', RemoteDisconnected('Remote end closed connection without response'))) | https://prec.sxzwfw.gov.cn/queryContent-jyxx.jspx
  [POST失败3/3] ProxyError: HTTPSConnectionPool(host='prec.sxzwfw.gov.cn', port=443): Max retries exceeded with url: /queryContent-jyxx.jspx (Caused by ProxyError('Unable to connect to proxy', RemoteDisconnected('Remote end closed connection without response'))) | https://prec.sxzwfw.gov.cn/queryContent-jyxx.jspx
  [POST失败1/3] ReadTimeout: HTTPSConnectionPool(host='prec.sxzwfw.gov.cn', port=443): Read timed out. (read timeout=18) | https://prec.sxzwfw.gov.cn/queryContent-jyxx.jspx
  → upsert 完成：招标公告

  [跳过-控制价] 神池县县城天然气管道西延（北城西街至农业示范园区）项目施工项目(1标段)招标控制价

  [招标公告] 文水县崇文九年一贯制学校建设项目监理
  [历史搜索] 文水县崇文九年一贯制学校建设项目监理
  [历史回填] 搜索项目：文水县崇文九年一贯制学校建设项目监理
  [GET失败1/3] ReadTimeout: HTTPSConnectionPool(host='prec.sxzwfw.gov.cn', port=443): Read timed out. (read timeout=15) | https://prec.sxzwfw.gov.cn/jyxxgczb/1071569.jhtml
  [GET失败2/3] ConnectionError: ('Connection aborted.', ConnectionResetError(104, 'Connection reset by peer')) | https://prec.sxzwfw.gov.cn/jyxxgczb/1071569.jhtml
    ✓ 历史招标公告
  [POST失败1/3] ReadTimeout: HTTPSConnectionPool(host='prec.sxzwfw.gov.cn', port=443): Read timed out. (read timeout=18) | https://prec.sxzwfw.gov.cn/queryContent-jyxx.jspx
  [POST失败2/3] ConnectionError: ('Connection aborted.', ConnectionResetError(104, 'Connection reset by peer')) | https://prec.sxzwfw.gov.cn/queryContent-jyxx.jspx
  [POST失败1/3] ProxyError: HTTPSConnectionPool(host='prec.sxzwfw.gov.cn', port=443): Max retries exceeded with url: /queryContent-jyxx.jspx (Caused by ProxyError('Unable to connect to proxy', OSError('Tunnel connection failed: 436 Proxy Authentication Failed'))) | https://prec.sxzwfw.gov.cn/queryContent-jyxx.jspx
  [POST失败2/3] ProxyError: HTTPSConnectionPool(host='prec.sxzwfw.gov.cn', port=443): Max retries exceeded with url: /queryContent-jyxx.jspx (Caused by ProxyError('Unable to connect to proxy', OSError('Tunnel connection failed: 435 Proxy Authentication Failed'))) | https://prec.sxzwfw.gov.cn/queryContent-jyxx.jspx
  → upsert 完成：招标公告

  [跳过-控制价] 文水县崇文九年一贯制学校建设项目监理二次招标控制价

  [招标公告] 寿阳县盂上线公路改建工程施工监理
  [历史搜索] 寿阳县盂上线公路改建工程施工监理
  [历史回填] 搜索项目：寿阳县盂上线公路改建工程施工监理
  [POST失败1/3] ReadTimeout: HTTPSConnectionPool(host='prec.sxzwfw.gov.cn', port=443): Read timed out. (read timeout=18) | https://prec.sxzwfw.gov.cn/queryContent-jyxx.jspx
  [GET失败1/3] ReadTimeout: HTTPSConnectionPool(host='prec.sxzwfw.gov.cn', port=443): Read timed out. (read timeout=15) | https://prec.sxzwfw.gov.cn/jyxxgczb/1071553.jhtml
  [GET失败2/3] ConnectionError: ('Connection aborted.', ConnectionResetError(104, 'Connection reset by peer')) | https://prec.sxzwfw.gov.cn/jyxxgczb/1071553.jhtml
    ✓ 历史招标公告
  [POST失败1/3] ConnectionError: ('Connection aborted.', ConnectionResetError(104, 'Connection reset by peer')) | https://prec.sxzwfw.gov.cn/queryContent-jyxx.jspx
    ✓ 历史候选人监督部门
  [POST失败1/3] ProxyError: HTTPSConnectionPool(host='prec.sxzwfw.gov.cn', port=443): Max retries exceeded with url: /queryContent-jyxx.jspx (Caused by ProxyError('Unable to connect to proxy', OSError('Tunnel connection failed: 639 Internal Server Error'))) | https://prec.sxzwfw.gov.cn/queryContent-jyxx.jspx
    ✓ 历史结果监督部门
  → upsert 完成：招标公告

  [招标公告] 神池县县城天然气管道西延（北城西街至农业示范园区）项目施工
  [GET失败1/3] ConnectionError: ('Connection aborted.', RemoteDisconnected('Remote end closed connection without response')) | https://prec.sxzwfw.gov.cn/jyxxgczb/1071541.jhtml
  [历史搜索] 神池县县城天然气管道西延（北城西街至农业示范园区）项目施工
  [历史回填] 搜索项目：神池县县城天然气管道西延（北城西街至农业示范园区）项目施工
    ✓ 历史招标公告
  [POST失败1/3] ConnectionError: ('Connection aborted.', ConnectionResetError(104, 'Connection reset by peer')) | https://prec.sxzwfw.gov.cn/queryContent-jyxx.jspx
  [POST失败2/3] ConnectionError: ('Connection aborted.', ConnectionResetError(104, 'Connection reset by peer')) | https://prec.sxzwfw.gov.cn/queryContent-jyxx.jspx
  [POST失败1/3] ProxyError: HTTPSConnectionPool(host='prec.sxzwfw.gov.cn', port=443): Max retries exceeded with url: /queryContent-jyxx.jspx (Caused by ProxyError('Unable to connect to proxy', OSError('Tunnel connection failed: 639 Internal Server Error'))) | https://prec.sxzwfw.gov.cn/queryContent-jyxx.jspx
  [POST失败2/3] ReadTimeout: HTTPSConnectionPool(host='prec.sxzwfw.gov.cn', port=443): Read timed out. (read timeout=18) | https://prec.sxzwfw.gov.cn/queryContent-jyxx.jspx
  → upsert 完成：招标公告

  [招标公告] 大同市平城区供水管网及设施更新改造项目（一期）（1标段）
  [GET失败1/3] ConnectionError: ('Connection aborted.', RemoteDisconnected('Remote end closed connection without response')) | https://prec.sxzwfw.gov.cn/jyxxgczb/1071531.jhtml
  [历史搜索] 大同市平城区供水管网及设施更新改造项目（一期）（1标段）
  [历史回填] 搜索项目：大同市平城区供水管网及设施更新改造项目（一期）（1标段）
  [POST失败1/3] ConnectionError: ('Connection aborted.', ConnectionResetError(104, 'Connection reset by peer')) | https://prec.sxzwfw.gov.cn/queryContent-jyxx.jspx
  [POST失败2/3] ConnectionError: ('Connection aborted.', RemoteDisconnected('Remote end closed connection without response')) | https://prec.sxzwfw.gov.cn/queryContent-jyxx.jspx
  [POST失败3/3] ConnectionError: ('Connection aborted.', RemoteDisconnected('Remote end closed connection without response')) | https://prec.sxzwfw.gov.cn/queryContent-jyxx.jspx
    ✓ 历史招标公告
  [POST失败1/3] ConnectionError: ('Connection aborted.', ConnectionResetError(104, 'Connection reset by peer')) | https://prec.sxzwfw.gov.cn/queryContent-jyxx.jspx
  [POST失败1/3] ConnectionError: ('Connection aborted.', ConnectionResetError(104, 'Connection reset by peer')) | https://prec.sxzwfw.gov.cn/queryContent-jyxx.jspx
  [POST失败1/3] ReadTimeout: HTTPSConnectionPool(host='prec.sxzwfw.gov.cn', port=443): Read timed out. (read timeout=18) | https://prec.sxzwfw.gov.cn/queryContent-jyxx.jspx
  [POST失败2/3] ReadTimeout: HTTPSConnectionPool(host='prec.sxzwfw.gov.cn', port=443): Read timed out. (read timeout=18) | https://prec.sxzwfw.gov.cn/queryContent-jyxx.jspx
  → upsert 完成：招标公告

  [招标公告] 大秦铁路股份有限公司侯马电务段侯月线车站及区间信号设备大修可行性研究及勘察设计项目
  [GET失败1/3] ReadTimeout: HTTPSConnectionPool(host='prec.sxzwfw.gov.cn', port=443): Read timed out. (read timeout=15) | https://prec.sxzwfw.gov.cn/jyxxgczb/1071526.jhtml
  [历史搜索] 大秦铁路股份有限公司侯马电务段侯月线车站及区间信号设备大修可行性研究及勘察设计项目
  [历史回填] 搜索项目：大秦铁路股份有限公司侯马电务段侯月线车站及区间信号设备大修可行性研究及勘察设计项目
  [POST失败1/3] ReadTimeout: HTTPSConnectionPool(host='prec.sxzwfw.gov.cn', port=443): Read timed out. (read timeout=18) | https://prec.sxzwfw.gov.cn/queryContent-jyxx.jspx
  [POST失败2/3] ConnectionError: ('Connection aborted.', RemoteDisconnected('Remote end closed connection without response')) | https://prec.sxzwfw.gov.cn/queryContent-jyxx.jspx
  [POST失败3/3] ConnectionError: ('Connection aborted.', ConnectionResetError(104, 'Connection reset by peer')) | https://prec.sxzwfw.gov.cn/queryContent-jyxx.jspx
  [POST失败1/3] ConnectionError: ('Connection aborted.', RemoteDisconnected('Remote end closed connection without response')) | https://prec.sxzwfw.gov.cn/queryContent-jyxx.jspx
  → upsert 完成：招标公告

  [招标公告] 大秦铁路股份有限公司侯马电务段侯马北四场车站及区间信号设备大修可行性研究及勘察设计项目
  [历史搜索] 大秦铁路股份有限公司侯马电务段侯马北四场车站及区间信号设备大修可行性研究及勘察设计项目
  [历史回填] 搜索项目：大秦铁路股份有限公司侯马电务段侯马北四场车站及区间信号设备大修可行性研究及勘察设计项目
    ✓ 历史招标公告
  [POST失败1/3] ProxyError: HTTPSConnectionPool(host='prec.sxzwfw.gov.cn', port=443): Max retries exceeded with url: /queryContent-jyxx.jspx (Caused by ProxyError('Unable to connect to proxy', OSError('Tunnel connection failed: 435 Proxy Authentication Failed'))) | https://prec.sxzwfw.gov.cn/queryContent-jyxx.jspx
  [POST失败2/3] ConnectionError: ('Connection aborted.', ConnectionResetError(104, 'Connection reset by peer')) | https://prec.sxzwfw.gov.cn/queryContent-jyxx.jspx
  [POST失败3/3] ProxyError: HTTPSConnectionPool(host='prec.sxzwfw.gov.cn', port=443): Max retries exceeded with url: /queryContent-jyxx.jspx (Caused by ProxyError('Unable to connect to proxy', OSError('Tunnel connection failed: 436 Proxy Authentication Failed'))) | https://prec.sxzwfw.gov.cn/queryContent-jyxx.jspx
  [POST失败1/3] ReadTimeout: HTTPSConnectionPool(host='prec.sxzwfw.gov.cn', port=443): Read timed out. (read timeout=18) | https://prec.sxzwfw.gov.cn/queryContent-jyxx.jspx
  → upsert 完成：招标公告

  [招标公告] 山西省长治市壶关县高级中学建设项目施工
  [GET失败1/3] ConnectionError: ('Connection aborted.', RemoteDisconnected('Remote end closed connection without response')) | https://prec.sxzwfw.gov.cn/jyxxgczb/1071513.jhtml
  [历史搜索] 山西省长治市壶关县高级中学建设项目施工
  [历史回填] 搜索项目：山西省长治市壶关县高级中学建设项目施工
  [POST失败1/3] ConnectionError: ('Connection aborted.', ConnectionResetError(104, 'Connection reset by peer')) | https://prec.sxzwfw.gov.cn/queryContent-jyxx.jspx
  [POST失败1/3] ConnectionError: ('Connection aborted.', RemoteDisconnected('Remote end closed connection without response')) | https://prec.sxzwfw.gov.cn/queryContent-jyxx.jspx
  [POST失败2/3] ConnectionError: ('Connection aborted.', ConnectionResetError(104, 'Connection reset by peer')) | https://prec.sxzwfw.gov.cn/queryContent-jyxx.jspx
    ✓ 历史招标公告
  → upsert 完成：招标公告

  [跳过-控制价] 宁武县县道石家庄至黄道川(K6+000-K12+070段)公路改造工程施工项目(1标段)招标控制价

  [跳过-控制价] 忻州市第一中学10KV增容工程施工项目(1标段)招标控制价

  [跳过-控制价] 偏关县2025年较大人口规模自然村通硬化路项目第一标段项目(1标段)招标控制价

  [招标公告] 偏关县2025年较大人口规模自然村通硬化路项目第一标段
  [历史搜索] 偏关县2025年较大人口规模自然村通硬化路项目第一标段
  [历史回填] 搜索项目：偏关县2025年较大人口规模自然村通硬化路项目第一标段
    ✓ 历史招标公告
  [POST失败1/3] ReadTimeout: HTTPSConnectionPool(host='prec.sxzwfw.gov.cn', port=443): Read timed out. (read timeout=18) | https://prec.sxzwfw.gov.cn/queryContent-jyxx.jspx
  [POST失败2/3] ConnectionError: ('Connection aborted.', ConnectionResetError(104, 'Connection reset by peer')) | https://prec.sxzwfw.gov.cn/queryContent-jyxx.jspx
  [POST失败3/3] ReadTimeout: HTTPSConnectionPool(host='prec.sxzwfw.gov.cn', port=443): Read timed out. (read timeout=18) | https://prec.sxzwfw.gov.cn/queryContent-jyxx.jspx
  [POST失败1/3] ConnectionError: ('Connection aborted.', RemoteDisconnected('Remote end closed connection without response')) | https://prec.sxzwfw.gov.cn/queryContent-jyxx.jspx
  → upsert 完成：招标公告

  [招标公告] 忻州市第一中学10KV增容工程施工
  [GET失败1/3] ConnectionError: ('Connection aborted.', RemoteDisconnected('Remote end closed connection without response')) | https://prec.sxzwfw.gov.cn/jyxxgczb/1071432.jhtml
  [GET失败2/3] ConnectionError: ('Connection aborted.', RemoteDisconnected('Remote end closed connection without response')) | https://prec.sxzwfw.gov.cn/jyxxgczb/1071432.jhtml
  [GET失败3/3] ConnectionError: ('Connection aborted.', RemoteDisconnected('Remote end closed connection without response')) | https://prec.sxzwfw.gov.cn/jyxxgczb/1071432.jhtml
  [历史搜索] 忻州市第一中学10KV增容工程施工
  [历史回填] 搜索项目：忻州市第一中学10KV增容工程施工
  [POST失败1/3] ConnectionError: ('Connection aborted.', ConnectionResetError(104, 'Connection reset by peer')) | https://prec.sxzwfw.gov.cn/queryContent-jyxx.jspx
  [POST失败2/3] ConnectionError: ('Connection aborted.', RemoteDisconnected('Remote end closed connection without response')) | https://prec.sxzwfw.gov.cn/queryContent-jyxx.jspx
  [POST失败3/3] ConnectionError: ('Connection aborted.', ConnectionResetError(104, 'Connection reset by peer')) | https://prec.sxzwfw.gov.cn/queryContent-jyxx.jspx
  [POST失败1/3] ConnectionError: ('Connection aborted.', ConnectionResetError(104, 'Connection reset by peer')) | https://prec.sxzwfw.gov.cn/queryContent-jyxx.jspx
    ✓ 历史招标公告
  [POST失败1/3] ConnectionError: ('Connection aborted.', RemoteDisconnected('Remote end closed connection without response')) | https://prec.sxzwfw.gov.cn/queryContent-jyxx.jspx
  [POST失败1/3] ConnectionError: ('Connection aborted.', ConnectionResetError(104, 'Connection reset by peer')) | https://prec.sxzwfw.gov.cn/queryContent-jyxx.jspx
  [POST失败2/3] ConnectionError: ('Connection aborted.', RemoteDisconnected('Remote end closed connection without response')) | https://prec.sxzwfw.gov.cn/queryContent-jyxx.jspx
  [POST失败3/3] ConnectionError: ('Connection aborted.', RemoteDisconnected('Remote end closed connection without response')) | https://prec.sxzwfw.gov.cn/queryContent-jyxx.jspx
  [POST失败1/3] ConnectionError: ('Connection aborted.', RemoteDisconnected('Remote end closed connection without response')) | https://prec.sxzwfw.gov.cn/queryContent-jyxx.jspx
  → upsert 完成：招标公告

  [招标公告] 宁武县县道石家庄至黄道川(K6+000-K12+070段)公路改造工程施工
  [历史搜索] 宁武县县道石家庄至黄道川(K6+000-K12+070段)公路改造工程施工
  [历史回填] 搜索项目：宁武县县道石家庄至黄道川(K6+000-K12+070段)公路改造工程施工
  [POST失败1/3] ConnectionError: ('Connection aborted.', ConnectionResetError(104, 'Connection reset by peer')) | https://prec.sxzwfw.gov.cn/queryContent-jyxx.jspx
  [POST失败1/3] ConnectionError: ('Connection aborted.', RemoteDisconnected('Remote end closed connection without response')) | https://prec.sxzwfw.gov.cn/queryContent-jyxx.jspx
  [POST失败1/3] ConnectionError: ('Connection aborted.', RemoteDisconnected('Remote end closed connection without response')) | https://prec.sxzwfw.gov.cn/queryContent-jyxx.jspx
  → upsert 完成：招标公告

  [招标公告] 山西天泽煤化工集团股份公司煤气化厂铁路专用线尿素运输配套项目工程检测服务
  [历史搜索] 山西天泽煤化工集团股份公司煤气化厂铁路专用线尿素运输配套项目工程检测服务
  [历史回填] 搜索项目：山西天泽煤化工集团股份公司煤气化厂铁路专用线尿素运输配套项目工程检测服务
  [GET失败1/3] ConnectionError: ('Connection aborted.', ConnectionResetError(104, 'Connection reset by peer')) | https://prec.sxzwfw.gov.cn/jyxxgczb/1071418.jhtml
    ✓ 历史招标公告
  → upsert 完成：招标公告

  [跳过-控制价] 运城学院消防安全改造及育人环境提升项目招标控制价

  [招标公告] 盐湖区公共实训基地建设项目建筑安装工程
  [GET失败1/3] ReadTimeout: HTTPSConnectionPool(host='prec.sxzwfw.gov.cn', port=443): Read timed out. (read timeout=15) | https://prec.sxzwfw.gov.cn/jyxxgczb/1071390.jhtml
  [历史搜索] 盐湖区公共实训基地建设项目建筑安装工程
  [历史回填] 搜索项目：盐湖区公共实训基地建设项目建筑安装工程
    ✓ 历史招标计划
    ✓ 历史招标公告
  [POST失败1/3] ConnectionError: ('Connection aborted.', ConnectionResetError(104, 'Connection reset by peer')) | https://prec.sxzwfw.gov.cn/queryContent-jyxx.jspx
  → upsert 完成：招标公告

  [招标公告] 运城经济技术开发区汤里街（司马温公路-港南大道）道路工程雨水工程及（K0+517.09-K0+620段）道路工程监理项目
  [历史搜索] 运城经济技术开发区汤里街（司马温公路-港南大道）道路工程雨水工程及（K0+517.09-K0+620段）道路工程监理项目
  [历史回填] 搜索项目：运城经济技术开发区汤里街（司马温公路-港南大道）道路工程雨水工程及（K0+517.09-K0+620段）道路工程监理项目
  [POST失败1/3] ConnectionError: ('Connection aborted.', RemoteDisconnected('Remote end closed connection without response')) | https://prec.sxzwfw.gov.cn/queryContent-jyxx.jspx
  [POST失败1/3] ReadTimeout: HTTPSConnectionPool(host='prec.sxzwfw.gov.cn', port=443): Read timed out. (read timeout=18) | https://prec.sxzwfw.gov.cn/queryContent-jyxx.jspx
  [POST失败2/3] ProxyError: HTTPSConnectionPool(host='prec.sxzwfw.gov.cn', port=443): Max retries exceeded with url: /queryContent-jyxx.jspx (Caused by ProxyError('Unable to connect to proxy', OSError('Tunnel connection failed: 436 Proxy Authentication Failed'))) | https://prec.sxzwfw.gov.cn/queryContent-jyxx.jspx
  [POST失败1/3] ConnectionError: ('Connection aborted.', RemoteDisconnected('Remote end closed connection without response')) | https://prec.sxzwfw.gov.cn/queryContent-jyxx.jspx
  → upsert 完成：招标公告

  [招标公告] 运城经济技术开发区汤里街（司马温公路-港南大道）道路工程雨水工程及（K0+517.09-K0+620段）道路工程施工项目
  [历史搜索] 运城经济技术开发区汤里街（司马温公路-港南大道）道路工程雨水工程及（K0+517.09-K0+620段）道路工程施工项目
  [历史回填] 搜索项目：运城经济技术开发区汤里街（司马温公路-港南大道）道路工程雨水工程及（K0+517.09-K0+620段）道路工程施工项目
  [POST失败1/3] ConnectionError: ('Connection aborted.', ConnectionResetError(104, 'Connection reset by peer')) | https://prec.sxzwfw.gov.cn/queryContent-jyxx.jspx
  [POST失败1/3] ConnectionError: ('Connection aborted.', ConnectionResetError(104, 'Connection reset by peer')) | https://prec.sxzwfw.gov.cn/queryContent-jyxx.jspx
  [POST失败2/3] ReadTimeout: HTTPSConnectionPool(host='prec.sxzwfw.gov.cn', port=443): Read timed out. (read timeout=18) | https://prec.sxzwfw.gov.cn/queryContent-jyxx.jspx
  → upsert 完成：招标公告

  [招标公告] 平陆县平洪线(南坡-西祁)道路改造工程
  [历史搜索] 平陆县平洪线(南坡-西祁)道路改造工程
  [历史回填] 搜索项目：平陆县平洪线(南坡-西祁)道路改造工程
    ✓ 历史招标计划
  [POST失败1/3] ReadTimeout: HTTPSConnectionPool(host='prec.sxzwfw.gov.cn', port=443): Read timed out. (read timeout=18) | https://prec.sxzwfw.gov.cn/queryContent-jyxx.jspx
  [POST失败2/3] ReadTimeout: HTTPSConnectionPool(host='prec.sxzwfw.gov.cn', port=443): Read timed out. (read timeout=18) | https://prec.sxzwfw.gov.cn/queryContent-jyxx.jspx
  [POST失败3/3] ConnectionError: ('Connection aborted.', ConnectionResetError(104, 'Connection reset by peer')) | https://prec.sxzwfw.gov.cn/queryContent-jyxx.jspx
  [POST失败1/3] ConnectionError: ('Connection aborted.', ConnectionResetError(104, 'Connection reset by peer')) | https://prec.sxzwfw.gov.cn/queryContent-jyxx.jspx
  → upsert 完成：招标公告

===== 第三步：变更公告 =====
  [列表] channelId=13 第1页...
  [列表] 总条数=12，当前已获取=10
  [列表] channelId=13 第2页...
  [POST失败1/3] ConnectionError: ('Connection aborted.', ConnectionResetError(104, 'Connection reset by peer')) | https://prec.sxzwfw.gov.cn/queryContent_2-jyxx.jspx
  [列表] 总条数=12，当前已获取=12
  [列表] 共 12 条

  [变更公告] 阳泉市城区雨污分流源头治理及错接混接改造项目（1-3标段）施工
  [历史搜索] 阳泉市城区雨污分流源头治理及错接混接改造项目（1-3标段）施工
  [历史回填] 搜索项目：阳泉市城区雨污分流源头治理及错接混接改造项目（1-3标段）施工
  [POST失败1/3] ConnectionError: ('Connection aborted.', ConnectionResetError(104, 'Connection reset by peer')) | https://prec.sxzwfw.gov.cn/queryContent-jyxx.jspx
  [POST失败2/3] ConnectionError: ('Connection aborted.', ConnectionResetError(104, 'Connection reset by peer')) | https://prec.sxzwfw.gov.cn/queryContent-jyxx.jspx
  [POST失败3/3] ConnectionError: ('Connection aborted.', ConnectionResetError(104, 'Connection reset by peer')) | https://prec.sxzwfw.gov.cn/queryContent-jyxx.jspx
  → upsert 完成：变更公告

  [延期公告] 汾阳市三泉河（三泉镇段）山洪沟治理工程施工项目招标
  [历史搜索] 汾阳市三泉河（三泉镇段）山洪沟治理工程施工项目招标
  [历史回填] 搜索项目：汾阳市三泉河（三泉镇段）山洪沟治理工程施工项目招标
    ✓ 历史招标公告
  [POST失败1/3] ConnectionError: ('Connection aborted.', ConnectionResetError(104, 'Connection reset by peer')) | https://prec.sxzwfw.gov.cn/queryContent-jyxx.jspx
  → upsert 完成：延期公告

  [延期公告] 汾阳市三泉河（三泉镇段）山洪沟治理工程监理项目招标
  [历史搜索] 汾阳市三泉河（三泉镇段）山洪沟治理工程监理项目招标
  [历史回填] 搜索项目：汾阳市三泉河（三泉镇段）山洪沟治理工程监理项目招标
    ✓ 历史招标公告
  [POST失败1/3] ConnectionError: ('Connection aborted.', ConnectionResetError(104, 'Connection reset by peer')) | https://prec.sxzwfw.gov.cn/queryContent-jyxx.jspx
  → upsert 完成：延期公告

  [变更公告] 垣曲县允西河灌区续建配套与现代化改造项目
  [历史搜索] 垣曲县允西河灌区续建配套与现代化改造项目
  [历史回填] 搜索项目：垣曲县允西河灌区续建配套与现代化改造项目
  [POST失败1/3] ConnectionError: ('Connection aborted.', RemoteDisconnected('Remote end closed connection without response')) | https://prec.sxzwfw.gov.cn/queryContent-jyxx.jspx
    ✓ 历史招标计划
    ✓ 历史招标公告
  → upsert 完成：变更公告

  [变更公告] 万荣县2026年农村公路建设工程(大谢至吴村、徐家崖进村路、仓里通村路)
  [历史搜索] 万荣县2026年农村公路建设工程(大谢至吴村、徐家崖进村路、仓里通村路)
  [历史回填] 搜索项目：万荣县2026年农村公路建设工程(大谢至吴村、徐家崖进村路、仓里通村路)
  [POST失败1/3] ConnectionError: ('Connection aborted.', ConnectionResetError(104, 'Connection reset by peer')) | https://prec.sxzwfw.gov.cn/queryContent-jyxx.jspx
    ✓ 历史招标公告
  → upsert 完成：变更公告

  [延期公告] 长治市潞城区综合养老服务中心项目EPC总承包四次
  [历史搜索] 长治市潞城区综合养老服务中心项目EPC总承包四次
  [历史回填] 搜索项目：长治市潞城区综合养老服务中心项目EPC总承包四次
  [POST失败1/3] ConnectionError: ('Connection aborted.', ConnectionResetError(104, 'Connection reset by peer')) | https://prec.sxzwfw.gov.cn/queryContent-jyxx.jspx
  → upsert 完成：延期公告

  [变更公告] 汾阳市三泉河（三泉镇段）山洪沟治理工程监理项目招标
  [历史搜索] 汾阳市三泉河（三泉镇段）山洪沟治理工程监理项目招标
  [历史回填] 搜索项目：汾阳市三泉河（三泉镇段）山洪沟治理工程监理项目招标
  [POST失败1/3] ReadTimeout: HTTPSConnectionPool(host='prec.sxzwfw.gov.cn', port=443): Read timed out. (read timeout=18) | https://prec.sxzwfw.gov.cn/queryContent-jyxx.jspx
  [POST失败2/3] ReadTimeout: HTTPSConnectionPool(host='prec.sxzwfw.gov.cn', port=443): Read timed out. (read timeout=18) | https://prec.sxzwfw.gov.cn/queryContent-jyxx.jspx
  [POST失败1/3] ProxyError: HTTPSConnectionPool(host='prec.sxzwfw.gov.cn', port=443): Max retries exceeded with url: /queryContent-jyxx.jspx (Caused by ProxyError('Unable to connect to proxy', OSError('Tunnel connection failed: 618 Internal Server Error'))) | https://prec.sxzwfw.gov.cn/queryContent-jyxx.jspx
  [POST失败2/3] ReadTimeout: HTTPSConnectionPool(host='prec.sxzwfw.gov.cn', port=443): Read timed out. (read timeout=18) | https://prec.sxzwfw.gov.cn/queryContent-jyxx.jspx
  [POST失败3/3] ReadTimeout: HTTPSConnectionPool(host='prec.sxzwfw.gov.cn', port=443): Read timed out. (read timeout=18) | https://prec.sxzwfw.gov.cn/queryContent-jyxx.jspx
  [POST失败1/3] ReadTimeout: HTTPSConnectionPool(host='prec.sxzwfw.gov.cn', port=443): Read timed out. (read timeout=18) | https://prec.sxzwfw.gov.cn/queryContent-jyxx.jspx
  [POST失败1/3] ConnectionError: ('Connection aborted.', RemoteDisconnected('Remote end closed connection without response')) | https://prec.sxzwfw.gov.cn/queryContent-jyxx.jspx
  → upsert 完成：变更公告

  [变更公告] 汾阳市三泉河（三泉镇段）山洪沟治理工程施工项目招标
  [历史搜索] 汾阳市三泉河（三泉镇段）山洪沟治理工程施工项目招标
  [历史回填] 搜索项目：汾阳市三泉河（三泉镇段）山洪沟治理工程施工项目招标
  [POST失败1/3] ReadTimeout: HTTPSConnectionPool(host='prec.sxzwfw.gov.cn', port=443): Read timed out. (read timeout=18) | https://prec.sxzwfw.gov.cn/queryContent-jyxx.jspx
  [POST失败2/3] ConnectionError: ('Connection aborted.', RemoteDisconnected('Remote end closed connection without response')) | https://prec.sxzwfw.gov.cn/queryContent-jyxx.jspx
  [POST失败3/3] ConnectionError: ('Connection aborted.', ConnectionResetError(104, 'Connection reset by peer')) | https://prec.sxzwfw.gov.cn/queryContent-jyxx.jspx
  [GET失败1/3] ReadTimeout: HTTPSConnectionPool(host='prec.sxzwfw.gov.cn', port=443): Read timed out. (read timeout=15) | https://prec.sxzwfw.gov.cn/jyxxgczb/1066088.jhtml
    ✓ 历史招标公告
  → upsert 完成：变更公告

  [变更公告] 古县北平镇农村供水高质量发展提升工程勘察答疑公告
  [历史搜索] 古县北平镇农村供水高质量发展提升工程勘察答疑公告
  [历史回填] 搜索项目：古县北平镇农村供水高质量发展提升工程勘察答疑公告
  [POST失败1/3] ReadTimeout: HTTPSConnectionPool(host='prec.sxzwfw.gov.cn', port=443): Read timed out. (read timeout=18) | https://prec.sxzwfw.gov.cn/queryContent-jyxx.jspx
  [POST失败1/3] ReadTimeout: HTTPSConnectionPool(host='prec.sxzwfw.gov.cn', port=443): Read timed out. (read timeout=18) | https://prec.sxzwfw.gov.cn/queryContent-jyxx.jspx
  → upsert 完成：变更公告

  [变更公告] 翼城县集中供热管网改造及新能源热源替代项目施工二标段二次
  [历史搜索] 翼城县集中供热管网改造及新能源热源替代项目施工二标段二次
  [历史回填] 搜索项目：翼城县集中供热管网改造及新能源热源替代项目施工二标段二次
  [POST失败1/3] ProxyError: HTTPSConnectionPool(host='prec.sxzwfw.gov.cn', port=443): Max retries exceeded with url: /queryContent-jyxx.jspx (Caused by ProxyError('Unable to connect to proxy', OSError('Tunnel connection failed: 618 Internal Server Error'))) | https://prec.sxzwfw.gov.cn/queryContent-jyxx.jspx
  → upsert 完成：变更公告

  [延期公告] 潞安职业技术学院（东校区）消防改造施工项目
  [历史搜索] 潞安职业技术学院（东校区）消防改造施工项目
  [历史回填] 搜索项目：潞安职业技术学院（东校区）消防改造施工项目
  [POST失败1/3] ConnectionError: ('Connection aborted.', ConnectionResetError(104, 'Connection reset by peer')) | https://prec.sxzwfw.gov.cn/queryContent-jyxx.jspx
    ✓ 历史招标公告
  [POST失败1/3] ConnectionError: ('Connection aborted.', ConnectionResetError(104, 'Connection reset by peer')) | https://prec.sxzwfw.gov.cn/queryContent-jyxx.jspx
  [POST失败2/3] ProxyError: HTTPSConnectionPool(host='prec.sxzwfw.gov.cn', port=443): Max retries exceeded with url: /queryContent-jyxx.jspx (Caused by ProxyError('Unable to connect to proxy', OSError('Tunnel connection failed: 407 Proxy Authentication Required'))) | https://prec.sxzwfw.gov.cn/queryContent-jyxx.jspx
  → upsert 完成：延期公告

  [延期公告] 晋城市建筑垃圾资源化利用项目特许经营者（二次）招标
  [历史搜索] 晋城市建筑垃圾资源化利用项目特许经营者（二次）招标
  [历史回填] 搜索项目：晋城市建筑垃圾资源化利用项目特许经营者（二次）招标
    ✓ 历史招标公告
  [POST失败1/3] ReadTimeout: HTTPSConnectionPool(host='prec.sxzwfw.gov.cn', port=443): Read timed out. (read timeout=18) | https://prec.sxzwfw.gov.cn/queryContent-jyxx.jspx
  [POST失败1/3] ReadTimeout: HTTPSConnectionPool(host='prec.sxzwfw.gov.cn', port=443): Read timed out. (read timeout=18) | https://prec.sxzwfw.gov.cn/queryContent-jyxx.jspx
  [POST失败1/3] ReadTimeout: HTTPSConnectionPool(host='prec.sxzwfw.gov.cn', port=443): Read timed out. (read timeout=18) | https://prec.sxzwfw.gov.cn/queryContent-jyxx.jspx
  [POST失败2/3] ConnectionError: ('Connection aborted.', ConnectionResetError(104, 'Connection reset by peer')) | https://prec.sxzwfw.gov.cn/queryContent-jyxx.jspx
  [POST失败3/3] ConnectionError: ('Connection aborted.', ConnectionResetError(104, 'Connection reset by peer')) | https://prec.sxzwfw.gov.cn/queryContent-jyxx.jspx
  → upsert 完成：延期公告

===== 第四步：中标候选人公示 =====
  [列表] channelId=14 第1页...
  [列表] 总条数=8，当前已获取=8
  [列表] 共 8 条

  [中标候选人公示] 阳城县城市更新清林沟片区综合改造工程勘察
  [历史搜索] 阳城县城市更新清林沟片区综合改造工程勘察
  [历史回填] 搜索项目：阳城县城市更新清林沟片区综合改造工程勘察
  [POST失败1/3] ConnectionError: ('Connection aborted.', ConnectionResetError(104, 'Connection reset by peer')) | https://prec.sxzwfw.gov.cn/queryContent-jyxx.jspx
    ✓ 历史招标公告
  [POST失败1/3] ProxyError: HTTPSConnectionPool(host='prec.sxzwfw.gov.cn', port=443): Max retries exceeded with url: /queryContent-jyxx.jspx (Caused by ProxyError('Unable to connect to proxy', OSError('Tunnel connection failed: 618 Internal Server Error'))) | https://prec.sxzwfw.gov.cn/queryContent-jyxx.jspx
    ✓ 历史候选人监督部门
  → upsert 完成：中标候选人公示

  [中标候选人公示] 西上庄煤矿无轨胶轮车（001标段）中标候选人公示更正
  [GET失败1/3] ReadTimeout: HTTPSConnectionPool(host='prec.sxzwfw.gov.cn', port=443): Read timed out. (read timeout=15) | https://prec.sxzwfw.gov.cn/jyxxgchxr/1071693.jhtml
  [GET失败2/3] ConnectionError: ('Connection aborted.', ConnectionResetError(104, 'Connection reset by peer')) | https://prec.sxzwfw.gov.cn/jyxxgchxr/1071693.jhtml
  [GET失败3/3] ReadTimeout: HTTPSConnectionPool(host='prec.sxzwfw.gov.cn', port=443): Read timed out. (read timeout=15) | https://prec.sxzwfw.gov.cn/jyxxgchxr/1071693.jhtml
  [历史搜索] 西上庄煤矿无轨胶轮车（001标段）中标候选人公示更正
  [历史回填] 搜索项目：西上庄煤矿无轨胶轮车（001标段）中标候选人公示更正
  [POST失败1/3] ConnectionError: ('Connection aborted.', RemoteDisconnected('Remote end closed connection without response')) | https://prec.sxzwfw.gov.cn/queryContent-jyxx.jspx
  [POST失败1/3] ReadTimeout: HTTPSConnectionPool(host='prec.sxzwfw.gov.cn', port=443): Read timed out. (read timeout=18) | https://prec.sxzwfw.gov.cn/queryContent-jyxx.jspx
    ✓ 历史候选人监督部门
  → upsert 完成：中标候选人公示

  [中标候选人公示] 永济市2025年资源路产业路（庄子－清华）建设项目二次
  [历史搜索] 永济市2025年资源路产业路（庄子－清华）建设项目二次
  [历史回填] 搜索项目：永济市2025年资源路产业路（庄子－清华）建设项目二次
  [GET失败1/3] ConnectionError: ('Connection aborted.', ConnectionResetError(104, 'Connection reset by peer')) | https://prec.sxzwfw.gov.cn/jyxxgczb/1062719.jhtml
  [GET失败2/3] ProxyError: HTTPSConnectionPool(host='prec.sxzwfw.gov.cn', port=443): Max retries exceeded with url: /jyxxgczb/1062719.jhtml (Caused by ProxyError('Unable to connect to proxy', OSError('Tunnel connection failed: 436 Proxy Authentication Failed'))) | https://prec.sxzwfw.gov.cn/jyxxgczb/1062719.jhtml
    ✓ 历史招标公告
  [POST失败1/3] ReadTimeout: HTTPSConnectionPool(host='prec.sxzwfw.gov.cn', port=443): Read timed out. (read timeout=18) | https://prec.sxzwfw.gov.cn/queryContent-jyxx.jspx
    ✓ 历史候选人监督部门
  → upsert 完成：中标候选人公示

  [中标候选人公示] 2026年沁水县城边坡综合治理工程监理
  [历史搜索] 2026年沁水县城边坡综合治理工程监理
  [历史回填] 搜索项目：2026年沁水县城边坡综合治理工程监理
  [GET失败1/3] ReadTimeout: HTTPSConnectionPool(host='prec.sxzwfw.gov.cn', port=443): Read timed out. (read timeout=15) | https://prec.sxzwfw.gov.cn/jyxxgczb/1063872.jhtml
  [GET失败2/3] ConnectionError: ('Connection aborted.', RemoteDisconnected('Remote end closed connection without response')) | https://prec.sxzwfw.gov.cn/jyxxgczb/1063872.jhtml
  [GET失败3/3] ReadTimeout: HTTPSConnectionPool(host='prec.sxzwfw.gov.cn', port=443): Read timed out. (read timeout=15) | https://prec.sxzwfw.gov.cn/jyxxgczb/1063872.jhtml
    ✓ 历史招标公告
    ✓ 历史候选人监督部门
  → upsert 完成：中标候选人公示

  [中标候选人公示] 高平市装备制造产业园区域换热站及配套工程项目(EPC)总承包
  [历史搜索] 高平市装备制造产业园区域换热站及配套工程项目(EPC)总承包
  [历史回填] 搜索项目：高平市装备制造产业园区域换热站及配套工程项目(EPC)总承包
    ✓ 历史招标公告
  [POST失败1/3] ConnectionError: ('Connection aborted.', ConnectionResetError(104, 'Connection reset by peer')) | https://prec.sxzwfw.gov.cn/queryContent-jyxx.jspx
  [POST失败2/3] ReadTimeout: HTTPSConnectionPool(host='prec.sxzwfw.gov.cn', port=443): Read timed out. (read timeout=18) | https://prec.sxzwfw.gov.cn/queryContent-jyxx.jspx
  [POST失败3/3] ReadTimeout: HTTPSConnectionPool(host='prec.sxzwfw.gov.cn', port=443): Read timed out. (read timeout=18) | https://prec.sxzwfw.gov.cn/queryContent-jyxx.jspx
  [GET失败1/3] ProxyError: HTTPSConnectionPool(host='prec.sxzwfw.gov.cn', port=443): Max retries exceeded with url: /jyxxgchxr/1071497.jhtml (Caused by ProxyError('Unable to connect to proxy', OSError('Tunnel connection failed: 436 Proxy Authentication Failed'))) | https://prec.sxzwfw.gov.cn/jyxxgchxr/1071497.jhtml
    ✓ 历史候选人监督部门
  [POST失败1/3] ProxyError: HTTPSConnectionPool(host='prec.sxzwfw.gov.cn', port=443): Max retries exceeded with url: /queryContent-jyxx.jspx (Caused by ProxyError('Unable to connect to proxy', OSError('Tunnel connection failed: 618 Internal Server Error'))) | https://prec.sxzwfw.gov.cn/queryContent-jyxx.jspx
  → upsert 完成：中标候选人公示

  [中标候选人公示] 太原市西山地表水厂供水工程一取水泵站(引黄原水)工程取水泵站水泵采购
  [GET失败1/3] ReadTimeout: HTTPSConnectionPool(host='prec.sxzwfw.gov.cn', port=443): Read timed out. (read timeout=15) | https://prec.sxzwfw.gov.cn/jyxxgchxr/1071456.jhtml
  [GET失败2/3] ReadTimeout: HTTPSConnectionPool(host='prec.sxzwfw.gov.cn', port=443): Read timed out. (read timeout=15) | https://prec.sxzwfw.gov.cn/jyxxgchxr/1071456.jhtml
  [GET失败3/3] ConnectionError: ('Connection aborted.', ConnectionResetError(104, 'Connection reset by peer')) | https://prec.sxzwfw.gov.cn/jyxxgchxr/1071456.jhtml
  [历史搜索] 太原市西山地表水厂供水工程一取水泵站(引黄原水)工程取水泵站水泵采购
  [历史回填] 搜索项目：太原市西山地表水厂供水工程一取水泵站(引黄原水)工程取水泵站水泵采购
    ✓ 历史招标公告
    ✓ 历史候选人监督部门
  → upsert 完成：中标候选人公示

  [中标候选人公示] 繁峙县资源路产业路108国道-上西庄公路改造工程施工项目
  [历史搜索] 繁峙县资源路产业路108国道-上西庄公路改造工程施工项目
  [历史回填] 搜索项目：繁峙县资源路产业路108国道-上西庄公路改造工程施工项目
    ✓ 历史候选人监督部门
  → upsert 完成：中标候选人公示

  [中标候选人公示] 安达燃气(金岩焦化--金晖焦化)燃气管道工程二期施工项目第一标段
  [历史搜索] 安达燃气(金岩焦化--金晖焦化)燃气管道工程二期施工项目第一标段
  [历史回填] 搜索项目：安达燃气(金岩焦化--金晖焦化)燃气管道工程二期施工项目第一标段
  → upsert 完成：中标候选人公示

===== 第五步：中标结果公示 =====
  [列表] channelId=15 第1页...
  [列表] 总条数=88，当前已获取=10
  [列表] channelId=15 第2页...
  [列表] 总条数=88，当前已获取=20
  [列表] channelId=15 第3页...
  [列表] 总条数=88，当前已获取=30
  [列表] channelId=15 第4页...
  [列表] 总条数=88，当前已获取=40
  [列表] channelId=15 第5页...
  [列表] 总条数=88，当前已获取=50
  [列表] channelId=15 第6页...
  [列表] 总条数=88，当前已获取=60
  [列表] channelId=15 第7页...
  [POST失败1/3] ReadTimeout: HTTPSConnectionPool(host='prec.sxzwfw.gov.cn', port=443): Read timed out. (read timeout=18) | https://prec.sxzwfw.gov.cn/queryContent_7-jyxx.jspx
  [列表] 总条数=88，当前已获取=70
  [列表] channelId=15 第8页...
  [列表] 总条数=88，当前已获取=80
  [列表] channelId=15 第9页...
  [列表] 总条数=88，当前已获取=88
  [列表] 共 88 条

  [中标结果公示] 天镇县G512-宏兴实业公司等四条资源路、产业路改造工程
  [历史搜索] 天镇县G512-宏兴实业公司等四条资源路、产业路改造工程
  [历史回填] 搜索项目：天镇县G512-宏兴实业公司等四条资源路、产业路改造工程
    ✓ 历史招标计划
    ✓ 历史招标公告
  [POST失败1/3] ReadTimeout: HTTPSConnectionPool(host='prec.sxzwfw.gov.cn', port=443): Read timed out. (read timeout=18) | https://prec.sxzwfw.gov.cn/queryContent-jyxx.jspx
    ✓ 历史候选人监督部门
  [GET失败1/3] ReadTimeout: HTTPSConnectionPool(host='prec.sxzwfw.gov.cn', port=443): Read timed out. (read timeout=15) | https://prec.sxzwfw.gov.cn/jyxxgcgs/1071748.jhtml
    ✓ 历史结果监督部门
  → upsert 完成：中标结果公示

  [中标结果公示] 运城市南风广场基础设施维修改造项目
  [历史搜索] 运城市南风广场基础设施维修改造项目
  [历史回填] 搜索项目：运城市南风广场基础设施维修改造项目
  [POST失败1/3] ProxyError: HTTPSConnectionPool(host='prec.sxzwfw.gov.cn', port=443): Max retries exceeded with url: /queryContent-jyxx.jspx (Caused by ProxyError('Unable to connect to proxy', RemoteDisconnected('Remote end closed connection without response'))) | https://prec.sxzwfw.gov.cn/queryContent-jyxx.jspx
    ✓ 历史招标计划
    ✓ 历史招标公告
    ✓ 历史候选人监督部门
    ✓ 历史结果监督部门
  → upsert 完成：中标结果公示

  [中标结果公示] 运城市南风广场基础设施维修改造项目
  [历史搜索] 运城市南风广场基础设施维修改造项目
  [历史回填] 搜索项目：运城市南风广场基础设施维修改造项目
    ✓ 历史招标计划
    ✓ 历史招标公告
    ✓ 历史候选人监督部门
    ✓ 历史结果监督部门
  → upsert 完成：中标结果公示

  [中标结果公示] 清徐县集中供热联网扩容改造工程监理
  [历史搜索] 清徐县集中供热联网扩容改造工程监理
  [历史回填] 搜索项目：清徐县集中供热联网扩容改造工程监理
  [POST失败1/3] ConnectionError: ('Connection aborted.', RemoteDisconnected('Remote end closed connection without response')) | https://prec.sxzwfw.gov.cn/queryContent-jyxx.jspx
    ✓ 历史招标公告
    ✓ 历史候选人监督部门
    ✓ 历史结果监督部门
  → upsert 完成：中标结果公示

  [中标结果公示] 大同市云冈区供水管网及设施更新改造项目
  [历史搜索] 大同市云冈区供水管网及设施更新改造项目
  [历史回填] 搜索项目：大同市云冈区供水管网及设施更新改造项目
    ✓ 历史招标计划
    ✓ 历史招标公告
    ✓ 历史候选人监督部门
    ✓ 历史结果监督部门
  → upsert 完成：中标结果公示

  [中标结果公示] 原平市城市供热老旧管网改造工程材料暂估价采购项目
  [历史搜索] 原平市城市供热老旧管网改造工程材料暂估价采购项目
  [历史回填] 搜索项目：原平市城市供热老旧管网改造工程材料暂估价采购项目
  [POST失败1/3] ReadTimeout: HTTPSConnectionPool(host='prec.sxzwfw.gov.cn', port=443): Read timed out. (read timeout=18) | https://prec.sxzwfw.gov.cn/queryContent-jyxx.jspx
    ✓ 历史招标公告
  [POST失败1/3] ConnectionError: ('Connection aborted.', ConnectionResetError(104, 'Connection reset by peer')) | https://prec.sxzwfw.gov.cn/queryContent-jyxx.jspx
    ✓ 历史候选人监督部门
  [POST失败1/3] ConnectionError: ('Connection aborted.', ConnectionResetError(104, 'Connection reset by peer')) | https://prec.sxzwfw.gov.cn/queryContent-jyxx.jspx
    ✓ 历史结果监督部门
  → upsert 完成：中标结果公示

  [中标结果公示] 大同市晋北地区高原风沙源生态保护和修复项目桦林背林场2026年非沙化土地人工种草、封山育林
  [历史搜索] 大同市晋北地区高原风沙源生态保护和修复项目桦林背林场2026年非沙化土地人工种草、封山育林
  [历史回填] 搜索项目：大同市晋北地区高原风沙源生态保护和修复项目桦林背林场2026年非沙化土地人工种草、封山育林
    ✓ 历史招标公告
  [POST失败1/3] ConnectionError: ('Connection aborted.', ConnectionResetError(104, 'Connection reset by peer')) | https://prec.sxzwfw.gov.cn/queryContent-jyxx.jspx
  [POST失败1/3] ReadTimeout: HTTPSConnectionPool(host='prec.sxzwfw.gov.cn', port=443): Read timed out. (read timeout=18) | https://prec.sxzwfw.gov.cn/queryContent-jyxx.jspx
  [POST失败2/3] ConnectionError: ('Connection aborted.', ConnectionResetError(104, 'Connection reset by peer')) | https://prec.sxzwfw.gov.cn/queryContent-jyxx.jspx
    ✓ 历史候选人监督部门
    ✓ 历史结果监督部门
  → upsert 完成：中标结果公示

  [中标结果公示] 大同市晋北地区高原风沙源生态保护和修复项目桦林背林场2026年非沙化土地人工种草、封山育林
  [历史搜索] 大同市晋北地区高原风沙源生态保护和修复项目桦林背林场2026年非沙化土地人工种草、封山育林
  [历史回填] 搜索项目：大同市晋北地区高原风沙源生态保护和修复项目桦林背林场2026年非沙化土地人工种草、封山育林
    ✓ 历史招标公告
  [GET失败1/3] ProxyError: HTTPSConnectionPool(host='prec.sxzwfw.gov.cn', port=443): Max retries exceeded with url: /jyxxgchxr/1069720.jhtml (Caused by ProxyError('Unable to connect to proxy', OSError('Tunnel connection failed: 618 Internal Server Error'))) | https://prec.sxzwfw.gov.cn/jyxxgchxr/1069720.jhtml
    ✓ 历史候选人监督部门
    ✓ 历史结果监督部门
  → upsert 完成：中标结果公示

  [中标结果公示] 大同市晋北地区高原风沙源生态保护和修复项目桦林背林场2026年非沙化土地人工种草、封山育林
  [历史搜索] 大同市晋北地区高原风沙源生态保护和修复项目桦林背林场2026年非沙化土地人工种草、封山育林
  [历史回填] 搜索项目：大同市晋北地区高原风沙源生态保护和修复项目桦林背林场2026年非沙化土地人工种草、封山育林
    ✓ 历史招标公告
  [POST失败1/3] ConnectionError: ('Connection aborted.', ConnectionResetError(104, 'Connection reset by peer')) | https://prec.sxzwfw.gov.cn/queryContent-jyxx.jspx
  [POST失败2/3] ConnectionError: ('Connection aborted.', ConnectionResetError(104, 'Connection reset by peer')) | https://prec.sxzwfw.gov.cn/queryContent-jyxx.jspx
    ✓ 历史候选人监督部门
    ✓ 历史结果监督部门
  → upsert 完成：中标结果公示

  [中标结果公示] 大同市晋北地区高原风沙源生态保护和修复项目桦林背林场2026年非沙化土地人工种草、封山育林
  [历史搜索] 大同市晋北地区高原风沙源生态保护和修复项目桦林背林场2026年非沙化土地人工种草、封山育林
  [历史回填] 搜索项目：大同市晋北地区高原风沙源生态保护和修复项目桦林背林场2026年非沙化土地人工种草、封山育林
    ✓ 历史招标公告
    ✓ 历史候选人监督部门
    ✓ 历史结果监督部门
  → upsert 完成：中标结果公示

  [中标结果公示] 大同市晋北地区高原风沙源生态保护和修复项目桦林背林场2026年非沙化土地人工种草、封山育林
  [GET失败1/3] ProxyError: HTTPSConnectionPool(host='prec.sxzwfw.gov.cn', port=443): Max retries exceeded with url: /jyxxgcgs/1071633.jhtml (Caused by ProxyError('Unable to connect to proxy', OSError('Tunnel connection failed: 407 Proxy Authentication Required'))) | https://prec.sxzwfw.gov.cn/jyxxgcgs/1071633.jhtml
  [GET失败2/3] ReadTimeout: HTTPSConnectionPool(host='prec.sxzwfw.gov.cn', port=443): Read timed out. (read timeout=15) | https://prec.sxzwfw.gov.cn/jyxxgcgs/1071633.jhtml
  [GET失败3/3] ReadTimeout: HTTPSConnectionPool(host='prec.sxzwfw.gov.cn', port=443): Read timed out. (read timeout=15) | https://prec.sxzwfw.gov.cn/jyxxgcgs/1071633.jhtml
  [历史搜索] 大同市晋北地区高原风沙源生态保护和修复项目桦林背林场2026年非沙化土地人工种草、封山育林
  [历史回填] 搜索项目：大同市晋北地区高原风沙源生态保护和修复项目桦林背林场2026年非沙化土地人工种草、封山育林
    ✓ 历史招标公告
    ✓ 历史候选人监督部门
    ✓ 历史结果监督部门
  → upsert 完成：中标结果公示

  [中标结果公示] 天镇县卅里铺乡(G512-廿里铺工业园区资源路产业路等2条)农村公路改造工程施工
  [历史搜索] 天镇县卅里铺乡(G512-廿里铺工业园区资源路产业路等2条)农村公路改造工程施工
  [历史回填] 搜索项目：天镇县卅里铺乡(G512-廿里铺工业园区资源路产业路等2条)农村公路改造工程施工
    ✓ 历史招标公告
    ✓ 历史候选人监督部门
    ✓ 历史结果监督部门
  → upsert 完成：中标结果公示

  [中标结果公示] 大同市晋北地区高原风沙源生态保护和修复项目桦林背林场2026年非沙化土地人工种草、封山育林
  [历史搜索] 大同市晋北地区高原风沙源生态保护和修复项目桦林背林场2026年非沙化土地人工种草、封山育林
  [历史回填] 搜索项目：大同市晋北地区高原风沙源生态保护和修复项目桦林背林场2026年非沙化土地人工种草、封山育林
  [GET失败1/3] ReadTimeout: HTTPSConnectionPool(host='prec.sxzwfw.gov.cn', port=443): Read timed out. (read timeout=15) | https://prec.sxzwfw.gov.cn/jyxxgczb/1061707.jhtml
    ✓ 历史招标公告
    ✓ 历史候选人监督部门
    ✓ 历史结果监督部门
  → upsert 完成：中标结果公示

  [中标结果公示] 大同市晋北地区高原风沙源生态保护和修复项目桦林背林场2026年非沙化土地人工种草、封山育林
  [历史搜索] 大同市晋北地区高原风沙源生态保护和修复项目桦林背林场2026年非沙化土地人工种草、封山育林
  [历史回填] 搜索项目：大同市晋北地区高原风沙源生态保护和修复项目桦林背林场2026年非沙化土地人工种草、封山育林
  [POST失败1/3] ReadTimeout: HTTPSConnectionPool(host='prec.sxzwfw.gov.cn', port=443): Read timed out. (read timeout=18) | https://prec.sxzwfw.gov.cn/queryContent-jyxx.jspx
  [POST失败1/3] ProxyError: HTTPSConnectionPool(host='prec.sxzwfw.gov.cn', port=443): Max retries exceeded with url: /queryContent-jyxx.jspx (Caused by ProxyError('Unable to connect to proxy', OSError('Tunnel connection failed: 639 Internal Server Error'))) | https://prec.sxzwfw.gov.cn/queryContent-jyxx.jspx
  [GET失败1/3] ReadTimeout: HTTPSConnectionPool(host='prec.sxzwfw.gov.cn', port=443): Read timed out. (read timeout=15) | https://prec.sxzwfw.gov.cn/jyxxgczb/1061707.jhtml
    ✓ 历史招标公告
    ✓ 历史候选人监督部门
    ✓ 历史结果监督部门
  → upsert 完成：中标结果公示

  [中标结果公示] 大同市晋北地区高原风沙源生态保护和修复项目桦林背林场2026年非沙化土地人工种草、封山育林
  [历史搜索] 大同市晋北地区高原风沙源生态保护和修复项目桦林背林场2026年非沙化土地人工种草、封山育林
  [历史回填] 搜索项目：大同市晋北地区高原风沙源生态保护和修复项目桦林背林场2026年非沙化土地人工种草、封山育林
  [POST失败1/3] ConnectionError: ('Connection aborted.', RemoteDisconnected('Remote end closed connection without response')) | https://prec.sxzwfw.gov.cn/queryContent-jyxx.jspx
  [POST失败2/3] ReadTimeout: HTTPSConnectionPool(host='prec.sxzwfw.gov.cn', port=443): Read timed out. (read timeout=18) | https://prec.sxzwfw.gov.cn/queryContent-jyxx.jspx
    ✓ 历史招标公告
  [GET失败1/3] ProxyError: HTTPSConnectionPool(host='prec.sxzwfw.gov.cn', port=443): Max retries exceeded with url: /jyxxgchxr/1069720.jhtml (Caused by ProxyError('Unable to connect to proxy', OSError('Tunnel connection failed: 407 Proxy Authentication Required'))) | https://prec.sxzwfw.gov.cn/jyxxgchxr/1069720.jhtml
    ✓ 历史候选人监督部门
  [POST失败1/3] ReadTimeout: HTTPSConnectionPool(host='prec.sxzwfw.gov.cn', port=443): Read timed out. (read timeout=18) | https://prec.sxzwfw.gov.cn/queryContent-jyxx.jspx
  [POST失败2/3] ConnectionError: ('Connection aborted.', ConnectionResetError(104, 'Connection reset by peer')) | https://prec.sxzwfw.gov.cn/queryContent-jyxx.jspx
  [POST失败3/3] ReadTimeout: HTTPSConnectionPool(host='prec.sxzwfw.gov.cn', port=443): Read timed out. (read timeout=18) | https://prec.sxzwfw.gov.cn/queryContent-jyxx.jspx
  → upsert 完成：中标结果公示

  [中标结果公示] 关帝山国家森林公园自然教育展示设施建设项目（第一期）施工第一标段
  [GET失败1/3] ReadTimeout: HTTPSConnectionPool(host='prec.sxzwfw.gov.cn', port=443): Read timed out. (read timeout=15) | https://prec.sxzwfw.gov.cn/jyxxgcgs/1071608.jhtml
  [历史搜索] 关帝山国家森林公园自然教育展示设施建设项目（第一期）施工第一标段
  [历史回填] 搜索项目：关帝山国家森林公园自然教育展示设施建设项目（第一期）施工第一标段
  [POST失败1/3] ReadTimeout: HTTPSConnectionPool(host='prec.sxzwfw.gov.cn', port=443): Read timed out. (read timeout=18) | https://prec.sxzwfw.gov.cn/queryContent-jyxx.jspx
  [POST失败1/3] ReadTimeout: HTTPSConnectionPool(host='prec.sxzwfw.gov.cn', port=443): Read timed out. (read timeout=18) | https://prec.sxzwfw.gov.cn/queryContent-jyxx.jspx
  [POST失败1/3] ReadTimeout: HTTPSConnectionPool(host='prec.sxzwfw.gov.cn', port=443): Read timed out. (read timeout=18) | https://prec.sxzwfw.gov.cn/queryContent-jyxx.jspx
    ✓ 历史候选人监督部门
  [GET失败1/3] ConnectionError: ('Connection aborted.', ConnectionResetError(104, 'Connection reset by peer')) | https://prec.sxzwfw.gov.cn/jyxxgcgs/1071608.jhtml
    ✓ 历史结果监督部门
  → upsert 完成：中标结果公示

  [中标结果公示] 关帝山国家森林公园自然教育展示设施建设项目（第一期）施工第二标段
  [历史搜索] 关帝山国家森林公园自然教育展示设施建设项目（第一期）施工第二标段
  [历史回填] 搜索项目：关帝山国家森林公园自然教育展示设施建设项目（第一期）施工第二标段
  [POST失败1/3] ConnectionError: ('Connection aborted.', ConnectionResetError(104, 'Connection reset by peer')) | https://prec.sxzwfw.gov.cn/queryContent-jyxx.jspx
  [POST失败1/3] ProxyError: HTTPSConnectionPool(host='prec.sxzwfw.gov.cn', port=443): Max retries exceeded with url: /queryContent-jyxx.jspx (Caused by ProxyError('Unable to connect to proxy', OSError('Tunnel connection failed: 639 Internal Server Error'))) | https://prec.sxzwfw.gov.cn/queryContent-jyxx.jspx
    ✓ 历史候选人监督部门
    ✓ 历史结果监督部门
  → upsert 完成：中标结果公示

  [中标结果公示] 杏花岭区2024年老旧小区改造项目（二期）设计施工总承包（EPC）(004标段四)
  [历史搜索] 杏花岭区2024年老旧小区改造项目（二期）设计施工总承包（EPC）(004标段四)
  [历史回填] 搜索项目：杏花岭区2024年老旧小区改造项目（二期）设计施工总承包（EPC）(004标段四)
    ✓ 历史结果监督部门
  → upsert 完成：中标结果公示

  [中标结果公示] 杏花岭区2024年老旧小区改造项目（二期）设计施工总承包（EPC）(003标段三)
  [历史搜索] 杏花岭区2024年老旧小区改造项目（二期）设计施工总承包（EPC）(003标段三)
  [历史回填] 搜索项目：杏花岭区2024年老旧小区改造项目（二期）设计施工总承包（EPC）(003标段三)
    ✓ 历史结果监督部门
  → upsert 完成：中标结果公示

  [中标结果公示] 杏花岭区2024年老旧小区改造项目（二期）设计施工总承包（EPC）(002标段二)
  [历史搜索] 杏花岭区2024年老旧小区改造项目（二期）设计施工总承包（EPC）(002标段二)
  [历史回填] 搜索项目：杏花岭区2024年老旧小区改造项目（二期）设计施工总承包（EPC）(002标段二)
    ✓ 历史结果监督部门
  → upsert 完成：中标结果公示

  [中标结果公示] 杏花岭区2024年老旧小区改造项目（二期）设计施工总承包（EPC）(001标段一)
  [历史搜索] 杏花岭区2024年老旧小区改造项目（二期）设计施工总承包（EPC）(001标段一)
  [历史回填] 搜索项目：杏花岭区2024年老旧小区改造项目（二期）设计施工总承包（EPC）(001标段一)
  [POST失败1/3] ProxyError: HTTPSConnectionPool(host='prec.sxzwfw.gov.cn', port=443): Max retries exceeded with url: /queryContent-jyxx.jspx (Caused by ProxyError('Unable to connect to proxy', OSError('Tunnel connection failed: 618 Internal Server Error'))) | https://prec.sxzwfw.gov.cn/queryContent-jyxx.jspx
    ✓ 历史结果监督部门
  → upsert 完成：中标结果公示

  [中标结果公示] 文水县崇文九年一贯制学校建设项目（一标段）施工
  [历史搜索] 文水县崇文九年一贯制学校建设项目（一标段）施工
  [历史回填] 搜索项目：文水县崇文九年一贯制学校建设项目（一标段）施工
    ✓ 历史招标公告
    ✓ 历史候选人监督部门
    ✓ 历史结果监督部门
  → upsert 完成：中标结果公示

  [中标结果公示] 天镇县高家夭-拐子沟线(旧省道S201-祁家夭入口段)、马走线-内蒙界公路改造工程施工
  [历史搜索] 天镇县高家夭-拐子沟线(旧省道S201-祁家夭入口段)、马走线-内蒙界公路改造工程施工
  [历史回填] 搜索项目：天镇县高家夭-拐子沟线(旧省道S201-祁家夭入口段)、马走线-内蒙界公路改造工程施工
    ✓ 历史招标公告
    ✓ 历史候选人监督部门
    ✓ 历史结果监督部门
  → upsert 完成：中标结果公示

  [中标结果公示] 天镇县乡道卅赵线一于家窑线公路改造工程施工
  [历史搜索] 天镇县乡道卅赵线一于家窑线公路改造工程施工
  [历史回填] 搜索项目：天镇县乡道卅赵线一于家窑线公路改造工程施工
    ✓ 历史招标公告
    ✓ 历史候选人监督部门
    ✓ 历史结果监督部门
  → upsert 完成：中标结果公示

  [中标结果公示] 杏花岭区2024年老旧小区改造项目（二期）设计施工总承包（EPC）(009标段九)
  [历史搜索] 杏花岭区2024年老旧小区改造项目（二期）设计施工总承包（EPC）(009标段九)
  [历史回填] 搜索项目：杏花岭区2024年老旧小区改造项目（二期）设计施工总承包（EPC）(009标段九)
  [GET失败1/3] ProxyError: HTTPSConnectionPool(host='prec.sxzwfw.gov.cn', port=443): Max retries exceeded with url: /jyxxgcgs/1071563.jhtml (Caused by ProxyError('Unable to connect to proxy', OSError('Tunnel connection failed: 407 Proxy Authentication Required'))) | https://prec.sxzwfw.gov.cn/jyxxgcgs/1071563.jhtml
  [GET失败2/3] ConnectionError: ('Connection aborted.', ConnectionResetError(104, 'Connection reset by peer')) | https://prec.sxzwfw.gov.cn/jyxxgcgs/1071563.jhtml
  [GET失败3/3] ReadTimeout: HTTPSConnectionPool(host='prec.sxzwfw.gov.cn', port=443): Read timed out. (read timeout=15) | https://prec.sxzwfw.gov.cn/jyxxgcgs/1071563.jhtml
    ✓ 历史结果监督部门
  → upsert 完成：中标结果公示

  [中标结果公示] 杏花岭区2024年老旧小区改造项目（二期）设计施工总承包（EPC）(008标段八)
  [历史搜索] 杏花岭区2024年老旧小区改造项目（二期）设计施工总承包（EPC）(008标段八)
  [历史回填] 搜索项目：杏花岭区2024年老旧小区改造项目（二期）设计施工总承包（EPC）(008标段八)
  [POST失败1/3] ConnectionError: ('Connection aborted.', ConnectionResetError(104, 'Connection reset by peer')) | https://prec.sxzwfw.gov.cn/queryContent-jyxx.jspx
  [POST失败2/3] ReadTimeout: HTTPSConnectionPool(host='prec.sxzwfw.gov.cn', port=443): Read timed out. (read timeout=18) | https://prec.sxzwfw.gov.cn/queryContent-jyxx.jspx
  [POST失败1/3] ConnectionError: ('Connection aborted.', ConnectionResetError(104, 'Connection reset by peer')) | https://prec.sxzwfw.gov.cn/queryContent-jyxx.jspx
  [GET失败1/3] ConnectionError: ('Connection aborted.', ConnectionResetError(104, 'Connection reset by peer')) | https://prec.sxzwfw.gov.cn/jyxxgcgs/1071562.jhtml
    ✓ 历史结果监督部门
  → upsert 完成：中标结果公示

  [中标结果公示] 杏花岭区2024年老旧小区改造项目（二期）设计施工总承包（EPC）(007标段七)
  [历史搜索] 杏花岭区2024年老旧小区改造项目（二期）设计施工总承包（EPC）(007标段七)
  [历史回填] 搜索项目：杏花岭区2024年老旧小区改造项目（二期）设计施工总承包（EPC）(007标段七)
  [POST失败1/3] ConnectionError: ('Connection aborted.', ConnectionResetError(104, 'Connection reset by peer')) | https://prec.sxzwfw.gov.cn/queryContent-jyxx.jspx
  [POST失败2/3] ConnectionError: ('Connection aborted.', ConnectionResetError(104, 'Connection reset by peer')) | https://prec.sxzwfw.gov.cn/queryContent-jyxx.jspx
  [POST失败1/3] ConnectionError: ('Connection aborted.', ConnectionResetError(104, 'Connection reset by peer')) | https://prec.sxzwfw.gov.cn/queryContent-jyxx.jspx
  [POST失败1/3] ConnectionError: ('Connection aborted.', ConnectionResetError(104, 'Connection reset by peer')) | https://prec.sxzwfw.gov.cn/queryContent-jyxx.jspx
    ✓ 历史结果监督部门
  → upsert 完成：中标结果公示

  [中标结果公示] 杏花岭区2024年老旧小区改造项目（二期）设计施工总承包（EPC）(006标段六)
  [历史搜索] 杏花岭区2024年老旧小区改造项目（二期）设计施工总承包（EPC）(006标段六)
  [历史回填] 搜索项目：杏花岭区2024年老旧小区改造项目（二期）设计施工总承包（EPC）(006标段六)
  [POST失败1/3] ConnectionError: ('Connection aborted.', ConnectionResetError(104, 'Connection reset by peer')) | https://prec.sxzwfw.gov.cn/queryContent-jyxx.jspx
  [POST失败2/3] ReadTimeout: HTTPSConnectionPool(host='prec.sxzwfw.gov.cn', port=443): Read timed out. (read timeout=18) | https://prec.sxzwfw.gov.cn/queryContent-jyxx.jspx
    ✓ 历史结果监督部门
  → upsert 完成：中标结果公示

  [中标结果公示] 杏花岭区2024年老旧小区改造项目（二期）设计施工总承包（EPC）(005标段五)
  [历史搜索] 杏花岭区2024年老旧小区改造项目（二期）设计施工总承包（EPC）(005标段五)
  [历史回填] 搜索项目：杏花岭区2024年老旧小区改造项目（二期）设计施工总承包（EPC）(005标段五)
  [POST失败1/3] ConnectionError: ('Connection aborted.', ConnectionResetError(104, 'Connection reset by peer')) | https://prec.sxzwfw.gov.cn/queryContent-jyxx.jspx
    ✓ 历史结果监督部门
  → upsert 完成：中标结果公示

  [中标结果公示] 太原市2022年小街小巷改造工程-西峰街、禧悦路-禧悦路道路工程施工
  [历史搜索] 太原市2022年小街小巷改造工程-西峰街、禧悦路-禧悦路道路工程施工
  [历史回填] 搜索项目：太原市2022年小街小巷改造工程-西峰街、禧悦路-禧悦路道路工程施工
  [POST失败1/3] ConnectionError: ('Connection aborted.', RemoteDisconnected('Remote end closed connection without response')) | https://prec.sxzwfw.gov.cn/queryContent-jyxx.jspx
  [POST失败2/3] ConnectionError: ('Connection aborted.', ConnectionResetError(104, 'Connection reset by peer')) | https://prec.sxzwfw.gov.cn/queryContent-jyxx.jspx
    ✓ 历史招标计划
    ✓ 历史招标公告
    ✓ 历史候选人监督部门
    ✓ 历史结果监督部门
  → upsert 完成：中标结果公示

  [中标结果公示] 山西蓝焰煤层气集团有限责任公司2026年和顺横岭区块煤层气勘查开发项目煤层气井钻井工程二次重新招标
  [GET失败1/3] ReadTimeout: HTTPSConnectionPool(host='prec.sxzwfw.gov.cn', port=443): Read timed out. (read timeout=15) | https://prec.sxzwfw.gov.cn/jyxxgcgs/1071521.jhtml
  [GET失败2/3] ProxyError: HTTPSConnectionPool(host='prec.sxzwfw.gov.cn', port=443): Max retries exceeded with url: /jyxxgcgs/1071521.jhtml (Caused by ProxyError('Unable to connect to proxy', OSError('Tunnel connection failed: 407 Proxy Authentication Required'))) | https://prec.sxzwfw.gov.cn/jyxxgcgs/1071521.jhtml
  [历史搜索] 山西蓝焰煤层气集团有限责任公司2026年和顺横岭区块煤层气勘查开发项目煤层气井钻井工程二次重新招标
  [历史回填] 搜索项目：山西蓝焰煤层气集团有限责任公司2026年和顺横岭区块煤层气勘查开发项目煤层气井钻井工程二次重新招标
  [POST失败1/3] ReadTimeout: HTTPSConnectionPool(host='prec.sxzwfw.gov.cn', port=443): Read timed out. (read timeout=18) | https://prec.sxzwfw.gov.cn/queryContent-jyxx.jspx
  [POST失败2/3] ReadTimeout: HTTPSConnectionPool(host='prec.sxzwfw.gov.cn', port=443): Read timed out. (read timeout=18) | https://prec.sxzwfw.gov.cn/queryContent-jyxx.jspx
  [POST失败3/3] ProxyError: HTTPSConnectionPool(host='prec.sxzwfw.gov.cn', port=443): Max retries exceeded with url: /queryContent-jyxx.jspx (Caused by ProxyError('Unable to connect to proxy', RemoteDisconnected('Remote end closed connection without response'))) | https://prec.sxzwfw.gov.cn/queryContent-jyxx.jspx
    ✓ 历史招标公告
  [POST失败1/3] ProxyError: HTTPSConnectionPool(host='prec.sxzwfw.gov.cn', port=443): Max retries exceeded with url: /queryContent-jyxx.jspx (Caused by ProxyError('Unable to connect to proxy', RemoteDisconnected('Remote end closed connection without response'))) | https://prec.sxzwfw.gov.cn/queryContent-jyxx.jspx
    ✓ 历史候选人监督部门
  [POST失败1/3] ProxyError: HTTPSConnectionPool(host='prec.sxzwfw.gov.cn', port=443): Max retries exceeded with url: /queryContent-jyxx.jspx (Caused by ProxyError('Unable to connect to proxy', RemoteDisconnected('Remote end closed connection without response'))) | https://prec.sxzwfw.gov.cn/queryContent-jyxx.jspx
  [POST失败2/3] ConnectionError: ('Connection aborted.', ConnectionResetError(104, 'Connection reset by peer')) | https://prec.sxzwfw.gov.cn/queryContent-jyxx.jspx
    ✓ 历史结果监督部门
  → upsert 完成：中标结果公示

  [中标结果公示] 2025年长治市潞州区雨污分流管网改造项目监理
  [历史搜索] 2025年长治市潞州区雨污分流管网改造项目监理
  [历史回填] 搜索项目：2025年长治市潞州区雨污分流管网改造项目监理
  [POST失败1/3] ProxyError: HTTPSConnectionPool(host='prec.sxzwfw.gov.cn', port=443): Max retries exceeded with url: /queryContent-jyxx.jspx (Caused by ProxyError('Unable to connect to proxy', OSError('Tunnel connection failed: 618 Internal Server Error'))) | https://prec.sxzwfw.gov.cn/queryContent-jyxx.jspx
  [POST失败2/3] ProxyError: HTTPSConnectionPool(host='prec.sxzwfw.gov.cn', port=443): Max retries exceeded with url: /queryContent-jyxx.jspx (Caused by ProxyError('Unable to connect to proxy', OSError('Tunnel connection failed: 436 Proxy Authentication Failed'))) | https://prec.sxzwfw.gov.cn/queryContent-jyxx.jspx
  [POST失败3/3] ReadTimeout: HTTPSConnectionPool(host='prec.sxzwfw.gov.cn', port=443): Read timed out. (read timeout=18) | https://prec.sxzwfw.gov.cn/queryContent-jyxx.jspx
    ✓ 历史招标公告
  [GET失败1/3] ReadTimeout: HTTPSConnectionPool(host='prec.sxzwfw.gov.cn', port=443): Read timed out. (read timeout=15) | https://prec.sxzwfw.gov.cn/jyxxgchxr/1070137.jhtml
  [GET失败2/3] ReadTimeout: HTTPSConnectionPool(host='prec.sxzwfw.gov.cn', port=443): Read timed out. (read timeout=15) | https://prec.sxzwfw.gov.cn/jyxxgchxr/1070137.jhtml
    ✓ 历史候选人监督部门
  [GET失败1/3] ConnectionError: ('Connection aborted.', ConnectionResetError(104, 'Connection reset by peer')) | https://prec.sxzwfw.gov.cn/jyxxgcgs/1071512.jhtml
    ✓ 历史结果监督部门
  → upsert 完成：中标结果公示

  [中标结果公示] 中共沁县县委党校培训基地改造提升工程建设项目施工
  [历史搜索] 中共沁县县委党校培训基地改造提升工程建设项目施工
  [历史回填] 搜索项目：中共沁县县委党校培训基地改造提升工程建设项目施工
    ✓ 历史招标公告
    ✓ 历史候选人监督部门
    ✓ 历史结果监督部门
  → upsert 完成：中标结果公示

  [中标结果公示] 丹河流域(高平段)重点区域污水收集处理与水环境治理工程项目勘察
  [历史搜索] 丹河流域(高平段)重点区域污水收集处理与水环境治理工程项目勘察
  [历史回填] 搜索项目：丹河流域(高平段)重点区域污水收集处理与水环境治理工程项目勘察
    ✓ 历史招标公告
    ✓ 历史候选人监督部门
    ✓ 历史结果监督部门
  → upsert 完成：中标结果公示

  [中标结果公示] 国投晋湖雅澜项目成品淋浴房供货及安装工程
  [历史搜索] 国投晋湖雅澜项目成品淋浴房供货及安装工程
  [历史回填] 搜索项目：国投晋湖雅澜项目成品淋浴房供货及安装工程
    ✓ 历史招标公告
    ✓ 历史候选人监督部门
    ✓ 历史结果监督部门
  → upsert 完成：中标结果公示

  [中标结果公示] 国投晋湖雅澜项目橱柜采购及安装工程
  [历史搜索] 国投晋湖雅澜项目橱柜采购及安装工程
  [历史回填] 搜索项目：国投晋湖雅澜项目橱柜采购及安装工程
    ✓ 历史招标公告
    ✓ 历史候选人监督部门
    ✓ 历史结果监督部门
  → upsert 完成：中标结果公示

  [中标结果公示] 应县2026年大石线-新堡东等4条农村道路改造工程项目
  [历史搜索] 应县2026年大石线-新堡东等4条农村道路改造工程项目
  [历史回填] 搜索项目：应县2026年大石线-新堡东等4条农村道路改造工程项目
    ✓ 历史结果监督部门
  → upsert 完成：中标结果公示

  [中标结果公示] 平鲁区李林中学3#学生公寓维修工程（装饰装修）项目
  [历史搜索] 平鲁区李林中学3#学生公寓维修工程（装饰装修）项目
  [历史回填] 搜索项目：平鲁区李林中学3#学生公寓维修工程（装饰装修）项目
    ✓ 历史结果监督部门
  → upsert 完成：中标结果公示

  [中标结果公示] 保德县2026年农村公路改造工程施工项目
  [历史搜索] 保德县2026年农村公路改造工程施工项目
  [历史回填] 搜索项目：保德县2026年农村公路改造工程施工项目
    ✓ 历史候选人监督部门
    ✓ 历史结果监督部门
  → upsert 完成：中标结果公示

  [中标结果公示] 山西省太行山国有林管理局2026年太行山(山西段东南部)生态保护修复与水土流失综合治理项目（第二批）（第九标段）
  [历史搜索] 山西省太行山国有林管理局2026年太行山(山西段东南部)生态保护修复与水土流失综合治理项目（第二批）（第九标段）
  [历史回填] 搜索项目：山西省太行山国有林管理局2026年太行山(山西段东南部)生态保护修复与水土流失综合治理项目（第二批）（第九标段）
    ✓ 历史候选人监督部门
    ✓ 历史结果监督部门
  → upsert 完成：中标结果公示

  [中标结果公示] 山西省太行山国有林管理局2026年太行山(山西段东南部)生态保护修复与水土流失综合治理项目（第二批）（第三十三标段）
  [历史搜索] 山西省太行山国有林管理局2026年太行山(山西段东南部)生态保护修复与水土流失综合治理项目（第二批）（第三十三标段）
  [历史回填] 搜索项目：山西省太行山国有林管理局2026年太行山(山西段东南部)生态保护修复与水土流失综合治理项目（第二批）（第三十三标段）
    ✓ 历史候选人监督部门
    ✓ 历史结果监督部门
  → upsert 完成：中标结果公示

  [中标结果公示] 太原轨道交通集团2026年信息化一期及听景APP维保服务项目(二次)
  [历史搜索] 太原轨道交通集团2026年信息化一期及听景APP维保服务项目(二次)
  [历史回填] 搜索项目：太原轨道交通集团2026年信息化一期及听景APP维保服务项目(二次)
  [POST失败1/3] ReadTimeout: HTTPSConnectionPool(host='prec.sxzwfw.gov.cn', port=443): Read timed out. (read timeout=18) | https://prec.sxzwfw.gov.cn/queryContent-jyxx.jspx
    ✓ 历史招标公告
  [GET失败1/3] ProxyError: HTTPSConnectionPool(host='prec.sxzwfw.gov.cn', port=443): Max retries exceeded with url: /jyxxgchxr/1070160.jhtml (Caused by ProxyError('Unable to connect to proxy', OSError('Tunnel connection failed: 436 Proxy Authentication Failed'))) | https://prec.sxzwfw.gov.cn/jyxxgchxr/1070160.jhtml
    ✓ 历史候选人监督部门
  [GET失败1/3] ConnectionError: ('Connection aborted.', RemoteDisconnected('Remote end closed connection without response')) | https://prec.sxzwfw.gov.cn/jyxxgcgs/1071458.jhtml
    ✓ 历史结果监督部门
  → upsert 完成：中标结果公示

  [中标结果公示] 杨家堡污水厂进水管网改造工程施工
  [历史搜索] 杨家堡污水厂进水管网改造工程施工
  [历史回填] 搜索项目：杨家堡污水厂进水管网改造工程施工
    ✓ 历史招标公告
  [POST失败1/3] ConnectionError: ('Connection aborted.', ConnectionResetError(104, 'Connection reset by peer')) | https://prec.sxzwfw.gov.cn/queryContent-jyxx.jspx
    ✓ 历史候选人监督部门
  [GET失败1/3] ConnectionError: ('Connection aborted.', ConnectionResetError(104, 'Connection reset by peer')) | https://prec.sxzwfw.gov.cn/jyxxgcgs/1071457.jhtml
  [GET失败2/3] ProxyError: HTTPSConnectionPool(host='prec.sxzwfw.gov.cn', port=443): Max retries exceeded with url: /jyxxgcgs/1071457.jhtml (Caused by ProxyError('Unable to connect to proxy', OSError('Tunnel connection failed: 618 Internal Server Error'))) | https://prec.sxzwfw.gov.cn/jyxxgcgs/1071457.jhtml
    ✓ 历史结果监督部门
  → upsert 完成：中标结果公示

  [中标结果公示] 杨家堡污水厂进水管网改造工程监理
  [历史搜索] 杨家堡污水厂进水管网改造工程监理
  [历史回填] 搜索项目：杨家堡污水厂进水管网改造工程监理
  [POST失败1/3] ReadTimeout: HTTPSConnectionPool(host='prec.sxzwfw.gov.cn', port=443): Read timed out. (read timeout=18) | https://prec.sxzwfw.gov.cn/queryContent-jyxx.jspx
  [GET失败1/3] ConnectionError: ('Connection aborted.', ConnectionResetError(104, 'Connection reset by peer')) | https://prec.sxzwfw.gov.cn/jyxxgczb/1063398.jhtml
    ✓ 历史招标公告
  [POST失败1/3] ConnectionError: ('Connection aborted.', ConnectionResetError(104, 'Connection reset by peer')) | https://prec.sxzwfw.gov.cn/queryContent-jyxx.jspx
    ✓ 历史候选人监督部门
    ✓ 历史结果监督部门
  → upsert 完成：中标结果公示

  [中标结果公示] 大禹渡灌区新增恢复灌溉面积工程2026年度项目二次
  [历史搜索] 大禹渡灌区新增恢复灌溉面积工程2026年度项目二次
  [历史回填] 搜索项目：大禹渡灌区新增恢复灌溉面积工程2026年度项目二次
  [POST失败1/3] ConnectionError: ('Connection aborted.', ConnectionResetError(104, 'Connection reset by peer')) | https://prec.sxzwfw.gov.cn/queryContent-jyxx.jspx
    ✓ 历史招标公告
    ✓ 历史候选人监督部门
  [GET失败1/3] ConnectionError: ('Connection aborted.', RemoteDisconnected('Remote end closed connection without response')) | https://prec.sxzwfw.gov.cn/jyxxgcgs/1071450.jhtml
    ✓ 历史结果监督部门
  → upsert 完成：中标结果公示

  [中标结果公示] 山西省太行山国有林管理局2026年太行山(山西段东南部)生态保护修复与水土流失综合治理项目（第二批）（第四十标段）
  [历史搜索] 山西省太行山国有林管理局2026年太行山(山西段东南部)生态保护修复与水土流失综合治理项目（第二批）（第四十标段）
  [历史回填] 搜索项目：山西省太行山国有林管理局2026年太行山(山西段东南部)生态保护修复与水土流失综合治理项目（第二批）（第四十标段）
    ✓ 历史候选人监督部门
    ✓ 历史结果监督部门
  → upsert 完成：中标结果公示

  [中标结果公示] 山西省太行山国有林管理局2026年太行山(山西段东南部)生态保护修复与水土流失综合治理项目（第二批）（第四标段）
  [历史搜索] 山西省太行山国有林管理局2026年太行山(山西段东南部)生态保护修复与水土流失综合治理项目（第二批）（第四标段）
  [历史回填] 搜索项目：山西省太行山国有林管理局2026年太行山(山西段东南部)生态保护修复与水土流失综合治理项目（第二批）（第四标段）
    ✓ 历史候选人监督部门
  [GET失败1/3] ProxyError: HTTPSConnectionPool(host='prec.sxzwfw.gov.cn', port=443): Max retries exceeded with url: /jyxxgcgs/1071445.jhtml (Caused by ProxyError('Unable to connect to proxy', OSError('Tunnel connection failed: 436 Proxy Authentication Failed'))) | https://prec.sxzwfw.gov.cn/jyxxgcgs/1071445.jhtml
  [GET失败2/3] ProxyError: HTTPSConnectionPool(host='prec.sxzwfw.gov.cn', port=443): Max retries exceeded with url: /jyxxgcgs/1071445.jhtml (Caused by ProxyError('Unable to connect to proxy', OSError('Tunnel connection failed: 436 Proxy Authentication Failed'))) | https://prec.sxzwfw.gov.cn/jyxxgcgs/1071445.jhtml
    ✓ 历史结果监督部门
  → upsert 完成：中标结果公示

  [中标结果公示] 山西省太行山国有林管理局2026年太行山(山西段东南部)生态保护修复与水土流失综合治理项目（第二批）（第十标段）
  [历史搜索] 山西省太行山国有林管理局2026年太行山(山西段东南部)生态保护修复与水土流失综合治理项目（第二批）（第十标段）
  [历史回填] 搜索项目：山西省太行山国有林管理局2026年太行山(山西段东南部)生态保护修复与水土流失综合治理项目（第二批）（第十标段）
  [POST失败1/3] ConnectionError: ('Connection aborted.', ConnectionResetError(104, 'Connection reset by peer')) | https://prec.sxzwfw.gov.cn/queryContent-jyxx.jspx
  [POST失败1/3] ProxyError: HTTPSConnectionPool(host='prec.sxzwfw.gov.cn', port=443): Max retries exceeded with url: /queryContent-jyxx.jspx (Caused by ProxyError('Unable to connect to proxy', OSError('Tunnel connection failed: 436 Proxy Authentication Failed'))) | https://prec.sxzwfw.gov.cn/queryContent-jyxx.jspx
  [GET失败1/3] ProxyError: HTTPSConnectionPool(host='prec.sxzwfw.gov.cn', port=443): Max retries exceeded with url: /jyxxgchxr/1070197.jhtml (Caused by ProxyError('Unable to connect to proxy', RemoteDisconnected('Remote end closed connection without response'))) | https://prec.sxzwfw.gov.cn/jyxxgchxr/1070197.jhtml
  [GET失败2/3] ConnectionError: ('Connection aborted.', ConnectionResetError(104, 'Connection reset by peer')) | https://prec.sxzwfw.gov.cn/jyxxgchxr/1070197.jhtml
    ✓ 历史候选人监督部门
  [POST失败1/3] ReadTimeout: HTTPSConnectionPool(host='prec.sxzwfw.gov.cn', port=443): Read timed out. (read timeout=18) | https://prec.sxzwfw.gov.cn/queryContent-jyxx.jspx
    ✓ 历史结果监督部门
  → upsert 完成：中标结果公示

  [中标结果公示] 山西省太行山国有林管理局2026年太行山(山西段东南部)生态保护修复与水土流失综合治理项目（第二批）（第三十一标段）
  [GET失败1/3] ConnectionError: ('Connection aborted.', ConnectionResetError(104, 'Connection reset by peer')) | https://prec.sxzwfw.gov.cn/jyxxgcgs/1071443.jhtml
  [历史搜索] 山西省太行山国有林管理局2026年太行山(山西段东南部)生态保护修复与水土流失综合治理项目（第二批）（第三十一标段）
  [历史回填] 搜索项目：山西省太行山国有林管理局2026年太行山(山西段东南部)生态保护修复与水土流失综合治理项目（第二批）（第三十一标段）
    ✓ 历史结果监督部门
  → upsert 完成：中标结果公示

  [中标结果公示] 山西省太行山国有林管理局2026年太行山(山西段东南部)生态保护修复与水土流失综合治理项目（第二批）（第三十标段）
  [历史搜索] 山西省太行山国有林管理局2026年太行山(山西段东南部)生态保护修复与水土流失综合治理项目（第二批）（第三十标段）
  [历史回填] 搜索项目：山西省太行山国有林管理局2026年太行山(山西段东南部)生态保护修复与水土流失综合治理项目（第二批）（第三十标段）
  [POST失败1/3] ReadTimeout: HTTPSConnectionPool(host='prec.sxzwfw.gov.cn', port=443): Read timed out. (read timeout=18) | https://prec.sxzwfw.gov.cn/queryContent-jyxx.jspx
  [GET失败1/3] ReadTimeout: HTTPSConnectionPool(host='prec.sxzwfw.gov.cn', port=443): Read timed out. (read timeout=15) | https://prec.sxzwfw.gov.cn/jyxxgchxr/1070205.jhtml
    ✓ 历史候选人监督部门
  [GET失败1/3] ConnectionError: ('Connection aborted.', ConnectionResetError(104, 'Connection reset by peer')) | https://prec.sxzwfw.gov.cn/jyxxgcgs/1071442.jhtml
    ✓ 历史结果监督部门
  → upsert 完成：中标结果公示

  [中标结果公示] 山西省太行山国有林管理局2026年太行山(山西段东南部)生态保护修复与水土流失综合治理项目（第二批）（第三十二标段）
  [历史搜索] 山西省太行山国有林管理局2026年太行山(山西段东南部)生态保护修复与水土流失综合治理项目（第二批）（第三十二标段）
  [历史回填] 搜索项目：山西省太行山国有林管理局2026年太行山(山西段东南部)生态保护修复与水土流失综合治理项目（第二批）（第三十二标段）
  [POST失败1/3] ReadTimeout: HTTPSConnectionPool(host='prec.sxzwfw.gov.cn', port=443): Read timed out. (read timeout=18) | https://prec.sxzwfw.gov.cn/queryContent-jyxx.jspx
    ✓ 历史候选人监督部门
  [POST失败1/3] ReadTimeout: HTTPSConnectionPool(host='prec.sxzwfw.gov.cn', port=443): Read timed out. (read timeout=18) | https://prec.sxzwfw.gov.cn/queryContent-jyxx.jspx
  [GET失败1/3] ConnectionError: ('Connection aborted.', ConnectionResetError(104, 'Connection reset by peer')) | https://prec.sxzwfw.gov.cn/jyxxgcgs/1071441.jhtml
    ✓ 历史结果监督部门
  → upsert 完成：中标结果公示

  [中标结果公示] 原平市2025年农村公路灾毁改造工程（裕隆社区-武彦等6条）监理项目
  [历史搜索] 原平市2025年农村公路灾毁改造工程（裕隆社区-武彦等6条）监理项目
  [历史回填] 搜索项目：原平市2025年农村公路灾毁改造工程（裕隆社区-武彦等6条）监理项目
  [POST失败1/3] ReadTimeout: HTTPSConnectionPool(host='prec.sxzwfw.gov.cn', port=443): Read timed out. (read timeout=18) | https://prec.sxzwfw.gov.cn/queryContent-jyxx.jspx
  [POST失败1/3] ReadTimeout: HTTPSConnectionPool(host='prec.sxzwfw.gov.cn', port=443): Read timed out. (read timeout=18) | https://prec.sxzwfw.gov.cn/queryContent-jyxx.jspx
    ✓ 历史候选人监督部门
  [POST失败1/3] ReadTimeout: HTTPSConnectionPool(host='prec.sxzwfw.gov.cn', port=443): Read timed out. (read timeout=18) | https://prec.sxzwfw.gov.cn/queryContent-jyxx.jspx
    ✓ 历史结果监督部门
  → upsert 完成：中标结果公示

  [中标结果公示] 原平市2025年农村公路灾毁改造工程（裕隆社区-武彦等6条）施工项目
  [历史搜索] 原平市2025年农村公路灾毁改造工程（裕隆社区-武彦等6条）施工项目
  [历史回填] 搜索项目：原平市2025年农村公路灾毁改造工程（裕隆社区-武彦等6条）施工项目
  [POST失败1/3] ReadTimeout: HTTPSConnectionPool(host='prec.sxzwfw.gov.cn', port=443): Read timed out. (read timeout=18) | https://prec.sxzwfw.gov.cn/queryContent-jyxx.jspx
    ✓ 历史候选人监督部门
  [POST失败1/3] ConnectionError: ('Connection aborted.', ConnectionResetError(104, 'Connection reset by peer')) | https://prec.sxzwfw.gov.cn/queryContent-jyxx.jspx
  [POST失败2/3] ProxyError: HTTPSConnectionPool(host='prec.sxzwfw.gov.cn', port=443): Max retries exceeded with url: /queryContent-jyxx.jspx (Caused by ProxyError('Unable to connect to proxy', OSError('Tunnel connection failed: 407 Proxy Authentication Required'))) | https://prec.sxzwfw.gov.cn/queryContent-jyxx.jspx
    ✓ 历史结果监督部门
  → upsert 完成：中标结果公示

  [中标结果公示] 山阴县第四中学校教学楼加固改造工程项目
  [历史搜索] 山阴县第四中学校教学楼加固改造工程项目
  [历史回填] 搜索项目：山阴县第四中学校教学楼加固改造工程项目
    ✓ 历史结果监督部门
  → upsert 完成：中标结果公示

  [中标结果公示] 山西省太行山国有林管理局2026年太行山(山西段东南部)生态保护修复与水土流失综合治理项目（第二批）（第四十一标段）
  [历史搜索] 山西省太行山国有林管理局2026年太行山(山西段东南部)生态保护修复与水土流失综合治理项目（第二批）（第四十一标段）
  [历史回填] 搜索项目：山西省太行山国有林管理局2026年太行山(山西段东南部)生态保护修复与水土流失综合治理项目（第二批）（第四十一标段）
  [POST失败1/3] ConnectionError: ('Connection aborted.', ConnectionResetError(104, 'Connection reset by peer')) | https://prec.sxzwfw.gov.cn/queryContent-jyxx.jspx
    ✓ 历史候选人监督部门
    ✓ 历史结果监督部门
  → upsert 完成：中标结果公示

  [中标结果公示] 山西省太行山国有林管理局2026年太行山(山西段东南部)生态保护修复与水土流失综合治理项目（第二批）（第二十九标段）
  [历史搜索] 山西省太行山国有林管理局2026年太行山(山西段东南部)生态保护修复与水土流失综合治理项目（第二批）（第二十九标段）
  [历史回填] 搜索项目：山西省太行山国有林管理局2026年太行山(山西段东南部)生态保护修复与水土流失综合治理项目（第二批）（第二十九标段）
  [POST失败1/3] ConnectionError: ('Connection aborted.', ConnectionResetError(104, 'Connection reset by peer')) | https://prec.sxzwfw.gov.cn/queryContent-jyxx.jspx
  [POST失败1/3] ConnectionError: ('Connection aborted.', RemoteDisconnected('Remote end closed connection without response')) | https://prec.sxzwfw.gov.cn/queryContent-jyxx.jspx
    ✓ 历史候选人监督部门
    ✓ 历史结果监督部门
  → upsert 完成：中标结果公示

  [中标结果公示] 山西省太行山国有林管理局2026年太行山(山西段东南部)生态保护修复与水土流失综合治理项目（第二批）（第四十二标段）
  [历史搜索] 山西省太行山国有林管理局2026年太行山(山西段东南部)生态保护修复与水土流失综合治理项目（第二批）（第四十二标段）
  [历史回填] 搜索项目：山西省太行山国有林管理局2026年太行山(山西段东南部)生态保护修复与水土流失综合治理项目（第二批）（第四十二标段）
  [POST失败1/3] ConnectionError: ('Connection aborted.', ConnectionResetError(104, 'Connection reset by peer')) | https://prec.sxzwfw.gov.cn/queryContent-jyxx.jspx
    ✓ 历史候选人监督部门
    ✓ 历史结果监督部门
  → upsert 完成：中标结果公示

  [中标结果公示] 山西省太行山国有林管理局2026年太行山（山西段东南部）生态保护修复与水土流失综合治理项目（工程监理）（第五标段）
  [历史搜索] 山西省太行山国有林管理局2026年太行山（山西段东南部）生态保护修复与水土流失综合治理项目（工程监理）（第五标段）
  [历史回填] 搜索项目：山西省太行山国有林管理局2026年太行山（山西段东南部）生态保护修复与水土流失综合治理项目（工程监理）（第五标段）
    ✓ 历史候选人监督部门
    ✓ 历史结果监督部门
  → upsert 完成：中标结果公示

  [中标结果公示] 山西省太行山国有林管理局2026年太行山（山西段东南部）生态保护修复与水土流失综合治理项目（工程监理）（第四标段）
  [历史搜索] 山西省太行山国有林管理局2026年太行山（山西段东南部）生态保护修复与水土流失综合治理项目（工程监理）（第四标段）
  [历史回填] 搜索项目：山西省太行山国有林管理局2026年太行山（山西段东南部）生态保护修复与水土流失综合治理项目（工程监理）（第四标段）
  [POST失败1/3] ConnectionError: ('Connection aborted.', ConnectionResetError(104, 'Connection reset by peer')) | https://prec.sxzwfw.gov.cn/queryContent-jyxx.jspx
  [POST失败2/3] ConnectionError: ('Connection aborted.', ConnectionResetError(104, 'Connection reset by peer')) | https://prec.sxzwfw.gov.cn/queryContent-jyxx.jspx
    ✓ 历史候选人监督部门
  [GET失败1/3] ProxyError: HTTPSConnectionPool(host='prec.sxzwfw.gov.cn', port=443): Max retries exceeded with url: /jyxxgcgs/1071416.jhtml (Caused by ProxyError('Unable to connect to proxy', OSError('Tunnel connection failed: 645 Proxy Authentication In Black List'))) | https://prec.sxzwfw.gov.cn/jyxxgcgs/1071416.jhtml
    ✓ 历史结果监督部门
  → upsert 完成：中标结果公示

  [中标结果公示] 山西省太行山国有林管理局2026年太行山（山西段东南部）生态保护修复与水土流失综合治理项目（工程监理）（第三标段）
  [GET失败1/3] ConnectionError: ('Connection aborted.', ConnectionResetError(104, 'Connection reset by peer')) | https://prec.sxzwfw.gov.cn/jyxxgcgs/1071415.jhtml
  [历史搜索] 山西省太行山国有林管理局2026年太行山（山西段东南部）生态保护修复与水土流失综合治理项目（工程监理）（第三标段）
  [历史回填] 搜索项目：山西省太行山国有林管理局2026年太行山（山西段东南部）生态保护修复与水土流失综合治理项目（工程监理）（第三标段）
    ✓ 历史候选人监督部门
    ✓ 历史结果监督部门
  → upsert 完成：中标结果公示

  [中标结果公示] 山西省太行山国有林管理局2026年太行山（山西段东南部）生态保护修复与水土流失综合治理项目（工程监理）（第二标段）
  [历史搜索] 山西省太行山国有林管理局2026年太行山（山西段东南部）生态保护修复与水土流失综合治理项目（工程监理）（第二标段）
  [历史回填] 搜索项目：山西省太行山国有林管理局2026年太行山（山西段东南部）生态保护修复与水土流失综合治理项目（工程监理）（第二标段）
  [POST失败1/3] ConnectionError: ('Connection aborted.', ConnectionResetError(104, 'Connection reset by peer')) | https://prec.sxzwfw.gov.cn/queryContent-jyxx.jspx
    ✓ 历史候选人监督部门
  [GET失败1/3] ReadTimeout: HTTPSConnectionPool(host='prec.sxzwfw.gov.cn', port=443): Read timed out. (read timeout=15) | https://prec.sxzwfw.gov.cn/jyxxgcgs/1071414.jhtml
  [GET失败2/3] ProxyError: HTTPSConnectionPool(host='prec.sxzwfw.gov.cn', port=443): Max retries exceeded with url: /jyxxgcgs/1071414.jhtml (Caused by ProxyError('Unable to connect to proxy', OSError('Tunnel connection failed: 407 Proxy Authentication Required'))) | https://prec.sxzwfw.gov.cn/jyxxgcgs/1071414.jhtml
    ✓ 历史结果监督部门
  → upsert 完成：中标结果公示

  [中标结果公示] 山西省太行山国有林管理局2026年太行山（山西段东南部）生态保护修复与水土流失综合治理项目（工程监理）（第一标段）
  [历史搜索] 山西省太行山国有林管理局2026年太行山（山西段东南部）生态保护修复与水土流失综合治理项目（工程监理）（第一标段）
  [历史回填] 搜索项目：山西省太行山国有林管理局2026年太行山（山西段东南部）生态保护修复与水土流失综合治理项目（工程监理）（第一标段）
  [POST失败1/3] ProxyError: HTTPSConnectionPool(host='prec.sxzwfw.gov.cn', port=443): Max retries exceeded with url: /queryContent-jyxx.jspx (Caused by ProxyError('Unable to connect to proxy', RemoteDisconnected('Remote end closed connection without response'))) | https://prec.sxzwfw.gov.cn/queryContent-jyxx.jspx
  [POST失败2/3] ConnectionError: ('Connection aborted.', ConnectionResetError(104, 'Connection reset by peer')) | https://prec.sxzwfw.gov.cn/queryContent-jyxx.jspx
  [POST失败3/3] ReadTimeout: HTTPSConnectionPool(host='prec.sxzwfw.gov.cn', port=443): Read timed out. (read timeout=18) | https://prec.sxzwfw.gov.cn/queryContent-jyxx.jspx
  [POST失败1/3] ReadTimeout: HTTPSConnectionPool(host='prec.sxzwfw.gov.cn', port=443): Read timed out. (read timeout=18) | https://prec.sxzwfw.gov.cn/queryContent-jyxx.jspx
  [POST失败2/3] ReadTimeout: HTTPSConnectionPool(host='prec.sxzwfw.gov.cn', port=443): Read timed out. (read timeout=18) | https://prec.sxzwfw.gov.cn/queryContent-jyxx.jspx
    ✓ 历史候选人监督部门
  [GET失败1/3] ReadTimeout: HTTPSConnectionPool(host='prec.sxzwfw.gov.cn', port=443): Read timed out. (read timeout=15) | https://prec.sxzwfw.gov.cn/jyxxgcgs/1071413.jhtml
    ✓ 历史结果监督部门
  → upsert 完成：中标结果公示

  [中标结果公示] 山西省太行山国有林管理局2026年太行山（山西段东南部）生态保护修复与水土流失综合治理项目（第一批）（退化林修复第十二标段）
  [历史搜索] 山西省太行山国有林管理局2026年太行山（山西段东南部）生态保护修复与水土流失综合治理项目（第一批）（退化林修复第十二标段）
  [历史回填] 搜索项目：山西省太行山国有林管理局2026年太行山（山西段东南部）生态保护修复与水土流失综合治理项目（第一批）（退化林修复第十二标段）
    ✓ 历史候选人监督部门
  [POST失败1/3] ReadTimeout: HTTPSConnectionPool(host='prec.sxzwfw.gov.cn', port=443): Read timed out. (read timeout=18) | https://prec.sxzwfw.gov.cn/queryContent-jyxx.jspx
    ✓ 历史结果监督部门
  → upsert 完成：中标结果公示

  [中标结果公示] 山西省阳泉市太行山（山西段东南部）生态保护修复与水土流失综合治理项目（2026年平定县建设任务）施工二次第二十二标段
  [历史搜索] 山西省阳泉市太行山（山西段东南部）生态保护修复与水土流失综合治理项目（2026年平定县建设任务）施工二次第二十二标段
  [历史回填] 搜索项目：山西省阳泉市太行山（山西段东南部）生态保护修复与水土流失综合治理项目（2026年平定县建设任务）施工二次第二十二标段
  [POST失败1/3] ReadTimeout: HTTPSConnectionPool(host='prec.sxzwfw.gov.cn', port=443): Read timed out. (read timeout=18) | https://prec.sxzwfw.gov.cn/queryContent-jyxx.jspx
  [POST失败2/3] ReadTimeout: HTTPSConnectionPool(host='prec.sxzwfw.gov.cn', port=443): Read timed out. (read timeout=18) | https://prec.sxzwfw.gov.cn/queryContent-jyxx.jspx
  [POST失败3/3] ReadTimeout: HTTPSConnectionPool(host='prec.sxzwfw.gov.cn', port=443): Read timed out. (read timeout=18) | https://prec.sxzwfw.gov.cn/queryContent-jyxx.jspx
  [POST失败1/3] ConnectionError: ('Connection aborted.', ConnectionResetError(104, 'Connection reset by peer')) | https://prec.sxzwfw.gov.cn/queryContent-jyxx.jspx
    ✓ 历史结果监督部门
  → upsert 完成：中标结果公示

  [中标结果公示] 山西省太行山国有林管理局2026年太行山（山西段东南部）生态保护修复与水土流失综合治理项目（第一批）（退化林修复第十一标段）
  [历史搜索] 山西省太行山国有林管理局2026年太行山（山西段东南部）生态保护修复与水土流失综合治理项目（第一批）（退化林修复第十一标段）
  [历史回填] 搜索项目：山西省太行山国有林管理局2026年太行山（山西段东南部）生态保护修复与水土流失综合治理项目（第一批）（退化林修复第十一标段）
  [POST失败1/3] ProxyError: HTTPSConnectionPool(host='prec.sxzwfw.gov.cn', port=443): Max retries exceeded with url: /queryContent-jyxx.jspx (Caused by ProxyError('Unable to connect to proxy', OSError('Tunnel connection failed: 407 Proxy Authentication Required'))) | https://prec.sxzwfw.gov.cn/queryContent-jyxx.jspx
  [POST失败1/3] ConnectionError: ('Connection aborted.', ConnectionResetError(104, 'Connection reset by peer')) | https://prec.sxzwfw.gov.cn/queryContent-jyxx.jspx
  [GET失败1/3] ConnectionError: ('Connection aborted.', ConnectionResetError(104, 'Connection reset by peer')) | https://prec.sxzwfw.gov.cn/jyxxgchxr/1069809.jhtml
    ✓ 历史候选人监督部门
    ✓ 历史结果监督部门
  → upsert 完成：中标结果公示

  [中标结果公示] 山西省太行山国有林管理局2026年太行山（山西段东南部）生态保护修复与水土流失综合治理项目（第一批）（退化林修复第一标段）
  [历史搜索] 山西省太行山国有林管理局2026年太行山（山西段东南部）生态保护修复与水土流失综合治理项目（第一批）（退化林修复第一标段）
  [历史回填] 搜索项目：山西省太行山国有林管理局2026年太行山（山西段东南部）生态保护修复与水土流失综合治理项目（第一批）（退化林修复第一标段）
  [POST失败1/3] ProxyError: HTTPSConnectionPool(host='prec.sxzwfw.gov.cn', port=443): Max retries exceeded with url: /queryContent-jyxx.jspx (Caused by ProxyError('Unable to connect to proxy', OSError('Tunnel connection failed: 436 Proxy Authentication Failed'))) | https://prec.sxzwfw.gov.cn/queryContent-jyxx.jspx
  [POST失败1/3] ReadTimeout: HTTPSConnectionPool(host='prec.sxzwfw.gov.cn', port=443): Read timed out. (read timeout=18) | https://prec.sxzwfw.gov.cn/queryContent-jyxx.jspx
    ✓ 历史候选人监督部门
    ✓ 历史结果监督部门
  → upsert 完成：中标结果公示

  [中标结果公示] 山西省太行山国有林管理局2026年太行山（山西段东南部）生态保护修复与水土流失综合治理项目（第一批）（人工造林第三十八标段）
  [历史搜索] 山西省太行山国有林管理局2026年太行山（山西段东南部）生态保护修复与水土流失综合治理项目（第一批）（人工造林第三十八标段）
  [历史回填] 搜索项目：山西省太行山国有林管理局2026年太行山（山西段东南部）生态保护修复与水土流失综合治理项目（第一批）（人工造林第三十八标段）
  [POST失败1/3] ReadTimeout: HTTPSConnectionPool(host='prec.sxzwfw.gov.cn', port=443): Read timed out. (read timeout=18) | https://prec.sxzwfw.gov.cn/queryContent-jyxx.jspx
    ✓ 历史候选人监督部门
    ✓ 历史结果监督部门
  → upsert 完成：中标结果公示

  [中标结果公示] 山西省太行山国有林管理局2026年太行山(山西段东南部)生态保护修复与水土流失综合治理项目（第二批）（第三十九标段）
  [GET失败1/3] ReadTimeout: HTTPSConnectionPool(host='prec.sxzwfw.gov.cn', port=443): Read timed out. (read timeout=15) | https://prec.sxzwfw.gov.cn/jyxxgcgs/1071407.jhtml
  [历史搜索] 山西省太行山国有林管理局2026年太行山(山西段东南部)生态保护修复与水土流失综合治理项目（第二批）（第三十九标段）
  [历史回填] 搜索项目：山西省太行山国有林管理局2026年太行山(山西段东南部)生态保护修复与水土流失综合治理项目（第二批）（第三十九标段）
  [POST失败1/3] ConnectionError: ('Connection aborted.', ConnectionResetError(104, 'Connection reset by peer')) | https://prec.sxzwfw.gov.cn/queryContent-jyxx.jspx
    ✓ 历史候选人监督部门
  [POST失败1/3] ConnectionError: ('Connection aborted.', ConnectionResetError(104, 'Connection reset by peer')) | https://prec.sxzwfw.gov.cn/queryContent-jyxx.jspx
  [POST失败2/3] ConnectionError: ('Connection aborted.', ConnectionResetError(104, 'Connection reset by peer')) | https://prec.sxzwfw.gov.cn/queryContent-jyxx.jspx
    ✓ 历史结果监督部门
  → upsert 完成：中标结果公示

  [中标结果公示] 山西省太行山国有林管理局2026年太行山（山西段东南部）生态保护修复与水土流失综合治理项目（第一批）（人工造林第三十七标段）
  [历史搜索] 山西省太行山国有林管理局2026年太行山（山西段东南部）生态保护修复与水土流失综合治理项目（第一批）（人工造林第三十七标段）
  [历史回填] 搜索项目：山西省太行山国有林管理局2026年太行山（山西段东南部）生态保护修复与水土流失综合治理项目（第一批）（人工造林第三十七标段）
  [POST失败1/3] ConnectionError: ('Connection aborted.', ConnectionResetError(104, 'Connection reset by peer')) | https://prec.sxzwfw.gov.cn/queryContent-jyxx.jspx
    ✓ 历史候选人监督部门
    ✓ 历史结果监督部门
  → upsert 完成：中标结果公示

  [中标结果公示] 山西省太行山国有林管理局2026年太行山（山西段东南部）生态保护修复与水土流失综合治理项目（第一批）（人工造林第三十六标段）
  [GET失败1/3] ReadTimeout: HTTPSConnectionPool(host='prec.sxzwfw.gov.cn', port=443): Read timed out. (read timeout=15) | https://prec.sxzwfw.gov.cn/jyxxgcgs/1071405.jhtml
  [GET失败2/3] ReadTimeout: HTTPSConnectionPool(host='prec.sxzwfw.gov.cn', port=443): Read timed out. (read timeout=15) | https://prec.sxzwfw.gov.cn/jyxxgcgs/1071405.jhtml
  [历史搜索] 山西省太行山国有林管理局2026年太行山（山西段东南部）生态保护修复与水土流失综合治理项目（第一批）（人工造林第三十六标段）
  [历史回填] 搜索项目：山西省太行山国有林管理局2026年太行山（山西段东南部）生态保护修复与水土流失综合治理项目（第一批）（人工造林第三十六标段）
  [POST失败1/3] ConnectionError: ('Connection aborted.', ConnectionResetError(104, 'Connection reset by peer')) | https://prec.sxzwfw.gov.cn/queryContent-jyxx.jspx
  [POST失败1/3] ConnectionError: ('Connection aborted.', ConnectionResetError(104, 'Connection reset by peer')) | https://prec.sxzwfw.gov.cn/queryContent-jyxx.jspx
  [POST失败1/3] ReadTimeout: HTTPSConnectionPool(host='prec.sxzwfw.gov.cn', port=443): Read timed out. (read timeout=18) | https://prec.sxzwfw.gov.cn/queryContent-jyxx.jspx
    ✓ 历史候选人监督部门
    ✓ 历史结果监督部门
  → upsert 完成：中标结果公示

  [中标结果公示] 山西省太行山国有林管理局2026年太行山（山西段东南部）生态保护修复与水土流失综合治理项目（第一批）（人工造林第三十五标段）
  [GET失败1/3] ConnectionError: ('Connection aborted.', ConnectionResetError(104, 'Connection reset by peer')) | https://prec.sxzwfw.gov.cn/jyxxgcgs/1071404.jhtml
  [历史搜索] 山西省太行山国有林管理局2026年太行山（山西段东南部）生态保护修复与水土流失综合治理项目（第一批）（人工造林第三十五标段）
  [历史回填] 搜索项目：山西省太行山国有林管理局2026年太行山（山西段东南部）生态保护修复与水土流失综合治理项目（第一批）（人工造林第三十五标段）
  [POST失败1/3] ReadTimeout: HTTPSConnectionPool(host='prec.sxzwfw.gov.cn', port=443): Read timed out. (read timeout=18) | https://prec.sxzwfw.gov.cn/queryContent-jyxx.jspx
  [GET失败1/3] ConnectionError: ('Connection aborted.', ConnectionResetError(104, 'Connection reset by peer')) | https://prec.sxzwfw.gov.cn/jyxxgchxr/1069814.jhtml
  [GET失败2/3] ReadTimeout: HTTPSConnectionPool(host='prec.sxzwfw.gov.cn', port=443): Read timed out. (read timeout=15) | https://prec.sxzwfw.gov.cn/jyxxgchxr/1069814.jhtml
  [GET失败3/3] ProxyError: HTTPSConnectionPool(host='prec.sxzwfw.gov.cn', port=443): Max retries exceeded with url: /jyxxgchxr/1069814.jhtml (Caused by ProxyError('Unable to connect to proxy', OSError('Tunnel connection failed: 407 Proxy Authentication Required'))) | https://prec.sxzwfw.gov.cn/jyxxgchxr/1069814.jhtml
    ✓ 历史候选人监督部门
    ✓ 历史结果监督部门
  → upsert 完成：中标结果公示

  [中标结果公示] 山西省太行山国有林管理局2026年太行山（山西段东南部）生态保护修复与水土流失综合治理项目（第一批）（人工造林第三十四标段）
  [历史搜索] 山西省太行山国有林管理局2026年太行山（山西段东南部）生态保护修复与水土流失综合治理项目（第一批）（人工造林第三十四标段）
  [历史回填] 搜索项目：山西省太行山国有林管理局2026年太行山（山西段东南部）生态保护修复与水土流失综合治理项目（第一批）（人工造林第三十四标段）
  [POST失败1/3] ConnectionError: ('Connection aborted.', ConnectionResetError(104, 'Connection reset by peer')) | https://prec.sxzwfw.gov.cn/queryContent-jyxx.jspx
    ✓ 历史候选人监督部门
  [POST失败1/3] ProxyError: HTTPSConnectionPool(host='prec.sxzwfw.gov.cn', port=443): Max retries exceeded with url: /queryContent-jyxx.jspx (Caused by ProxyError('Unable to connect to proxy', OSError('Tunnel connection failed: 645 Proxy Authentication In Black List'))) | https://prec.sxzwfw.gov.cn/queryContent-jyxx.jspx
  [POST失败2/3] ReadTimeout: HTTPSConnectionPool(host='prec.sxzwfw.gov.cn', port=443): Read timed out. (read timeout=18) | https://prec.sxzwfw.gov.cn/queryContent-jyxx.jspx
  [GET失败1/3] ConnectionError: ('Connection aborted.', ConnectionResetError(104, 'Connection reset by peer')) | https://prec.sxzwfw.gov.cn/jyxxgcgs/1071403.jhtml
  [GET失败2/3] ReadTimeout: HTTPSConnectionPool(host='prec.sxzwfw.gov.cn', port=443): Read timed out. (read timeout=15) | https://prec.sxzwfw.gov.cn/jyxxgcgs/1071403.jhtml
  [GET失败3/3] ReadTimeout: HTTPSConnectionPool(host='prec.sxzwfw.gov.cn', port=443): Read timed out. (read timeout=15) | https://prec.sxzwfw.gov.cn/jyxxgcgs/1071403.jhtml
    ✓ 历史结果监督部门
  → upsert 完成：中标结果公示

  [中标结果公示] 山西省太行山国有林管理局2026年太行山（山西段东南部）生态保护修复与水土流失综合治理项目（第一批）（人工造林第四标段）
  [GET失败1/3] ReadTimeout: HTTPSConnectionPool(host='prec.sxzwfw.gov.cn', port=443): Read timed out. (read timeout=15) | https://prec.sxzwfw.gov.cn/jyxxgcgs/1071402.jhtml
  [历史搜索] 山西省太行山国有林管理局2026年太行山（山西段东南部）生态保护修复与水土流失综合治理项目（第一批）（人工造林第四标段）
  [历史回填] 搜索项目：山西省太行山国有林管理局2026年太行山（山西段东南部）生态保护修复与水土流失综合治理项目（第一批）（人工造林第四标段）
  [POST失败1/3] ProxyError: HTTPSConnectionPool(host='prec.sxzwfw.gov.cn', port=443): Max retries exceeded with url: /queryContent-jyxx.jspx (Caused by ProxyError('Unable to connect to proxy', OSError('Tunnel connection failed: 436 Proxy Authentication Failed'))) | https://prec.sxzwfw.gov.cn/queryContent-jyxx.jspx
  [POST失败2/3] ReadTimeout: HTTPSConnectionPool(host='prec.sxzwfw.gov.cn', port=443): Read timed out. (read timeout=18) | https://prec.sxzwfw.gov.cn/queryContent-jyxx.jspx
  [POST失败1/3] ConnectionError: ('Connection aborted.', ConnectionResetError(104, 'Connection reset by peer')) | https://prec.sxzwfw.gov.cn/queryContent-jyxx.jspx
    ✓ 历史候选人监督部门
  [POST失败1/3] ReadTimeout: HTTPSConnectionPool(host='prec.sxzwfw.gov.cn', port=443): Read timed out. (read timeout=18) | https://prec.sxzwfw.gov.cn/queryContent-jyxx.jspx
  [GET失败1/3] ReadTimeout: HTTPSConnectionPool(host='prec.sxzwfw.gov.cn', port=443): Read timed out. (read timeout=15) | https://prec.sxzwfw.gov.cn/jyxxgcgs/1071402.jhtml
  [GET失败2/3] ReadTimeout: HTTPSConnectionPool(host='prec.sxzwfw.gov.cn', port=443): Read timed out. (read timeout=15) | https://prec.sxzwfw.gov.cn/jyxxgcgs/1071402.jhtml
  [GET失败3/3] ReadTimeout: HTTPSConnectionPool(host='prec.sxzwfw.gov.cn', port=443): Read timed out. (read timeout=15) | https://prec.sxzwfw.gov.cn/jyxxgcgs/1071402.jhtml
    ✓ 历史结果监督部门
  → upsert 完成：中标结果公示

  [中标结果公示] 山西省太行山国有林管理局2026年太行山（山西段东南部）生态保护修复与水土流失综合治理项目（第一批）（人工造林第三标段）
  [历史搜索] 山西省太行山国有林管理局2026年太行山（山西段东南部）生态保护修复与水土流失综合治理项目（第一批）（人工造林第三标段）
  [历史回填] 搜索项目：山西省太行山国有林管理局2026年太行山（山西段东南部）生态保护修复与水土流失综合治理项目（第一批）（人工造林第三标段）
  [POST失败1/3] ProxyError: HTTPSConnectionPool(host='prec.sxzwfw.gov.cn', port=443): Max retries exceeded with url: /queryContent-jyxx.jspx (Caused by ProxyError('Unable to connect to proxy', OSError('Tunnel connection failed: 436 Proxy Authentication Failed'))) | https://prec.sxzwfw.gov.cn/queryContent-jyxx.jspx
    ✓ 历史候选人监督部门
  [POST失败1/3] ProxyError: HTTPSConnectionPool(host='prec.sxzwfw.gov.cn', port=443): Max retries exceeded with url: /queryContent-jyxx.jspx (Caused by ProxyError('Unable to connect to proxy', OSError('Tunnel connection failed: 407 Proxy Authentication Required'))) | https://prec.sxzwfw.gov.cn/queryContent-jyxx.jspx
    ✓ 历史结果监督部门
  → upsert 完成：中标结果公示

  [中标结果公示] 山西省太行山国有林管理局2026年太行山（山西段东南部）生态保护修复与水土流失综合治理项目（第一批）（人工造林第二标段）
  [历史搜索] 山西省太行山国有林管理局2026年太行山（山西段东南部）生态保护修复与水土流失综合治理项目（第一批）（人工造林第二标段）
  [历史回填] 搜索项目：山西省太行山国有林管理局2026年太行山（山西段东南部）生态保护修复与水土流失综合治理项目（第一批）（人工造林第二标段）
  [POST失败1/3] ReadTimeout: HTTPSConnectionPool(host='prec.sxzwfw.gov.cn', port=443): Read timed out. (read timeout=18) | https://prec.sxzwfw.gov.cn/queryContent-jyxx.jspx
    ✓ 历史候选人监督部门
    ✓ 历史结果监督部门
  → upsert 完成：中标结果公示

  [中标结果公示] 山西省太行山国有林管理局2026年太行山（山西段东南部）生态保护修复与水土流失综合治理项目（第一批）（人工造林第一标段）
  [历史搜索] 山西省太行山国有林管理局2026年太行山（山西段东南部）生态保护修复与水土流失综合治理项目（第一批）（人工造林第一标段）
  [历史回填] 搜索项目：山西省太行山国有林管理局2026年太行山（山西段东南部）生态保护修复与水土流失综合治理项目（第一批）（人工造林第一标段）
  [POST失败1/3] ReadTimeout: HTTPSConnectionPool(host='prec.sxzwfw.gov.cn', port=443): Read timed out. (read timeout=18) | https://prec.sxzwfw.gov.cn/queryContent-jyxx.jspx
  [POST失败2/3] ConnectionError: ('Connection aborted.', ConnectionResetError(104, 'Connection reset by peer')) | https://prec.sxzwfw.gov.cn/queryContent-jyxx.jspx
  [POST失败3/3] ReadTimeout: HTTPSConnectionPool(host='prec.sxzwfw.gov.cn', port=443): Read timed out. (read timeout=18) | https://prec.sxzwfw.gov.cn/queryContent-jyxx.jspx
  [GET失败1/3] ReadTimeout: HTTPSConnectionPool(host='prec.sxzwfw.gov.cn', port=443): Read timed out. (read timeout=15) | https://prec.sxzwfw.gov.cn/jyxxgchxr/1069820.jhtml
    ✓ 历史候选人监督部门
    ✓ 历史结果监督部门
  → upsert 完成：中标结果公示

  [中标结果公示] 榆社三中操场改造工程
  [GET失败1/3] ProxyError: HTTPSConnectionPool(host='prec.sxzwfw.gov.cn', port=443): Max retries exceeded with url: /jyxxgcgs/1071398.jhtml (Caused by ProxyError('Unable to connect to proxy', OSError('Tunnel connection failed: 436 Proxy Authentication Failed'))) | https://prec.sxzwfw.gov.cn/jyxxgcgs/1071398.jhtml
  [历史搜索] 榆社三中操场改造工程
  [历史回填] 搜索项目：榆社三中操场改造工程
    ✓ 历史招标计划
    ✓ 历史招标公告
    ✓ 历史候选人监督部门
    ✓ 历史结果监督部门
  → upsert 完成：中标结果公示

  [中标结果公示] 天镇县玉泉镇王进堡村玻璃温室育苗项目施工
  [历史搜索] 天镇县玉泉镇王进堡村玻璃温室育苗项目施工
  [历史回填] 搜索项目：天镇县玉泉镇王进堡村玻璃温室育苗项目施工
  [POST失败1/3] ConnectionError: ('Connection aborted.', ConnectionResetError(104, 'Connection reset by peer')) | https://prec.sxzwfw.gov.cn/queryContent-jyxx.jspx
  [POST失败2/3] ConnectionError: ('Connection aborted.', ConnectionResetError(104, 'Connection reset by peer')) | https://prec.sxzwfw.gov.cn/queryContent-jyxx.jspx
    ✓ 历史招标公告
  [GET失败1/3] ConnectionError: ('Connection aborted.', ConnectionResetError(104, 'Connection reset by peer')) | https://prec.sxzwfw.gov.cn/jyxxgchxr/1069788.jhtml
    ✓ 历史候选人监督部门
    ✓ 历史结果监督部门
  → upsert 完成：中标结果公示

  [中标结果公示] 2026年绛县小型农村供水工程规范化改造项目勘察设计
  [历史搜索] 2026年绛县小型农村供水工程规范化改造项目勘察设计
  [历史回填] 搜索项目：2026年绛县小型农村供水工程规范化改造项目勘察设计
    ✓ 历史招标公告
  [POST失败1/3] ReadTimeout: HTTPSConnectionPool(host='prec.sxzwfw.gov.cn', port=443): Read timed out. (read timeout=18) | https://prec.sxzwfw.gov.cn/queryContent-jyxx.jspx
  [POST失败2/3] ConnectionError: ('Connection aborted.', ConnectionResetError(104, 'Connection reset by peer')) | https://prec.sxzwfw.gov.cn/queryContent-jyxx.jspx
  [POST失败1/3] ConnectionError: ('Connection aborted.', ConnectionResetError(104, 'Connection reset by peer')) | https://prec.sxzwfw.gov.cn/queryContent-jyxx.jspx
  [GET失败1/3] ReadTimeout: HTTPSConnectionPool(host='prec.sxzwfw.gov.cn', port=443): Read timed out. (read timeout=15) | https://prec.sxzwfw.gov.cn/jyxxgchxr/1070321.jhtml
    ✓ 历史候选人监督部门
    ✓ 历史结果监督部门
  → upsert 完成：中标结果公示

  [中标结果公示] 襄垣县朝阳新区电力工程
  [历史搜索] 襄垣县朝阳新区电力工程
  [历史回填] 搜索项目：襄垣县朝阳新区电力工程
    ✓ 历史招标计划
    ✓ 历史招标公告
  [POST失败1/3] ReadTimeout: HTTPSConnectionPool(host='prec.sxzwfw.gov.cn', port=443): Read timed out. (read timeout=18) | https://prec.sxzwfw.gov.cn/queryContent-jyxx.jspx
  [GET失败1/3] ReadTimeout: HTTPSConnectionPool(host='prec.sxzwfw.gov.cn', port=443): Read timed out. (read timeout=15) | https://prec.sxzwfw.gov.cn/jyxxgchxr/1070480.jhtml
  [GET失败2/3] ReadTimeout: HTTPSConnectionPool(host='prec.sxzwfw.gov.cn', port=443): Read timed out. (read timeout=15) | https://prec.sxzwfw.gov.cn/jyxxgchxr/1070480.jhtml
    ✓ 历史候选人监督部门
  [POST失败1/3] ProxyError: HTTPSConnectionPool(host='prec.sxzwfw.gov.cn', port=443): Max retries exceeded with url: /queryContent-jyxx.jspx (Caused by ProxyError('Unable to connect to proxy', OSError('Tunnel connection failed: 407 Proxy Authentication Required'))) | https://prec.sxzwfw.gov.cn/queryContent-jyxx.jspx
  [POST失败2/3] ReadTimeout: HTTPSConnectionPool(host='prec.sxzwfw.gov.cn', port=443): Read timed out. (read timeout=18) | https://prec.sxzwfw.gov.cn/queryContent-jyxx.jspx
  [POST失败3/3] ReadTimeout: HTTPSConnectionPool(host='prec.sxzwfw.gov.cn', port=443): Read timed out. (read timeout=18) | https://prec.sxzwfw.gov.cn/queryContent-jyxx.jspx
  → upsert 完成：中标结果公示

  [中标结果公示] 黎城县公办养老中心项目施工
  [GET失败1/3] ConnectionError: ('Connection aborted.', ConnectionResetError(104, 'Connection reset by peer')) | https://prec.sxzwfw.gov.cn/jyxxgcgs/1071382.jhtml
  [GET失败2/3] ConnectionError: ('Connection aborted.', ConnectionResetError(104, 'Connection reset by peer')) | https://prec.sxzwfw.gov.cn/jyxxgcgs/1071382.jhtml
  [历史搜索] 黎城县公办养老中心项目施工
  [历史回填] 搜索项目：黎城县公办养老中心项目施工
  [GET失败1/3] ProxyError: HTTPSConnectionPool(host='prec.sxzwfw.gov.cn', port=443): Max retries exceeded with url: /jyxxgczb/1063141.jhtml (Caused by ProxyError('Unable to connect to proxy', OSError('Tunnel connection failed: 436 Proxy Authentication Failed'))) | https://prec.sxzwfw.gov.cn/jyxxgczb/1063141.jhtml
    ✓ 历史招标公告
  [GET失败1/3] ConnectionError: ('Connection aborted.', ConnectionResetError(104, 'Connection reset by peer')) | https://prec.sxzwfw.gov.cn/jyxxgchxr/1070316.jhtml
    ✓ 历史候选人监督部门
  [POST失败1/3] ReadTimeout: HTTPSConnectionPool(host='prec.sxzwfw.gov.cn', port=443): Read timed out. (read timeout=18) | https://prec.sxzwfw.gov.cn/queryContent-jyxx.jspx
    ✓ 历史结果监督部门
  → upsert 完成：中标结果公示

  [中标结果公示] 长治市天晚集路等27条路雨污分流改造工程（第一标段）施工项目
  [历史搜索] 长治市天晚集路等27条路雨污分流改造工程（第一标段）施工项目
  [历史回填] 搜索项目：长治市天晚集路等27条路雨污分流改造工程（第一标段）施工项目
    ✓ 历史招标公告
  [POST失败1/3] ProxyError: HTTPSConnectionPool(host='prec.sxzwfw.gov.cn', port=443): Max retries exceeded with url: /queryContent-jyxx.jspx (Caused by ProxyError('Unable to connect to proxy', OSError('Tunnel connection failed: 407 Proxy Authentication Required'))) | https://prec.sxzwfw.gov.cn/queryContent-jyxx.jspx
    ✓ 历史候选人监督部门
    ✓ 历史结果监督部门
  → upsert 完成：中标结果公示

  [中标结果公示] 平陆县2026年村道水毁工程
  [历史搜索] 平陆县2026年村道水毁工程
  [历史回填] 搜索项目：平陆县2026年村道水毁工程
    ✓ 历史招标计划
    ✓ 历史招标公告
    ✓ 历史候选人监督部门
  [POST失败1/3] ReadTimeout: HTTPSConnectionPool(host='prec.sxzwfw.gov.cn', port=443): Read timed out. (read timeout=18) | https://prec.sxzwfw.gov.cn/queryContent-jyxx.jspx
  [POST失败2/3] ConnectionError: ('Connection aborted.', RemoteDisconnected('Remote end closed connection without response')) | https://prec.sxzwfw.gov.cn/queryContent-jyxx.jspx
    ✓ 历史结果监督部门
  → upsert 完成：中标结果公示

  [中标结果公示] 大同市云冈区供水管网及设施更新改造项目
  [历史搜索] 大同市云冈区供水管网及设施更新改造项目
  [历史回填] 搜索项目：大同市云冈区供水管网及设施更新改造项目
  [POST失败1/3] ProxyError: HTTPSConnectionPool(host='prec.sxzwfw.gov.cn', port=443): Max retries exceeded with url: /queryContent-jyxx.jspx (Caused by ProxyError('Unable to connect to proxy', OSError('Tunnel connection failed: 407 Proxy Authentication Required'))) | https://prec.sxzwfw.gov.cn/queryContent-jyxx.jspx
    ✓ 历史招标计划
    ✓ 历史招标公告
  [POST失败1/3] ProxyError: HTTPSConnectionPool(host='prec.sxzwfw.gov.cn', port=443): Max retries exceeded with url: /queryContent-jyxx.jspx (Caused by ProxyError('Unable to connect to proxy', OSError('Tunnel connection failed: 407 Proxy Authentication Required'))) | https://prec.sxzwfw.gov.cn/queryContent-jyxx.jspx
  [GET失败1/3] ReadTimeout: HTTPSConnectionPool(host='prec.sxzwfw.gov.cn', port=443): Read timed out. (read timeout=15) | https://prec.sxzwfw.gov.cn/jyxxgchxr/1070942.jhtml
    ✓ 历史候选人监督部门
  [POST失败1/3] ProxyError: HTTPSConnectionPool(host='prec.sxzwfw.gov.cn', port=443): Max retries exceeded with url: /queryContent-jyxx.jspx (Caused by ProxyError('Unable to connect to proxy', OSError('Tunnel connection failed: 407 Proxy Authentication Required'))) | https://prec.sxzwfw.gov.cn/queryContent-jyxx.jspx
    ✓ 历史结果监督部门
  → upsert 完成：中标结果公示

  [中标结果公示] 太原市杏花岭区宇乔400MW/800MWh独立储能调频电站项目(EPC总承包）
  [GET失败1/3] ConnectionError: ('Connection aborted.', ConnectionResetError(104, 'Connection reset by peer')) | https://prec.sxzwfw.gov.cn/jyxxgcgs/1071357.jhtml
  [历史搜索] 太原市杏花岭区宇乔400MW/800MWh独立储能调频电站项目(EPC总承包）
  [历史回填] 搜索项目：太原市杏花岭区宇乔400MW/800MWh独立储能调频电站项目(EPC总承包）
  [POST失败1/3] ReadTimeout: HTTPSConnectionPool(host='prec.sxzwfw.gov.cn', port=443): Read timed out. (read timeout=18) | https://prec.sxzwfw.gov.cn/queryContent-jyxx.jspx
  → upsert 完成：中标结果公示

  [中标结果公示] 和顺县新建污水处理厂及配套管网项目监理
  [历史搜索] 和顺县新建污水处理厂及配套管网项目监理
  [历史回填] 搜索项目：和顺县新建污水处理厂及配套管网项目监理
  [POST失败1/3] ConnectionError: ('Connection aborted.', ConnectionResetError(104, 'Connection reset by peer')) | https://prec.sxzwfw.gov.cn/queryContent-jyxx.jspx
    ✓ 历史招标公告
  [POST失败1/3] ReadTimeout: HTTPSConnectionPool(host='prec.sxzwfw.gov.cn', port=443): Read timed out. (read timeout=18) | https://prec.sxzwfw.gov.cn/queryContent-jyxx.jspx
  [POST失败1/3] ConnectionError: ('Connection aborted.', ConnectionResetError(104, 'Connection reset by peer')) | https://prec.sxzwfw.gov.cn/queryContent-jyxx.jspx
    ✓ 历史候选人监督部门
    ✓ 历史结果监督部门
  → upsert 完成：中标结果公示

  [中标结果公示] 沁水县郑庄镇南大村薄膜大棚基地建设项目
  [GET失败1/3] ReadTimeout: HTTPSConnectionPool(host='prec.sxzwfw.gov.cn', port=443): Read timed out. (read timeout=15) | https://prec.sxzwfw.gov.cn/jyxxgcgs/1071333.jhtml
  [历史搜索] 沁水县郑庄镇南大村薄膜大棚基地建设项目
  [历史回填] 搜索项目：沁水县郑庄镇南大村薄膜大棚基地建设项目
    ✓ 历史招标计划
    ✓ 历史招标公告
  [POST失败1/3] ConnectionError: ('Connection aborted.', ConnectionResetError(104, 'Connection reset by peer')) | https://prec.sxzwfw.gov.cn/queryContent-jyxx.jspx
  [POST失败2/3] ConnectionError: ('Connection aborted.', ConnectionResetError(104, 'Connection reset by peer')) | https://prec.sxzwfw.gov.cn/queryContent-jyxx.jspx
    ✓ 历史候选人监督部门
  [POST失败1/3] ConnectionError: ('Connection aborted.', ConnectionResetError(104, 'Connection reset by peer')) | https://prec.sxzwfw.gov.cn/queryContent-jyxx.jspx
  [POST失败2/3] ConnectionError: ('Connection aborted.', ConnectionResetError(104, 'Connection reset by peer')) | https://prec.sxzwfw.gov.cn/queryContent-jyxx.jspx
    ✓ 历史结果监督部门
  → upsert 完成：中标结果公示

  [中标结果公示] 浑源县教育局建设工程消防改造专项整治一期项目
  [历史搜索] 浑源县教育局建设工程消防改造专项整治一期项目
  [历史回填] 搜索项目：浑源县教育局建设工程消防改造专项整治一期项目
    ✓ 历史招标计划
    ✓ 历史招标公告
  [POST失败1/3] ReadTimeout: HTTPSConnectionPool(host='prec.sxzwfw.gov.cn', port=443): Read timed out. (read timeout=18) | https://prec.sxzwfw.gov.cn/queryContent-jyxx.jspx
  [GET失败1/3] ConnectionError: ('Connection aborted.', ConnectionResetError(104, 'Connection reset by peer')) | https://prec.sxzwfw.gov.cn/jyxxgchxr/1070545.jhtml
    ✓ 历史候选人监督部门
  [POST失败1/3] ProxyError: HTTPSConnectionPool(host='prec.sxzwfw.gov.cn', port=443): Max retries exceeded with url: /queryContent-jyxx.jspx (Caused by ProxyError('Unable to connect to proxy', OSError('Tunnel connection failed: 407 Proxy Authentication Required'))) | https://prec.sxzwfw.gov.cn/queryContent-jyxx.jspx
    ✓ 历史结果监督部门
  → upsert 完成：中标结果公示
[索引] → /home/intsig/zwx/shanxi/output/山西_index.txt
[自检] → /home/intsig/zwx/shanxi/log/20260706_check.log

===== AI 兜底补充提取 =====
  [马村镇马村村高标准设施蔬菜基地项目] AI补字段 ['招标代理机构地址'] ← https://prec.sxzwfw.gov.cn/jyxxgczb/1069822.jhtml
    ✗ 招标代理机构地址: AI未提取
  [万荣县2026年农村公路建设工程(大谢至吴村、徐家崖进村路、仓里通村路)] AI补字段 ['开标时间', '标书发售时间', '公告内容', '招标人', '招标人地址', '招标人联系人', '招标人联系方式', '招标代理机构', '招标代理机构地址', '招标代理机构联系人', '招标代理机构联系方式', '监督部门', '监督部门联系方式'] ← https://prec.sxzwfw.gov.cn/jyxxgczb/1069593.jhtml
  [GET失败1/5] ReadTimeout: HTTPSConnectionPool(host='prec.sxzwfw.gov.cn', port=443): Read timed out. (read timeout=15) | https://prec.sxzwfw.gov.cn/jyxxgczb/1069593.jhtml
  [PDF公告] 发现PDF: https://ggzyjyzx.yuncheng.gov.cn:8083/upload/wj/2c9f80959f12ded0019f162e6c650470.pdf
  [PDF] 直接提取文字成功，长度=3322
    ✓ 开标时间: 2026 年7 月22 日9 时00 分
    ✓ 标书发售时间: 2026 年7 月1 日00:00:00 至2026 年7 月8 日00:00:00
    ✓ 公告内容: 万荣县2026 年农村公路建设工程(大谢至吴村、徐家崖进村路、仓里通村路)招标公告（项目编号：2026GC010625） 招标项目所在地区：运城市万荣县 一、招
    ✓ 招标人: 万荣县交通运输局
    ✓ 招标人地址: 万荣县解店镇汇源街
    ✓ 招标人联系人: 王先生
    ✓ 招标人联系方式: 15935990567
    ✓ 招标代理机构: 山西森鹏项目管理有限公司
    ✓ 招标代理机构地址: 运城市盐湖区恒大绿洲5 号楼3 单元601 室
    ✓ 招标代理机构联系人: 张女士
    ✓ 招标代理机构联系方式: 19135825352
    ✓ 监督部门: 运城市交通运输局
    ✓ 监督部门联系方式: 0359-2050335
  [太原轨道交通集团2026年信息化一期及听景APP维保服务项目(二次)] AI补字段 ['标书发售时间', '招标代理机构', '招标代理机构地址', '招标代理机构联系人', '招标代理机构联系方式'] ← https://prec.sxzwfw.gov.cn/jyxxgczb/1062946.jhtml
    ✓ 标书发售时间: 2026年06月08日17时00分 - 2026年06月15日17时00分
    ✓ 招标代理机构: 山西众恒工程招标代理有限公司
    ✓ 招标代理机构地址: 太原市迎泽区并州北路35号金港大厦C座东厅601
    ✓ 招标代理机构联系人: 花艳春
    ✓ 招标代理机构联系方式: 0351-3195088、15635151113
  [太原市杏花岭区宇乔400MW/800MWh独立储能调频电站项目(EPC总承包）] AI补字段 ['监督部门联系方式'] ← https://prec.sxzwfw.gov.cn/jyxxgcgs/1071357.jhtml
  [GET失败1/5] ReadTimeout: HTTPSConnectionPool(host='prec.sxzwfw.gov.cn', port=443): Read timed out. (read timeout=15) | https://prec.sxzwfw.gov.cn/jyxxgcgs/1071357.jhtml
  [GET失败2/5] ProxyError: HTTPSConnectionPool(host='prec.sxzwfw.gov.cn', port=443): Max retries exceeded with url: /jyxxgcgs/1071357.jhtml (Caused by ProxyError('Unable to connect to proxy', OSError('Tunnel connection failed: 436 Proxy Authentication Failed'))) | https://prec.sxzwfw.gov.cn/jyxxgcgs/1071357.jhtml
    ✗ 监督部门联系方式: AI未提取
  [太原西山“骑行+”户外运动场地设施与服务保障设施建设项目施工] AI补字段 ['监督部门'] ← https://prec.sxzwfw.gov.cn/jyxxgcgs/1070917.jhtml
  [GET失败1/5] ProxyError: HTTPSConnectionPool(host='prec.sxzwfw.gov.cn', port=443): Max retries exceeded with url: /jyxxgcgs/1070917.jhtml (Caused by ProxyError('Unable to connect to proxy', OSError('Tunnel connection failed: 407 Proxy Authentication Required'))) | https://prec.sxzwfw.gov.cn/jyxxgcgs/1070917.jhtml
    ✗ 监督部门: AI未提取
  [清徐县集中供热联网扩容改造工程监理] AI补字段 ['招标代理机构联系人'] ← https://prec.sxzwfw.gov.cn/jyxxgczb/1062945.jhtml
    ✓ 招标代理机构联系人: 罗丽
  [2025年长治市潞州区雨污分流管网改造项目监理] AI补字段 ['标书发售时间', '招标人', '招标人地址', '招标人联系人', '招标人联系方式', '招标代理机构', '招标代理机构地址', '招标代理机构联系人', '招标代理机构联系方式'] ← https://prec.sxzwfw.gov.cn/jyxxgczb/1063189.jhtml
    ✓ 标书发售时间: 2026年6月9日 至 2026年6月30日
    ✓ 招标人: 长治市潞州区住房和城乡建设局
    ✓ 招标人地址: 长治市北外环关杜庄村
    ✓ 招标人联系人: 郝先生
    ✓ 招标人联系方式: 0355-2231454
    ✓ 招标代理机构: 山西卓智建设项目管理有限公司
    ✓ 招标代理机构地址: 山西省长治市长治高新技术产业开发区城西北路7080城1号楼4号商铺
    ✓ 招标代理机构联系人: 张先生
    ✓ 招标代理机构联系方式: 0355-6955666
  [山西蓝焰煤层气集团有限责任公司2026年和顺横岭区块煤层气勘查开发项目煤层气井钻井工程二次重新招标] AI补字段 ['招标人地址', '招标人联系人', '招标人联系方式'] ← https://prec.sxzwfw.gov.cn/jyxxgczb/1063443.jhtml
  [GET失败1/5] ProxyError: HTTPSConnectionPool(host='prec.sxzwfw.gov.cn', port=443): Max retries exceeded with url: /jyxxgczb/1063443.jhtml (Caused by ProxyError('Unable to connect to proxy', OSError('Tunnel connection failed: 407 Proxy Authentication Required'))) | https://prec.sxzwfw.gov.cn/jyxxgczb/1063443.jhtml
    ✓ 招标人地址: 太原市长治路345号东楼23层
    ✓ 招标人联系人: 李晓辉、张朝、闫潇腾
    ✓ 招标人联系方式: 0351-2453225、2221733、2221755
  [山西省阳泉市太行山（山西段东南部）生态保护修复与水土流失综合治理项目（2026年平定县建设任务）施工二次第二十二标段] AI补字段 ['监督部门'] ← https://prec.sxzwfw.gov.cn/jyxxgcgs/1071411.jhtml
  [GET失败1/5] ReadTimeout: HTTPSConnectionPool(host='prec.sxzwfw.gov.cn', port=443): Read timed out. (read timeout=15) | https://prec.sxzwfw.gov.cn/jyxxgcgs/1071411.jhtml
    ✓ 监督部门: 阳泉市规划和自然资源局
  [应县2026年大石线-新堡东等4条农村道路改造工程项目] AI补字段 ['监督部门联系方式'] ← https://prec.sxzwfw.gov.cn/jyxxgcgs/1071501.jhtml
  [GET失败1/5] ConnectionError: ('Connection aborted.', ConnectionResetError(104, 'Connection reset by peer')) | https://prec.sxzwfw.gov.cn/jyxxgcgs/1071501.jhtml
  [GET失败2/5] ReadTimeout: HTTPSConnectionPool(host='prec.sxzwfw.gov.cn', port=443): Read timed out. (read timeout=15) | https://prec.sxzwfw.gov.cn/jyxxgcgs/1071501.jhtml
  [GET失败3/5] ConnectionError: ('Connection aborted.', ConnectionResetError(104, 'Connection reset by peer')) | https://prec.sxzwfw.gov.cn/jyxxgcgs/1071501.jhtml
    ✓ 监督部门联系方式: 朔州市交通运输局
  [华信振阳高新区200MW/400MWh独立储能项目EPC总承包] AI补字段 ['监督部门'] ← https://prec.sxzwfw.gov.cn/jyxxgcgs/1071264.jhtml
    ✗ 监督部门: AI未提取
  [原平市2025年农村公路灾毁改造工程（裕隆社区-武彦等6条）监理项目] AI补字段 ['监督部门联系方式'] ← https://prec.sxzwfw.gov.cn/jyxxgchxr/1069689.jhtml
    ✗ 监督部门联系方式: AI未提取
  [长治市天晚集路等27条路雨污分流改造工程（第一标段）施工项目] AI补字段 ['标书发售时间'] ← https://prec.sxzwfw.gov.cn/jyxxgczb/1060367.jhtml
    ✓ 标书发售时间: 2026年05月29日至2026年06月22日
  [五台山站站前综合交通枢纽及相关市政配套项目（供电工程）设计项目] AI补字段 ['监督部门联系方式'] ← https://prec.sxzwfw.gov.cn/jyxxgchxr/1069607.jhtml
    ✗ 监督部门联系方式: AI未提取
  [朔城区2026年中央财政“三北”工程巩固防沙治沙成果项目（2021年营造林10687亩）项目] AI补字段 ['监督部门联系方式'] ← https://prec.sxzwfw.gov.cn/jyxxgcgs/1071027.jhtml
  [GET失败1/5] ProxyError: HTTPSConnectionPool(host='prec.sxzwfw.gov.cn', port=443): Max retries exceeded with url: /jyxxgcgs/1071027.jhtml (Caused by ProxyError('Unable to connect to proxy', OSError('Tunnel connection failed: 407 Proxy Authentication Required'))) | https://prec.sxzwfw.gov.cn/jyxxgcgs/1071027.jhtml
    ✗ 监督部门联系方式: AI未提取
  [代县城市地下管网及设施建设改造工程-东北街片区（分区二）施工项目] AI补字段 ['监督部门联系方式'] ← https://prec.sxzwfw.gov.cn/jyxxgchxr/1069209.jhtml
  [GET失败1/5] ProxyError: HTTPSConnectionPool(host='prec.sxzwfw.gov.cn', port=443): Max retries exceeded with url: /jyxxgchxr/1069209.jhtml (Caused by ProxyError('Unable to connect to proxy', OSError('Tunnel connection failed: 436 Proxy Authentication Failed'))) | https://prec.sxzwfw.gov.cn/jyxxgchxr/1069209.jhtml
    ✗ 监督部门联系方式: AI未提取
  [吉县吉电200MW/400MWh独立储能电站EPC总承包] AI补字段 ['监督部门联系方式'] ← https://prec.sxzwfw.gov.cn/jyxxgcgs/1070781.jhtml
    ✗ 监督部门联系方式: AI未提取
  [大同市晋北地区高原风沙源生态保护和修复项目桦林背林场2026年人工造林(1,2,3,4,5,6,8,9,10,11,12,] AI补字段 ['监督部门联系方式'] ← https://prec.sxzwfw.gov.cn/jyxxgczb/1069176.jhtml
    ✗ 监督部门联系方式: AI未提取
  [山西阳煤寺家庄煤业有限责任公司矿井水处理站改造工程（EPC）项目] AI补字段 ['监督部门联系方式'] ← https://prec.sxzwfw.gov.cn/jyxxgczb/1060440.jhtml
    ✓ 监督部门联系方式: 0354-4326116
  [高平市炎谷丰高标准设施蔬菜基地项目(002二标段)] AI补字段 ['监督部门联系方式'] ← https://prec.sxzwfw.gov.cn/jyxxgchxr/1067695.jhtml
    ✗ 监督部门联系方式: AI未提取
  [太原天然气有限公司太原市2026年住宅小区居民共有老旧庭院燃气管网及户内立管更新改造项目工程施工] AI补字段 ['监督部门联系方式'] ← https://prec.sxzwfw.gov.cn/jyxxgcgs/1069250.jhtml
    ✗ 监督部门联系方式: AI未提取
  [黄水河宁武县段河道治理工程勘察设计项目] AI补字段 ['监督部门联系方式'] ← https://prec.sxzwfw.gov.cn/jyxxgchxr/1067711.jhtml
  [GET失败1/5] ProxyError: HTTPSConnectionPool(host='prec.sxzwfw.gov.cn', port=443): Max retries exceeded with url: /jyxxgchxr/1067711.jhtml (Caused by ProxyError('Unable to connect to proxy', OSError('Tunnel connection failed: 407 Proxy Authentication Required'))) | https://prec.sxzwfw.gov.cn/jyxxgchxr/1067711.jhtml
    ✗ 监督部门联系方式: AI未提取
  [高平市燃气老化管网及设施更新改造工程（老化燃气管道更新改造EPC）] AI补字段 ['招标代理机构地址'] ← https://prec.sxzwfw.gov.cn/jyxxgczb/1060412.jhtml
  [GET失败1/5] ConnectionError: ('Connection aborted.', ConnectionResetError(104, 'Connection reset by peer')) | https://prec.sxzwfw.gov.cn/jyxxgczb/1060412.jhtml
  [GET失败2/5] ReadTimeout: HTTPSConnectionPool(host='prec.sxzwfw.gov.cn', port=443): Read timed out. (read timeout=15) | https://prec.sxzwfw.gov.cn/jyxxgczb/1060412.jhtml
    ✗ 招标代理机构地址: AI未提取
  [和顺县生活垃圾焚烧发电项目特许经营者] AI补字段 ['监督部门联系方式'] ← https://prec.sxzwfw.gov.cn/jyxxgczb/1070243.jhtml
    ✗ 监督部门联系方式: AI未提取
  [杏花岭区2024年老旧小区改造项目（二期）设计施工总承包（EPC）(004标段四)] AI补字段 ['监督部门联系方式'] ← https://prec.sxzwfw.gov.cn/jyxxgcgs/1071595.jhtml
    ✗ 监督部门联系方式: AI未提取
  [大禹渡灌区新增恢复灌溉面积工程2026年度项目二次] AI补字段 ['开标时间', '标书发售时间', '公告内容', '招标人', '招标人地址', '招标人联系人', '招标人联系方式', '招标代理机构', '招标代理机构地址', '招标代理机构联系人', '招标代理机构联系方式'] ← https://prec.sxzwfw.gov.cn/jyxxgczb/1062720.jhtml
  [PDF公告] 发现PDF: https://ggzyjyzx.yuncheng.gov.cn:8083/upload/wj/2c9f80959e25d986019e96b8ebca1e4f.pdf
  [PDF] 直接提取文字成功，长度=1883
    ✓ 开标时间: 2026-06-30 09:00
    ✓ 标书发售时间: 2026-06-08 00:00
    ✓ 公告内容: 大禹渡灌区新增恢复灌溉面积工程2026 年度项目二次 招标公告 （招标编号：2026GC010421） 招标项目所在地区：运城市芮城县 一、招标条件 本大禹渡灌
    ✓ 招标人: 运城市大禹渡扬水工程服务中心
    ✓ 招标人地址: 芮城县永乐北路13 号
    ✓ 招标人联系人: 王先生
    ✓ 招标人联系方式: 0359-3025741-8201
    ✓ 招标代理机构: 山西河东投资项目管理咨询服务有限公司
    ✓ 招标代理机构地址: 运城市盐湖区槐东南路西侧国土公寓一单元7层701
    ✓ 招标代理机构联系人: 任女士
    ✓ 招标代理机构联系方式: 18003598581
  [2026年绛县小型农村供水工程规范化改造项目勘察设计] AI补字段 ['开标时间', '标书发售时间', '公告内容', '招标人', '招标人地址', '招标人联系人', '招标人联系方式', '招标代理机构', '招标代理机构地址', '招标代理机构联系人', '招标代理机构联系方式'] ← https://prec.sxzwfw.gov.cn/jyxxgczb/1063480.jhtml
  [PDF公告] 发现PDF: https://ggzyjyzx.yuncheng.gov.cn:8083/upload/wj/2c9f80959e25d986019eaf11c32b2e62.pdf
  [PDF] 直接提取文字成功，长度=2091
    ✓ 开标时间: 2026年7月1日09时00分
    ✓ 标书发售时间: 2026年6月10日09时30分至2026年6月17日09时30分
    ✓ 公告内容: 2026 年绛县小型农村供水工程规范化改造项目勘察设计 招标公告 （招标编号：2026GC010558） 招标项目所在地区：运城市绛县 一、招标条件 本2026
    ✓ 招标人: 绛县水务局
    ✓ 招标人地址: 运城市绛县古绛镇健康路28号
    ✓ 招标人联系人: 李先生
    ✓ 招标人联系方式: 13834380197
    ✓ 招标代理机构: 山西耀龙国际工程项目管理有限责任公司
    ✓ 招标代理机构地址: 运城市盐湖区红旗东街盐湖城40号楼6号商铺
    ✓ 招标代理机构联系人: 燕先生
    ✓ 招标代理机构联系方式: 17536363646
  [黎城县公办养老中心项目施工] AI补字段 ['开标时间', '标书发售时间'] ← https://prec.sxzwfw.gov.cn/jyxxgczb/1063141.jhtml
    ✓ 开标时间: 2026年6月30日上午9时30分
    ✓ 标书发售时间: 2026年6月9日至2026年6月30日上午9时30分
  [杨家堡污水厂进水管网改造工程施工] AI补字段 ['招标代理机构联系人'] ← https://prec.sxzwfw.gov.cn/jyxxgczb/1063397.jhtml
    ✓ 招标代理机构联系人: 赵鑫
  [中村镇张马村历山花卉融创基地] AI补字段 ['监督部门联系方式'] ← https://prec.sxzwfw.gov.cn/jyxxgchxr/1070266.jhtml
    ✗ 监督部门联系方式: AI未提取
  [大秦铁路股份有限公司太原铁路工程建设指挥部太原动车组运用所增设控制集中系统（CCS）工程施工总价承包项目(1标段)中标候选人公示更正] AI补字段 ['监督部门联系方式'] ← https://prec.sxzwfw.gov.cn/jyxxgchxr/1070214.jhtml
    ✓ 监督部门联系方式: 电话：0351-2631760；电话：0351-2620377
  [晋中市松塔水库供水（二期）工程管材及管件采购03标] AI补字段 ['监督部门联系方式'] ← https://prec.sxzwfw.gov.cn/jyxxgchxr/1070208.jhtml
    ✗ 监督部门联系方式: AI未提取
  [杨家堡污水厂进水管网改造工程监理] AI补字段 ['招标代理机构联系人'] ← https://prec.sxzwfw.gov.cn/jyxxgczb/1063398.jhtml
    ✓ 招标代理机构联系人: 赵鑫
  [平陆县2026年村道水毁工程] AI补字段 ['开标时间', '标书发售时间', '公告内容', '招标人', '招标人地址', '招标人联系人', '招标人联系方式', '招标代理机构', '招标代理机构地址', '招标代理机构联系人', '招标代理机构联系方式'] ← https://prec.sxzwfw.gov.cn/jyxxgczb/1062514.jhtml
  [GET失败1/5] ConnectionError: ('Connection aborted.', ConnectionResetError(104, 'Connection reset by peer')) | https://prec.sxzwfw.gov.cn/jyxxgczb/1062514.jhtml
  [PDF公告] 发现PDF: https://ggzyjyzx.yuncheng.gov.cn:8083/upload/wj/2c9f80959e25d986019e96ce7a0b2044.pdf
  [PDF] 直接提取文字成功，长度=3358
    ✓ 开标时间: 2026 年 06 月 30 日09 时00 分
    ✓ 标书发售时间: 2026 年 06 月 08 日00 时00 分至 2026 年 06 月 13 日00 时00 分
    ✓ 公告内容: 平陆县2026年村道水毁工程 招标公告 （招标项目编号：2026GC010554） 招标项目所在地区: 运城市平陆县 一、招标条件 本平陆县2026 年村道水毁
    ✓ 招标人: 平陆县交通运输局
    ✓ 招标人地址: 平陆县五一街东21 号
    ✗ 招标人联系人: AI未提取
    ✓ 招标人联系方式: 0359-3522110
    ✓ 招标代理机构: 山西盛世华顺工程项目管理有限公司
    ✓ 招标代理机构地址: 山西省运城市盐湖区人民北路1950 号理想创业大厦7F1213 号
    ✓ 招标代理机构联系人: 耿先生
    ✓ 招标代理机构联系方式: 133 3348 1773
  [太原市2022年小街小巷改造工程-西峰街、禧悦路-禧悦路道路工程施工] AI补字段 ['标书发售时间'] ← https://prec.sxzwfw.gov.cn/jyxxgczb/1064055.jhtml
    ✓ 标书发售时间: 2026年06月11日17时00分至2026年06月16日17时00分
  [原平市2025年农村公路灾毁改造工程（裕隆社区-武彦等6条）施工项目] AI补字段 ['监督部门联系方式'] ← https://prec.sxzwfw.gov.cn/jyxxgchxr/1070610.jhtml
    ✗ 监督部门联系方式: AI未提取
  [中共沁县县委党校培训基地改造提升工程建设项目施工] AI补字段 ['标书发售时间', '招标人', '招标人地址', '招标人联系人', '招标人联系方式'] ← https://prec.sxzwfw.gov.cn/jyxxgczb/1063202.jhtml
    ✓ 标书发售时间: 2026 年 06 月 09 日至 2026 年 07 月 01 日
    ✓ 招标人: 沁县机关事务中心
    ✓ 招标人地址: 山西省长治市沁县胜利路 33 号
    ✓ 招标人联系人: 王先生
    ✓ 招标人联系方式: 0355-702 4589
  [沁水县郑庄镇南大村薄膜大棚基地建设项目] AI补字段 ['标书发售时间'] ← https://prec.sxzwfw.gov.cn/jyxxgczb/1063349.jhtml
    ✓ 标书发售时间: 2026年6月9日 18:00至2026年6月14日 18:00
  [山阴县第四中学校教学楼加固改造工程项目] AI补字段 ['监督部门联系方式'] ← https://prec.sxzwfw.gov.cn/jyxxgcgs/1071427.jhtml
  [GET失败1/5] ReadTimeout: HTTPSConnectionPool(host='prec.sxzwfw.gov.cn', port=443): Read timed out. (read timeout=15) | https://prec.sxzwfw.gov.cn/jyxxgcgs/1071427.jhtml
    ✗ 监督部门联系方式: AI未提取
  [襄垣县朝阳新区电力工程] AI补字段 ['标书发售时间', '招标人', '招标人地址', '招标人联系人', '招标人联系方式', '招标代理机构', '招标代理机构地址', '招标代理机构联系人', '招标代理机构联系方式'] ← https://prec.sxzwfw.gov.cn/jyxxgczb/1063306.jhtml
  [GET失败1/5] ReadTimeout: HTTPSConnectionPool(host='prec.sxzwfw.gov.cn', port=443): Read timed out. (read timeout=15) | https://prec.sxzwfw.gov.cn/jyxxgczb/1063306.jhtml
    ✓ 标书发售时间: 2026年06月09日至2026年07月01日
    ✓ 招标人: 襄垣县市政园林服务中心
    ✓ 招标人地址: 襄垣县城北街56号
    ✓ 招标人联系人: 王先生
    ✓ 招标人联系方式: 0355-7225108
    ✓ 招标代理机构: 山西汇策工程项目管理有限公司
    ✓ 招标代理机构地址: 山西省长治市长治高新技术产业开发区保宁门西街309号世纪城1幢13层1304号
    ✓ 招标代理机构联系人: 韩女士
    ✓ 招标代理机构联系方式: 0355-2077866
  [代县城市地下管网及设施建设改造工程-东北街片区（分区一）施工项目] AI补字段 ['监督部门联系方式'] ← https://prec.sxzwfw.gov.cn/jyxxgchxr/1068808.jhtml
  [GET失败1/5] ConnectionError: ('Connection aborted.', ConnectionResetError(104, 'Connection reset by peer')) | https://prec.sxzwfw.gov.cn/jyxxgchxr/1068808.jhtml
    ✗ 监督部门联系方式: AI未提取
  [代县城市地下管网及设施建设改造工程-东北街片区（分区一）监理项目] AI补字段 ['监督部门联系方式'] ← https://prec.sxzwfw.gov.cn/jyxxgchxr/1068807.jhtml
  [GET失败1/5] ConnectionError: ('Connection aborted.', ConnectionResetError(104, 'Connection reset by peer')) | https://prec.sxzwfw.gov.cn/jyxxgchxr/1068807.jhtml
  [GET失败2/5] ProxyError: HTTPSConnectionPool(host='prec.sxzwfw.gov.cn', port=443): Max retries exceeded with url: /jyxxgchxr/1068807.jhtml (Caused by ProxyError('Unable to connect to proxy', OSError('Tunnel connection failed: 407 Proxy Authentication Required'))) | https://prec.sxzwfw.gov.cn/jyxxgchxr/1068807.jhtml
  [GET失败3/5] ConnectionError: ('Connection aborted.', ConnectionResetError(104, 'Connection reset by peer')) | https://prec.sxzwfw.gov.cn/jyxxgchxr/1068807.jhtml
    ✗ 监督部门联系方式: AI未提取
  [泽州县丹溪片区集中供热建设项目（EPC）总承包中标结果公告] AI补字段 ['监督部门联系方式'] ← https://prec.sxzwfw.gov.cn/jyxxgcgs/1070481.jhtml
    ✗ 监督部门联系方式: AI未提取
  [高平市原村乡冯村村集中供热二网项目] AI补字段 ['监督部门联系方式'] ← https://prec.sxzwfw.gov.cn/jyxxgczb/1071190.jhtml
    ✗ 监督部门联系方式: AI未提取
  [平鲁区李林中学3#学生公寓维修工程（装饰装修）项目] AI补字段 ['监督部门联系方式'] ← https://prec.sxzwfw.gov.cn/jyxxgcgs/1071500.jhtml
    ✗ 监督部门联系方式: AI未提取
  [阳高县罗文皂镇镇大沟水毁河道清淤工程施工] AI补字段 ['监督部门联系方式'] ← https://prec.sxzwfw.gov.cn/jyxxgchxr/1070951.jhtml
  [GET失败1/5] ReadTimeout: HTTPSConnectionPool(host='prec.sxzwfw.gov.cn', port=443): Read timed out. (read timeout=15) | https://prec.sxzwfw.gov.cn/jyxxgchxr/1070951.jhtml
    ✗ 监督部门联系方式: AI未提取
  [文水县崇文九年一贯制学校建设项目（一标段）施工] AI补字段 ['标书发售时间', '招标代理机构', '招标代理机构地址', '招标代理机构联系人', '招标代理机构联系方式'] ← https://prec.sxzwfw.gov.cn/jyxxgczb/1063940.jhtml
    ✓ 标书发售时间: 2026年6月11日17时00分至2026年7月2日10时00分
    ✓ 招标代理机构: 山西轩承工程项目管理有限责任公司
    ✓ 招标代理机构地址: 山西省太原市万柏林区迎泽西大街381号迎泽世纪城2幢C座16层1607、1608号房
    ✓ 招标代理机构联系人: 张女士
    ✓ 招标代理机构联系方式: 13303582290
  [运城市南风广场基础设施维修改造项目] AI补字段 ['开标时间', '标书发售时间', '公告内容', '招标人', '招标人地址', '招标人联系人', '招标人联系方式', '招标代理机构', '招标代理机构地址', '招标代理机构联系人', '招标代理机构联系方式'] ← https://prec.sxzwfw.gov.cn/jyxxgczb/1062805.jhtml
  [PDF公告] 发现PDF: https://ggzyjyzx.yuncheng.gov.cn:8083/upload/wj/2c9f80959e25d986019ea52f034c25c5.pdf
  [PDF] 直接提取文字成功，长度=2803
    ✓ 开标时间: 2026 年7 月2 日09 时00 分
    ✓ 标书发售时间: 2026 年6 月8 日15 时00 分至2026 年6 月13 日15 时00 分
    ✓ 公告内容: 运城市南风广场基础设施维修改造项目 招标公告 （招标编号：2026GC010555） 招标项目所在地区：运城市 一、招标条件 本运城市南风广场基础设施维修改造项
    ✗ 招标人: AI未提取
    ✗ 招标人地址: AI未提取
    ✗ 招标人联系人: AI未提取
    ✗ 招标人联系方式: AI未提取
    ✗ 招标代理机构: AI未提取
    ✗ 招标代理机构地址: AI未提取
    ✗ 招标代理机构联系人: AI未提取
    ✗ 招标代理机构联系方式: AI未提取
  [临猗县郇阳灌区超采区水源置换工程（二期北干7-11支）] AI补字段 ['开标时间', '标书发售时间', '公告内容', '招标人', '招标人地址', '招标人联系人', '招标人联系方式', '招标代理机构', '招标代理机构地址', '招标代理机构联系人', '招标代理机构联系方式', '监督部门', '监督部门联系方式'] ← https://prec.sxzwfw.gov.cn/jyxxgczb/1071719.jhtml
  [GET失败1/5] ReadTimeout: HTTPSConnectionPool(host='prec.sxzwfw.gov.cn', port=443): Read timed out. (read timeout=15) | https://prec.sxzwfw.gov.cn/jyxxgczb/1071719.jhtml
  [GET失败2/5] ConnectionError: ('Connection aborted.', ConnectionResetError(104, 'Connection reset by peer')) | https://prec.sxzwfw.gov.cn/jyxxgczb/1071719.jhtml
  [GET失败3/5] ReadTimeout: HTTPSConnectionPool(host='prec.sxzwfw.gov.cn', port=443): Read timed out. (read timeout=15) | https://prec.sxzwfw.gov.cn/jyxxgczb/1071719.jhtml
  [PDF公告] 发现PDF: https://ggzyjyzx.yuncheng.gov.cn:8083/upload/wj/2c9f80959f274add019f3556b40a03b9.pdf
  [PDF] 下载: https://ggzyjyzx.yuncheng.gov.cn:8083/upload/wj/2c9f80959f274add019f3556b40a03b9.pdf
  [GET失败1/5] ReadTimeout: HTTPSConnectionPool(host='ggzyjyzx.yuncheng.gov.cn', port=8083): Read timed out. (read timeout=15) | https://ggzyjyzx.yuncheng.gov.cn:8083/upload/wj/2c9f80959f274add019f3556b40a03b9.pdf
  [PDF] 直接提取文字成功，长度=4657
    ✓ 开标时间: 2026年7月28日9时00分
    ✓ 标书发售时间: 2026年7月7日00时00分至2026年7月13日18时00分
    ✓ 公告内容: 临猗县郇阳灌区超采区水源置换工程（二期北干7-11 支）招标公告（招标编号：2026GC010651）招标项目所在地区：运城市临猗县一、招标条件临猗县郇阳灌区超
    ✓ 招标人: 临猗县水务局
    ✓ 招标人地址: 临猗县南环东路469 号
    ✓ 招标人联系人: 谢先生
    ✓ 招标人联系方式: 17735908728
    ✓ 招标代理机构: 中鼎誉润工程咨询有限公司
    ✓ 招标代理机构地址: 运城市盐湖区红旗东街盐湖城小区
    ✓ 招标代理机构联系人: 张女士
    ✓ 招标代理机构联系方式: 0359-8333353
    ✓ 监督部门: 运城市水务局
    ✓ 监督部门联系方式: 0359-2260828
  [孝河幸福河湖建设工程施工施工项目] AI补字段 ['招标代理机构', '招标代理机构地址', '招标代理机构联系人', '招标代理机构联系方式', '监督部门联系方式'] ← https://prec.sxzwfw.gov.cn/jyxxgczb/1071699.jhtml
    ✓ 招标代理机构: 山西晋广盛德招标代理有限公司
    ✓ 招标代理机构地址: 山西省晋中市介休市史公东路483号信合苑小区9号楼3号门面
    ✓ 招标代理机构联系人: 陈女士
    ✓ 招标代理机构联系方式: 13603542364
    ✓ 监督部门联系方式: 0358-8282206
  [壶关县龙泉镇农村生活污水治理项目设计] AI补字段 ['开标时间', '标书发售时间'] ← https://prec.sxzwfw.gov.cn/jyxxgczb/1071663.jhtml
    ✓ 开标时间: 2026-07-28 09:30
    ✓ 标书发售时间: 2026-07-06至2026-07-28
  [长治市上党区城区老旧供热管网增容及配套设施改造工程初步设计] AI补字段 ['标书发售时间'] ← https://prec.sxzwfw.gov.cn/jyxxgczb/1071631.jhtml
  [GET失败1/5] ConnectionError: ('Connection aborted.', ConnectionResetError(104, 'Connection reset by peer')) | https://prec.sxzwfw.gov.cn/jyxxgczb/1071631.jhtml
    ✓ 标书发售时间: 2026年7月6日至2026年7月29日
  [武乡县大有乡峪口村基础设施以工代赈项目施工] AI补字段 ['开标时间', '标书发售时间', '招标人', '招标人地址', '招标人联系人', '招标人联系方式', '招标代理机构', '招标代理机构地址', '招标代理机构联系人', '招标代理机构联系方式'] ← https://prec.sxzwfw.gov.cn/jyxxgczb/1071601.jhtml
    ✓ 开标时间: 2026-07-28 09:30
    ✓ 标书发售时间: 2026-07-06 至 2026-07-28
    ✓ 招标人: 武乡县大有乡人民政府
    ✓ 招标人地址: 武乡县大有乡大有村
    ✓ 招标人联系人: 武先生
    ✓ 招标人联系方式: 0355-6430667
    ✓ 招标代理机构: 山西潞缘工程项目管理有限公司
    ✓ 招标代理机构地址: 长治市潞州区太行西街406号中央商务大厦C座（政务大厅）13层C1302A、C1301号
    ✓ 招标代理机构联系人: 石亚宁、栾妮杰
    ✓ 招标代理机构联系方式: 0355-2082228
  [文水县学校消防审验专项整治改造工程EPC总承包其它项目] AI补字段 ['标书发售时间', '招标人', '招标人地址', '招标人联系人', '招标人联系方式', '招标代理机构', '招标代理机构地址', '招标代理机构联系人', '招标代理机构联系方式'] ← https://prec.sxzwfw.gov.cn/jyxxgczb/1071579.jhtml
    ✓ 标书发售时间: 2026年7月6日18时00分至2026年8月7日10时00分
    ✓ 招标人: 文水县教育体育局
    ✓ 招标人地址: 吕梁市文水县御庭华府西北侧
    ✓ 招标人联系人: 王先生
    ✓ 招标人联系方式: 13453862211
    ✓ 招标代理机构: 山西省国际招标有限公司
    ✓ 招标代理机构地址: 太原市长兴南街8号阳光城环球金融中心B座9层
    ✓ 招标代理机构联系人: 杨先生
    ✓ 招标代理机构联系方式: 15035182125
  [文水县崇文九年一贯制学校建设项目监理] AI补字段 ['开标时间', '标书发售时间'] ← https://prec.sxzwfw.gov.cn/jyxxgczb/1071569.jhtml
    ✓ 开标时间: 2026年7月28日10时00分
    ✓ 标书发售时间: 2026年7月6日17时00分至2026年7月28日10时00分
  [山西省长治市壶关县高级中学建设项目施工] AI补字段 ['标书发售时间', '招标人', '招标人地址', '招标人联系人', '招标人联系方式', '招标代理机构', '招标代理机构地址', '招标代理机构联系人', '招标代理机构联系方式'] ← https://prec.sxzwfw.gov.cn/jyxxgczb/1071513.jhtml
    ✓ 标书发售时间: 2026 年 7 月 6 日至 2026 年 7 月 27 日
    ✓ 招标人: 壶关县教育局
    ✓ 招标人地址: 壶关县新建路堡子里巷1号
    ✓ 招标人联系人: 牛永清
    ✓ 招标人联系方式: 0355-8778530
    ✓ 招标代理机构: 华安项目管理咨询有限公司
    ✓ 招标代理机构地址: 山西省太原市小店区长风街705号和信商座19层
    ✓ 招标代理机构联系人: 石羽、郭增林
    ✓ 招标代理机构联系方式: 18635183930
  [山西天泽煤化工集团股份公司煤气化厂铁路专用线尿素运输配套项目工程检测服务] AI补字段 ['招标代理机构', '招标代理机构地址', '招标代理机构联系人', '招标代理机构联系方式'] ← https://prec.sxzwfw.gov.cn/jyxxgczb/1071418.jhtml
  [GET失败1/5] ReadTimeout: HTTPSConnectionPool(host='prec.sxzwfw.gov.cn', port=443): Read timed out. (read timeout=15) | https://prec.sxzwfw.gov.cn/jyxxgczb/1071418.jhtml
  [GET失败2/5] ProxyError: HTTPSConnectionPool(host='prec.sxzwfw.gov.cn', port=443): Max retries exceeded with url: /jyxxgczb/1071418.jhtml (Caused by ProxyError('Unable to connect to proxy', OSError('Tunnel connection failed: 618 Internal Server Error'))) | https://prec.sxzwfw.gov.cn/jyxxgczb/1071418.jhtml
    ✓ 招标代理机构: 华安项目管理咨询有限公司
    ✓ 招标代理机构地址: 山西省太原市长风街705号和信商座19层
    ✓ 招标代理机构联系人: 李峻峰 郭增林
    ✓ 招标代理机构联系方式: 18636812080
  [盐湖区公共实训基地建设项目建筑安装工程] AI补字段 ['开标时间', '标书发售时间', '公告内容', '招标人', '招标人地址', '招标人联系人', '招标人联系方式', '招标代理机构', '招标代理机构地址', '招标代理机构联系人', '招标代理机构联系方式', '监督部门', '监督部门联系方式'] ← https://prec.sxzwfw.gov.cn/jyxxgczb/1071390.jhtml
  [PDF公告] 发现PDF: https://ggzyjyzx.yuncheng.gov.cn:8083/upload/wj/2c9f80959f274add019f34cff0e002a2.pdf
  [PDF] 下载: https://ggzyjyzx.yuncheng.gov.cn:8083/upload/wj/2c9f80959f274add019f34cff0e002a2.pdf
  [PDF] 直接提取文字成功，长度=2004
    ✓ 开标时间: 2026年7月29日09时00分
    ✓ 标书发售时间: 2026年7月6日09时00分至2026年7月11日09时00分
    ✓ 公告内容: 盐湖区公共实训基地建设项目建筑安装工程 招标公告 （招标项目编号：2026GC010650） 招标项目所在地区：盐湖高新技术产业开发区 一、招标条件 本盐湖区公
    ✓ 招标人: 运城市盐湖区人力资源和社会保障局
    ✓ 招标人地址: 运城市解放北路369号
    ✓ 招标人联系人: 杨女士
    ✓ 招标人联系方式: 0359-2023905
    ✓ 招标代理机构: 山西耀龙国际工程项目管理有限责任公司
    ✓ 招标代理机构地址: 运城市盐湖区红旗东街盐湖城小区40号楼6号商铺
    ✓ 招标代理机构联系人: 燕先生
    ✓ 招标代理机构联系方式: 17536363646
    ✓ 监督部门: 运城市盐湖区住房和城乡建设局
    ✓ 监督部门联系方式: 0359-2360628
  [运城经济技术开发区汤里街（司马温公路-港南大道）道路工程雨水工程及（K0+517.09-K0+620段）道路工程监理项目] AI补字段 ['开标时间', '标书发售时间', '公告内容', '招标人', '招标人地址', '招标人联系人', '招标人联系方式', '招标代理机构', '招标代理机构地址', '招标代理机构联系人', '招标代理机构联系方式', '监督部门', '监督部门联系方式'] ← https://prec.sxzwfw.gov.cn/jyxxgczb/1071389.jhtml
  [GET失败1/5] ConnectionError: ('Connection aborted.', ConnectionResetError(104, 'Connection reset by peer')) | https://prec.sxzwfw.gov.cn/jyxxgczb/1071389.jhtml
  [PDF公告] 发现PDF: https://ggzyjyzx.yuncheng.gov.cn:8083/upload/wj/2c9f80959f22334d019f27427f1803e0.pdf
  [PDF] 下载: https://ggzyjyzx.yuncheng.gov.cn:8083/upload/wj/2c9f80959f22334d019f27427f1803e0.pdf
  [PDF] 直接提取文字成功，长度=2318
    ✓ 开标时间: 2026年7月28日09时00分
    ✓ 标书发售时间: 2026年7月7日00时00分至2026年7月14日00时00分
    ✓ 公告内容: 运城经济技术开发区汤里街（司马温公路－港南大道）道路工程雨水工程及（K0+517.09-K0+620段）道路工程监理项目招标公告（项目编号：2026GC0106
    ✓ 招标人: 运城市空港开发区建设发展有限公司
    ✓ 招标人地址: 运城市空港新区港府大道7号创业大厦506室
    ✓ 招标人联系人: 刘先生
    ✓ 招标人联系方式: 0359-3178999
    ✓ 招标代理机构: 山西晋伊全过程工程咨询有限公司
    ✓ 招标代理机构地址: 运城市盐湖区中银大道东侧碧桂园云顶8幢1单元201号
    ✓ 招标代理机构联系人: 岱先生
    ✓ 招标代理机构联系方式: 0359-6390558
    ✓ 监督部门: 运城经济技术开发区管理委员会
    ✓ 监督部门联系方式: 0359-2578190
  [运城经济技术开发区汤里街（司马温公路-港南大道）道路工程雨水工程及（K0+517.09-K0+620段）道路工程施工项目] AI补字段 ['开标时间', '标书发售时间', '公告内容', '招标人', '招标人地址', '招标人联系人', '招标人联系方式', '招标代理机构', '招标代理机构地址', '招标代理机构联系人', '招标代理机构联系方式', '监督部门', '监督部门联系方式'] ← https://prec.sxzwfw.gov.cn/jyxxgczb/1071387.jhtml
  [PDF公告] 发现PDF: https://ggzyjyzx.yuncheng.gov.cn:8083/upload/wj/2c9f80959f22334d019f25fd1f2a01b6.pdf
  [PDF] 下载: https://ggzyjyzx.yuncheng.gov.cn:8083/upload/wj/2c9f80959f22334d019f25fd1f2a01b6.pdf
  [PDF] 直接提取文字成功，长度=2113
    ✓ 开标时间: 2026年7月28日09时00分
    ✓ 标书发售时间: 2026年7月7日00时00分至2026年7月14日00时00分
    ✓ 公告内容: 运城经济技术开发区汤里街（司马温公路-港南大道）道路工程雨水工程及（K0+517.09-K0+620段）道路工程施工项目招标公告（项目编号：2026GC0106
    ✓ 招标人: 运城市空港开发区建设发展有限公司
    ✓ 招标人地址: 运城市空港新区港府大道7号创业大厦506室
    ✓ 招标人联系人: 刘先生
    ✓ 招标人联系方式: 0359-3178999
    ✓ 招标代理机构: 山西晋伊全过程工程咨询有限公司
    ✓ 招标代理机构地址: 运城市盐湖区中银大道东侧碧桂园云顶北区8幢1单元201号
    ✓ 招标代理机构联系人: 岱先生
    ✓ 招标代理机构联系方式: 0359-6390558
    ✓ 监督部门: 运城经济技术开发区管理委员会
    ✓ 监督部门联系方式: 0359-2578190
  [平陆县平洪线(南坡-西祁)道路改造工程] AI补字段 ['开标时间', '标书发售时间', '公告内容', '招标人', '招标人地址', '招标人联系人', '招标人联系方式', '招标代理机构', '招标代理机构地址', '招标代理机构联系人', '招标代理机构联系方式', '监督部门', '监督部门联系方式'] ← https://prec.sxzwfw.gov.cn/jyxxgczb/1071330.jhtml
  [PDF公告] 发现PDF: https://ggzyjyzx.yuncheng.gov.cn:8083/upload/wj/2c9f80959f274add019f2b22e60e0245.pdf
  [PDF] 下载: https://ggzyjyzx.yuncheng.gov.cn:8083/upload/wj/2c9f80959f274add019f2b22e60e0245.pdf
  [GET失败1/5] ReadTimeout: HTTPSConnectionPool(host='ggzyjyzx.yuncheng.gov.cn', port=8083): Read timed out. (read timeout=15) | https://ggzyjyzx.yuncheng.gov.cn:8083/upload/wj/2c9f80959f274add019f2b22e60e0245.pdf
  [GET失败2/5] ProxyError: HTTPSConnectionPool(host='ggzyjyzx.yuncheng.gov.cn', port=8083): Max retries exceeded with url: /upload/wj/2c9f80959f274add019f2b22e60e0245.pdf (Caused by ProxyError('Unable to connect to proxy', OSError('Tunnel connection failed: 436 Proxy Authentication Failed'))) | https://ggzyjyzx.yuncheng.gov.cn:8083/upload/wj/2c9f80959f274add019f2b22e60e0245.pdf
  [GET失败3/5] ReadTimeout: HTTPSConnectionPool(host='ggzyjyzx.yuncheng.gov.cn', port=8083): Read timed out. (read timeout=15) | https://ggzyjyzx.yuncheng.gov.cn:8083/upload/wj/2c9f80959f274add019f2b22e60e0245.pdf
  [GET失败4/5] ConnectionError: ('Connection aborted.', ConnectionResetError(104, 'Connection reset by peer')) | https://ggzyjyzx.yuncheng.gov.cn:8083/upload/wj/2c9f80959f274add019f2b22e60e0245.pdf
  [PDF] 直接提取文字成功，长度=2610
    ✓ 开标时间: 2026-07-28 09:00
    ✓ 标书发售时间: 2026-07-06 09:00 - 2026-07-13 09:00
    ✓ 公告内容: 平陆县平洪线(南坡-西祁)道路改造工程招标公告 （招标项目编号：2026GC010637） 招标项目所在地区: 平陆县 一、招标条件 本平陆县平洪线(南坡-西祁
    ✗ 招标人: AI未提取
    ✗ 招标人地址: AI未提取
    ✗ 招标人联系人: AI未提取
    ✗ 招标人联系方式: AI未提取
    ✗ 招标代理机构: AI未提取
    ✗ 招标代理机构地址: AI未提取
    ✗ 招标代理机构联系人: AI未提取
    ✗ 招标代理机构联系方式: AI未提取
    ✗ 监督部门: AI未提取
    ✗ 监督部门联系方式: AI未提取
  [汾阳市三泉河（三泉镇段）山洪沟治理工程施工项目招标] AI补字段 ['招标人', '招标人地址', '招标人联系人', '招标人联系方式', '招标代理机构', '招标代理机构地址', '招标代理机构联系人', '招标代理机构联系方式'] ← https://prec.sxzwfw.gov.cn/jyxxgczb/1066088.jhtml
  [GET失败1/5] ReadTimeout: HTTPSConnectionPool(host='prec.sxzwfw.gov.cn', port=443): Read timed out. (read timeout=15) | https://prec.sxzwfw.gov.cn/jyxxgczb/1066088.jhtml
    ✓ 招标人: 汾阳市水资源保护中心
    ✓ 招标人地址: 汾阳市永和西大街 9 号
    ✓ 招标人联系人: 赵先生
    ✓ 招标人联系方式: 13753351906
    ✓ 招标代理机构: 远瓴（北京）国际工程咨询有限公司
    ✓ 招标代理机构地址: 太原市万柏林区和平南路丽景广场 405
    ✓ 招标代理机构联系人: 吴剑、薛芳、赵斌、张德杰、熊建平、邵博宇、顾振华
    ✓ 招标代理机构联系方式: 15135173350
  [垣曲县允西河灌区续建配套与现代化改造项目] AI补字段 ['开标时间', '标书发售时间', '公告内容', '招标人', '招标人地址', '招标人联系人', '招标人联系方式', '招标代理机构', '招标代理机构地址', '招标代理机构联系人', '招标代理机构联系方式', '监督部门', '监督部门联系方式'] ← https://prec.sxzwfw.gov.cn/jyxxgczb/1066590.jhtml
  [GET失败1/5] ProxyError: HTTPSConnectionPool(host='prec.sxzwfw.gov.cn', port=443): Max retries exceeded with url: /jyxxgczb/1066590.jhtml (Caused by ProxyError('Unable to connect to proxy', OSError('Tunnel connection failed: 407 Proxy Authentication Required'))) | https://prec.sxzwfw.gov.cn/jyxxgczb/1066590.jhtml
  [PDF公告] 发现PDF: https://ggzyjyzx.yuncheng.gov.cn:8083/upload/wj/2c9f80959ec96301019eda05def53776.pdf
  [PDF] 下载: https://ggzyjyzx.yuncheng.gov.cn:8083/upload/wj/2c9f80959ec96301019eda05def53776.pdf
  [GET失败1/5] ProxyError: HTTPSConnectionPool(host='ggzyjyzx.yuncheng.gov.cn', port=8083): Max retries exceeded with url: /upload/wj/2c9f80959ec96301019eda05def53776.pdf (Caused by ProxyError('Unable to connect to proxy', RemoteDisconnected('Remote end closed connection without response'))) | https://ggzyjyzx.yuncheng.gov.cn:8083/upload/wj/2c9f80959ec96301019eda05def53776.pdf
  [GET失败2/5] ConnectionError: ('Connection aborted.', ConnectionResetError(104, 'Connection reset by peer')) | https://ggzyjyzx.yuncheng.gov.cn:8083/upload/wj/2c9f80959ec96301019eda05def53776.pdf
  [PDF] 直接提取文字成功，长度=4705
    ✓ 开标时间: 2026-07-14 09:00
    ✓ 标书发售时间: 2026-06-22 09:00 至 2026-06-27 09:00
    ✓ 公告内容: 垣曲县允西河灌区续建配套与现代化改造项目招标公告 （招标编号：2026GC010601 ） 招标项目所在地区： 运城市垣曲县 一、招标条件 本 垣曲县允西河灌区
    ✓ 招标人: 垣曲县水利局（垣曲县允西河灌区续建配套与现代化改造建设项目部）
    ✓ 招标人地址: 垣曲县新城镇黄河路94 号
    ✓ 招标人联系人: 王女士
    ✓ 招标人联系方式: 18636390393
    ✓ 招标代理机构: 山西众建山河工程咨询有限公司
    ✓ 招标代理机构地址: 山西省太原市小店区龙城大街102 号盛锦国际B座1106
    ✓ 招标代理机构联系人: 许先生
    ✓ 招标代理机构联系方式: 0359-2229555
    ✓ 监督部门: 运城市水利局
    ✓ 监督部门联系方式: 0359-2260828
  [潞安职业技术学院（东校区）消防改造施工项目] AI补字段 ['开标时间', '标书发售时间', '招标代理机构', '招标代理机构地址', '招标代理机构联系人', '招标代理机构联系方式'] ← https://prec.sxzwfw.gov.cn/jyxxgczb/1066342.jhtml
  [GET失败1/5] ProxyError: HTTPSConnectionPool(host='prec.sxzwfw.gov.cn', port=443): Max retries exceeded with url: /jyxxgczb/1066342.jhtml (Caused by ProxyError('Unable to connect to proxy', OSError('Tunnel connection failed: 407 Proxy Authentication Required'))) | https://prec.sxzwfw.gov.cn/jyxxgczb/1066342.jhtml
  [GET失败2/5] ConnectionError: ('Connection aborted.', ConnectionResetError(104, 'Connection reset by peer')) | https://prec.sxzwfw.gov.cn/jyxxgczb/1066342.jhtml
    ✓ 开标时间: 2026年07月10日 09时30分
    ✓ 标书发售时间: 2026年06月18日 至 2026年07月10日
    ✓ 招标代理机构: 山西潞安招标有限公司
    ✓ 招标代理机构地址: 山西省长治市襄垣县侯堡镇山西潞安招标有限公司
    ✓ 招标代理机构联系人: 郭先生
    ✓ 招标代理机构联系方式: 0 355-5998600
  [晋城市建筑垃圾资源化利用项目特许经营者（二次）招标] AI补字段 ['招标人', '招标人地址', '招标人联系人', '招标人联系方式', '招标代理机构', '招标代理机构地址', '招标代理机构联系人', '招标代理机构联系方式', '监督部门'] ← https://prec.sxzwfw.gov.cn/jyxxgczb/1065567.jhtml
  [GET失败1/5] ReadTimeout: HTTPSConnectionPool(host='prec.sxzwfw.gov.cn', port=443): Read timed out. (read timeout=15) | https://prec.sxzwfw.gov.cn/jyxxgczb/1065567.jhtml
    ✓ 招标人: 晋城市发展和改革委员会
    ✗ 招标人地址: AI未提取
    ✓ 招标人联系人: 李经理
    ✓ 招标人联系方式: 18911318996
    ✗ 招标代理机构: AI未提取
    ✗ 招标代理机构地址: AI未提取
    ✗ 招标代理机构联系人: AI未提取
    ✗ 招标代理机构联系方式: AI未提取
    ✓ 监督部门: 晋城市发展和改革委员会
  [阳城县城市更新清林沟片区综合改造工程勘察] AI补字段 ['标书发售时间', '招标代理机构', '招标代理机构地址', '招标代理机构联系人', '招标代理机构联系方式'] ← https://prec.sxzwfw.gov.cn/jyxxgczb/1064508.jhtml
  [GET失败1/5] ReadTimeout: HTTPSConnectionPool(host='prec.sxzwfw.gov.cn', port=443): Read timed out. (read timeout=15) | https://prec.sxzwfw.gov.cn/jyxxgczb/1064508.jhtml
  [GET失败2/5] ReadTimeout: HTTPSConnectionPool(host='prec.sxzwfw.gov.cn', port=443): Read timed out. (read timeout=15) | https://prec.sxzwfw.gov.cn/jyxxgczb/1064508.jhtml
  [GET失败3/5] ReadTimeout: HTTPSConnectionPool(host='prec.sxzwfw.gov.cn', port=443): Read timed out. (read timeout=15) | https://prec.sxzwfw.gov.cn/jyxxgczb/1064508.jhtml
  [GET失败4/5] ProxyError: HTTPSConnectionPool(host='prec.sxzwfw.gov.cn', port=443): Max retries exceeded with url: /jyxxgczb/1064508.jhtml (Caused by ProxyError('Unable to connect to proxy', OSError('Tunnel connection failed: 407 Proxy Authentication Required'))) | https://prec.sxzwfw.gov.cn/jyxxgczb/1064508.jhtml
    [AI] 调用失败(第1次): Request timed out.
    [AI] 调用失败(第2次): Request timed out.
    [AI] 调用失败(第3次): Request timed out.
    ✗ 标书发售时间: AI未提取
    ✗ 招标代理机构: AI未提取
    ✗ 招标代理机构地址: AI未提取
    ✗ 招标代理机构联系人: AI未提取
    ✗ 招标代理机构联系方式: AI未提取
  [西上庄煤矿无轨胶轮车（001标段）中标候选人公示更正] AI补字段 ['监督部门'] ← https://prec.sxzwfw.gov.cn/jyxxgchxr/1071693.jhtml
    [AI] 调用失败(第1次): Request timed out.
    [AI] 调用失败(第2次): Request timed out.
    [AI] 调用失败(第3次): Request timed out.
    ✗ 监督部门: AI未提取
  [永济市2025年资源路产业路（庄子－清华）建设项目二次] AI补字段 ['开标时间', '标书发售时间', '公告内容', '招标人', '招标人地址', '招标人联系人', '招标人联系方式', '招标代理机构', '招标代理机构地址', '招标代理机构联系人', '招标代理机构联系方式', '监督部门'] ← https://prec.sxzwfw.gov.cn/jyxxgczb/1062719.jhtml
  [PDF公告] 发现PDF: https://ggzyjyzx.yuncheng.gov.cn:8083/upload/wj/2c9f80959e25d986019e972625782284.pdf
  [PDF] 下载: https://ggzyjyzx.yuncheng.gov.cn:8083/upload/wj/2c9f80959e25d986019e972625782284.pdf
  [PDF] 直接提取文字成功，长度=3472
    [AI] JSON解析失败(第1次): Expecting ',' delimiter: line 5 column 3 (char 3361) | 原始: {
  "开标时间": "2026-07-01 09:00",
  "标书发售时间": "2026-06-08 00:00 - 2026-06-13 00:00",
  "公告内容": "永济市202
    ✓ 开标时间: 2026-07-01 09:00
    ✓ 标书发售时间: 2026-06-08 00:00-2026-06-13 00:00
    ✓ 公告内容: 永济市2025 年资源路产业路（庄子－清华）建设项目二次 招标公告 （招标项目编号：2026GC010161） 招标项目所在地区: 永济市 一、招标条件 本永济
    ✓ 招标人: 永济市交通运输局
    ✓ 招标人地址: 永济市舜都大道北75 号
    ✓ 招标人联系人: 王女士
    ✓ 招标人联系方式: 0359-8022515
    ✓ 招标代理机构: 山西崇航工程项目管理有限公司
    ✓ 招标代理机构地址: 运城市盐湖区红旗东街龙磐水郡小区2 栋2 单元402 室
    ✓ 招标代理机构联系人: 穆女士
    ✓ 招标代理机构联系方式: 0359-2126514
    ✓ 监督部门: 运城市交通运输局
  [2026年沁水县城边坡综合治理工程监理] AI补字段 ['开标时间', '标书发售时间', '公告内容', '招标人', '招标人地址', '招标人联系人', '招标人联系方式', '招标代理机构', '招标代理机构地址', '招标代理机构联系人', '招标代理机构联系方式', '监督部门联系方式'] ← https://prec.sxzwfw.gov.cn/jyxxgczb/1063872.jhtml
    ✓ 开标时间: 2026年7月3日上午10时00分
    ✓ 标书发售时间: 2026年6月11日21时00分至2026年6月16日21时00分
    ✓ 公告内容: 2026年沁水县城边坡综合治理工程监理招标公告招标编号：ZHGH20260609招标项目所在地区：山西省·晋城市·沁水县一、招标条件本招标项目2026年沁水县城
    ✓ 招标人: 沁水县公用事业建设服务中心
    ✓ 招标人地址: 沁水县新建西街511号
    ✓ 招标人联系人: 尉先生
    ✓ 招标人联系方式: 13835696352
    ✓ 招标代理机构: 中汇冠华工程管理有限公司
    ✓ 招标代理机构地址: 晋城市苑北路省运驾校院内四楼
    ✓ 招标代理机构联系人: 王女士
    ✓ 招标代理机构联系方式: 19935682727
    ✗ 监督部门联系方式: AI未提取
  [高平市装备制造产业园区域换热站及配套工程项目(EPC)总承包] AI补字段 ['标书发售时间'] ← https://prec.sxzwfw.gov.cn/jyxxgczb/1061329.jhtml
    ✓ 标书发售时间: 2026年06月02日17:00至2026年06月07日17:00
  [太原市西山地表水厂供水工程一取水泵站(引黄原水)工程取水泵站水泵采购] AI补字段 ['招标代理机构联系人'] ← https://prec.sxzwfw.gov.cn/jyxxgczb/1064443.jhtml
    ✓ 招标代理机构联系人: 石亚琼
  [繁峙县资源路产业路108国道-上西庄公路改造工程施工项目] AI补字段 ['监督部门联系方式'] ← https://prec.sxzwfw.gov.cn/jyxxgchxr/1071396.jhtml
  [GET失败1/5] ConnectionError: ('Connection aborted.', ConnectionResetError(104, 'Connection reset by peer')) | https://prec.sxzwfw.gov.cn/jyxxgchxr/1071396.jhtml
  [GET失败2/5] ReadTimeout: HTTPSConnectionPool(host='prec.sxzwfw.gov.cn', port=443): Read timed out. (read timeout=15) | https://prec.sxzwfw.gov.cn/jyxxgchxr/1071396.jhtml
    ✗ 监督部门联系方式: AI未提取
  [杏花岭区2024年老旧小区改造项目（二期）设计施工总承包（EPC）(003标段三)] AI补字段 ['监督部门联系方式'] ← https://prec.sxzwfw.gov.cn/jyxxgcgs/1071593.jhtml
    ✗ 监督部门联系方式: AI未提取
  [杏花岭区2024年老旧小区改造项目（二期）设计施工总承包（EPC）(002标段二)] AI补字段 ['监督部门联系方式'] ← https://prec.sxzwfw.gov.cn/jyxxgcgs/1071592.jhtml
    ✗ 监督部门联系方式: AI未提取
  [杏花岭区2024年老旧小区改造项目（二期）设计施工总承包（EPC）(001标段一)] AI补字段 ['监督部门联系方式'] ← https://prec.sxzwfw.gov.cn/jyxxgcgs/1071591.jhtml
    ✓ 监督部门联系方式: 电话：15364939783
  [杏花岭区2024年老旧小区改造项目（二期）设计施工总承包（EPC）(009标段九)] AI补字段 ['监督部门联系方式'] ← https://prec.sxzwfw.gov.cn/jyxxgcgs/1071563.jhtml
  [GET失败1/5] ConnectionError: ('Connection aborted.', ConnectionResetError(104, 'Connection reset by peer')) | https://prec.sxzwfw.gov.cn/jyxxgcgs/1071563.jhtml
    ✗ 监督部门联系方式: AI未提取
  [杏花岭区2024年老旧小区改造项目（二期）设计施工总承包（EPC）(008标段八)] AI补字段 ['监督部门联系方式'] ← https://prec.sxzwfw.gov.cn/jyxxgcgs/1071562.jhtml
  [GET失败1/5] ProxyError: HTTPSConnectionPool(host='prec.sxzwfw.gov.cn', port=443): Max retries exceeded with url: /jyxxgcgs/1071562.jhtml (Caused by ProxyError('Unable to connect to proxy', OSError('Tunnel connection failed: 643 Proxy Authentication Failed'))) | https://prec.sxzwfw.gov.cn/jyxxgcgs/1071562.jhtml
    ✓ 监督部门联系方式: 电话：15364939783
  [杏花岭区2024年老旧小区改造项目（二期）设计施工总承包（EPC）(007标段七)] AI补字段 ['监督部门联系方式'] ← https://prec.sxzwfw.gov.cn/jyxxgcgs/1071561.jhtml
    ✗ 监督部门联系方式: AI未提取
  [杏花岭区2024年老旧小区改造项目（二期）设计施工总承包（EPC）(006标段六)] AI补字段 ['监督部门联系方式'] ← https://prec.sxzwfw.gov.cn/jyxxgcgs/1071560.jhtml
    ✗ 监督部门联系方式: AI未提取
  [杏花岭区2024年老旧小区改造项目（二期）设计施工总承包（EPC）(005标段五)] AI补字段 ['监督部门联系方式'] ← https://prec.sxzwfw.gov.cn/jyxxgcgs/1071559.jhtml
    ✗ 监督部门联系方式: AI未提取
  [保德县2026年农村公路改造工程施工项目] AI补字段 ['监督部门联系方式'] ← https://prec.sxzwfw.gov.cn/jyxxgchxr/1069015.jhtml
    ✗ 监督部门联系方式: AI未提取
[AI报告] → /home/intsig/zwx/shanxi/log/20260706_ai_report.log
  AI补全完成：251 个字段
  AI调用统计：共 80 次
  输入 tokens : 122,499
  输出 tokens : 34,633
  合计 tokens : 157,132
[自检] → /home/intsig/zwx/shanxi/log/20260706_check.log
[索引] → /home/intsig/zwx/shanxi/output/山西_index.txt

============================================================
完成！共 556 条记录 → /home/intsig/zwx/shanxi/output/山西.csv
自检日志 → /home/intsig/zwx/shanxi/log/20260706_check.log
AI报告   → /home/intsig/zwx/shanxi/log/20260706_ai_report.log
============================================================
============================================================
运行结束: 2026-07-07 00:55:08
============================================================
============================================================
开始运行山西爬虫: 2026-07-07 22:00:01
当前目录: /home/intsig/zwx/shanxi
Python: /home/vipuser/miniconda3/envs/myenv/bin/python
脚本: /home/intsig/zwx/shanxi/shanxi_regex_ai.py
============================================================
============================================================
山西省公共资源交易平台爬虫 v4.3（历史回填 + 自检 + AI兜底 + IP代理池）
时间: 2026-07-07 22:00:02
输出: /home/intsig/zwx/shanxi/output/山西.csv
============================================================
初始化 Session...
  [GET失败1/3] ProxyError: HTTPSConnectionPool(host='prec.sxzwfw.gov.cn', port=443): Max retries exceeded with url: /jyxx/index.jhtml (Caused by ProxyError('Unable to connect to proxy', OSError('Tunnel connection failed: 618 Internal Server Error'))) | https://prec.sxzwfw.gov.cn/jyxx/index.jhtml
  [GET失败2/3] ReadTimeout: HTTPSConnectionPool(host='prec.sxzwfw.gov.cn', port=443): Read timed out. (read timeout=15) | https://prec.sxzwfw.gov.cn/jyxx/index.jhtml
Session 初始化成功
代理开关: True
代理池状态: {'available': 28, 'bad_total': 2, 'bad_unique': 2, 'api_calls_used': 1, 'api_calls_limit': 200, 'min_size': 8, 'default_num': 30, 'default_time': 5, 'default_port': 2, 'auto_refresh': True}
[CSV] 加载增量总表 556 行：/home/intsig/zwx/shanxi/output/山西.csv

===== 第一步：招标计划 =====
  [列表] channelId=198 第1页...
  [列表] 总条数=11，当前已获取=10
  [列表] channelId=198 第2页...
  [POST失败1/3] ConnectionError: ('Connection aborted.', ConnectionResetError(104, 'Connection reset by peer')) | https://prec.sxzwfw.gov.cn/queryContent_2-jyxx.jspx
  [列表] 总条数=11，当前已获取=11
  [列表] 共 11 条

  [招标计划] 蒲县二次供水设施提标改造工程及市政信息化平台项目监理
  → 新增

  [招标计划] 古城煤矿选煤厂洗选系统改造项目
  → 新增

  [招标计划] 工业厂房提升改造项目
  → 新增

  [招标计划] 岚县晋通风力发电项目
  → 新增

  [招标计划] 山阴县2025年（第二批）中央财政“三北”工程林草湿荒一体化保护修复项目
  → 新增

  [招标计划] 山西省定襄县南王乡东霍村东南泥石流地质灾害治理项目
  [GET失败1/3] ProxyError: HTTPSConnectionPool(host='prec.sxzwfw.gov.cn', port=443): Max retries exceeded with url: /jyxxzbjh/1072029.jhtml (Caused by ProxyError('Unable to connect to proxy', OSError('Tunnel connection failed: 618 Internal Server Error'))) | https://prec.sxzwfw.gov.cn/jyxxzbjh/1072029.jhtml
  → 新增

  [招标计划] 杏花岭区巨轮街道完整社区建设项目
  → 新增

  [招标计划] 静乐县汾河河道防洪治理工程
  → 新增

  [招标计划] 三园里西区建设项目10KV供电工程
  → 新增

  [招标计划] 寿阳县城区供热扩网项目
  → 新增

  [招标计划] 垣曲县后河水库排沙底洞控制闸阀改造工程
  → 新增

===== 第二步：招标公告频道 =====
  [列表] channelId=12 第1页...
  [POST失败1/3] ReadTimeout: HTTPSConnectionPool(host='prec.sxzwfw.gov.cn', port=443): Read timed out. (read timeout=18) | https://prec.sxzwfw.gov.cn/queryContent-jyxx.jspx
  [列表] 总条数=32，当前已获取=10
  [列表] channelId=12 第2页...
  [列表] 总条数=32，当前已获取=20
  [列表] channelId=12 第3页...
  [列表] 总条数=32，当前已获取=30
  [列表] channelId=12 第4页...
  [POST失败1/3] ReadTimeout: HTTPSConnectionPool(host='prec.sxzwfw.gov.cn', port=443): Read timed out. (read timeout=18) | https://prec.sxzwfw.gov.cn/queryContent_4-jyxx.jspx
  [列表] 总条数=32，当前已获取=32
  [列表] 共 32 条

  [招标公告] 2026年太原市热力集团有限责任公司更新改造和维修工程所需管件采购及服务项目
  [历史搜索] 2026年太原市热力集团有限责任公司更新改造和维修工程所需管件采购及服务项目
  [历史回填] 搜索项目：2026年太原市热力集团有限责任公司更新改造和维修工程所需管件采购及服务项目
    ✓ 历史招标公告
  [POST失败1/3] ProxyError: HTTPSConnectionPool(host='prec.sxzwfw.gov.cn', port=443): Max retries exceeded with url: /queryContent-jyxx.jspx (Caused by ProxyError('Unable to connect to proxy', OSError('Tunnel connection failed: 639 Internal Server Error'))) | https://prec.sxzwfw.gov.cn/queryContent-jyxx.jspx
  → upsert 完成：招标公告

  [未知公告] 2026年太原市热力集团有限责任公司更新改造和维修工程所需管件采购及服务项目(1标段)最高投标限价
  [历史搜索] 2026年太原市热力集团有限责任公司更新改造和维修工程所需管件采购及服务项目(1标段)最高投标限价
  [历史回填] 搜索项目：2026年太原市热力集团有限责任公司更新改造和维修工程所需管件采购及服务项目(1标段)最高投标限价
  [POST失败1/3] ConnectionError: ('Connection aborted.', ConnectionResetError(104, 'Connection reset by peer')) | https://prec.sxzwfw.gov.cn/queryContent-jyxx.jspx
  [POST失败2/3] ConnectionError: ('Connection aborted.', ConnectionResetError(104, 'Connection reset by peer')) | https://prec.sxzwfw.gov.cn/queryContent-jyxx.jspx
  → upsert 完成：未知公告

  [招标公告] 大同市云州区医共体医疗强基建设工程施工
  [历史搜索] 大同市云州区医共体医疗强基建设工程施工
  [历史回填] 搜索项目：大同市云州区医共体医疗强基建设工程施工
  [GET失败1/3] ConnectionError: ('Connection aborted.', ConnectionResetError(104, 'Connection reset by peer')) | https://prec.sxzwfw.gov.cn/jyxxgczb/1072138.jhtml
    ✓ 历史招标公告
  [POST失败1/3] ReadTimeout: HTTPSConnectionPool(host='prec.sxzwfw.gov.cn', port=443): Read timed out. (read timeout=18) | https://prec.sxzwfw.gov.cn/queryContent-jyxx.jspx
  → upsert 完成：招标公告

  [招标公告] 清徐县疾病预防控制中心公共卫生应急综合业务楼及实验楼建设项目（续建）施工项目
  [GET失败1/3] ReadTimeout: HTTPSConnectionPool(host='prec.sxzwfw.gov.cn', port=443): Read timed out. (read timeout=15) | https://prec.sxzwfw.gov.cn/jyxxgczb/1072135.jhtml
  [历史搜索] 清徐县疾病预防控制中心公共卫生应急综合业务楼及实验楼建设项目（续建）施工项目
  [历史回填] 搜索项目：清徐县疾病预防控制中心公共卫生应急综合业务楼及实验楼建设项目（续建）施工项目
  [POST失败1/3] ConnectionError: ('Connection aborted.', ConnectionResetError(104, 'Connection reset by peer')) | https://prec.sxzwfw.gov.cn/queryContent-jyxx.jspx
    ✓ 历史招标公告
  → upsert 完成：招标公告

  [未知公告] 清徐县疾病预防控制中心公共卫生应急综合业务楼及实验楼建设项目（续建）施工项目(1标段)最高投标限价
  [历史搜索] 清徐县疾病预防控制中心公共卫生应急综合业务楼及实验楼建设项目（续建）施工项目(1标段)最高投标限价
  [历史回填] 搜索项目：清徐县疾病预防控制中心公共卫生应急综合业务楼及实验楼建设项目（续建）施工项目(1标段)最高投标限价
  [POST失败1/3] ReadTimeout: HTTPSConnectionPool(host='prec.sxzwfw.gov.cn', port=443): Read timed out. (read timeout=18) | https://prec.sxzwfw.gov.cn/queryContent-jyxx.jspx
  [POST失败1/3] ProxyError: HTTPSConnectionPool(host='prec.sxzwfw.gov.cn', port=443): Max retries exceeded with url: /queryContent-jyxx.jspx (Caused by ProxyError('Unable to connect to proxy', RemoteDisconnected('Remote end closed connection without response'))) | https://prec.sxzwfw.gov.cn/queryContent-jyxx.jspx
  → upsert 完成：未知公告

  [未知公告] 放射诊疗与流出物净化设备检验能力建设项目EPC工程总承包项目(1标段)最高投标限价
  [历史搜索] 放射诊疗与流出物净化设备检验能力建设项目EPC工程总承包项目(1标段)最高投标限价
  [历史回填] 搜索项目：放射诊疗与流出物净化设备检验能力建设项目EPC工程总承包项目(1标段)最高投标限价
  [POST失败1/3] ReadTimeout: HTTPSConnectionPool(host='prec.sxzwfw.gov.cn', port=443): Read timed out. (read timeout=18) | https://prec.sxzwfw.gov.cn/queryContent-jyxx.jspx
  → upsert 完成：未知公告

  [招标公告] 浑源县水利灌溉服务中心配套电力设施建设项目
  [历史搜索] 浑源县水利灌溉服务中心配套电力设施建设项目
  [历史回填] 搜索项目：浑源县水利灌溉服务中心配套电力设施建设项目
  [POST失败1/3] ProxyError: HTTPSConnectionPool(host='prec.sxzwfw.gov.cn', port=443): Max retries exceeded with url: /queryContent-jyxx.jspx (Caused by ProxyError('Unable to connect to proxy', OSError('Tunnel connection failed: 407 Proxy Authentication Required'))) | https://prec.sxzwfw.gov.cn/queryContent-jyxx.jspx
  [POST失败2/3] ConnectionError: ('Connection aborted.', RemoteDisconnected('Remote end closed connection without response')) | https://prec.sxzwfw.gov.cn/queryContent-jyxx.jspx
  [POST失败3/3] ReadTimeout: HTTPSConnectionPool(host='prec.sxzwfw.gov.cn', port=443): Read timed out. (read timeout=18) | https://prec.sxzwfw.gov.cn/queryContent-jyxx.jspx
  [POST失败1/3] ConnectionError: ('Connection aborted.', ConnectionResetError(104, 'Connection reset by peer')) | https://prec.sxzwfw.gov.cn/queryContent-jyxx.jspx
  [POST失败2/3] ConnectionError: ('Connection aborted.', RemoteDisconnected('Remote end closed connection without response')) | https://prec.sxzwfw.gov.cn/queryContent-jyxx.jspx
    ✓ 历史招标公告
  [POST失败1/3] ProxyError: HTTPSConnectionPool(host='prec.sxzwfw.gov.cn', port=443): Max retries exceeded with url: /queryContent-jyxx.jspx (Caused by ProxyError('Unable to connect to proxy', OSError('Tunnel connection failed: 407 Proxy Authentication Required'))) | https://prec.sxzwfw.gov.cn/queryContent-jyxx.jspx
  [POST失败2/3] ConnectionError: ('Connection aborted.', ConnectionResetError(104, 'Connection reset by peer')) | https://prec.sxzwfw.gov.cn/queryContent-jyxx.jspx
  → upsert 完成：招标公告

  [未知公告] 太原市热力集团集中供热城市生命线安全工程所需配套设备采购及服务第一标段项目(1标段)最高投标限价
  [历史搜索] 太原市热力集团集中供热城市生命线安全工程所需配套设备采购及服务第一标段项目(1标段)最高投标限价
  [历史回填] 搜索项目：太原市热力集团集中供热城市生命线安全工程所需配套设备采购及服务第一标段项目(1标段)最高投标限价
  [POST失败1/3] ConnectionError: ('Connection aborted.', ConnectionResetError(104, 'Connection reset by peer')) | https://prec.sxzwfw.gov.cn/queryContent-jyxx.jspx
  [POST失败2/3] ProxyError: HTTPSConnectionPool(host='prec.sxzwfw.gov.cn', port=443): Max retries exceeded with url: /queryContent-jyxx.jspx (Caused by ProxyError('Unable to connect to proxy', OSError('Tunnel connection failed: 618 Internal Server Error'))) | https://prec.sxzwfw.gov.cn/queryContent-jyxx.jspx
  [POST失败3/3] ConnectionError: ('Connection aborted.', ConnectionResetError(104, 'Connection reset by peer')) | https://prec.sxzwfw.gov.cn/queryContent-jyxx.jspx
  [POST失败1/3] ConnectionError: ('Connection aborted.', ConnectionResetError(104, 'Connection reset by peer')) | https://prec.sxzwfw.gov.cn/queryContent-jyxx.jspx
  → upsert 完成：未知公告

  [招标公告] 太原市热力集团集中供热城市生命线安全工程所需配套设备采购及服务第一标段项目
  [历史搜索] 太原市热力集团集中供热城市生命线安全工程所需配套设备采购及服务第一标段项目
  [历史回填] 搜索项目：太原市热力集团集中供热城市生命线安全工程所需配套设备采购及服务第一标段项目
  [GET失败1/3] ConnectionError: ('Connection aborted.', ConnectionResetError(104, 'Connection reset by peer')) | https://prec.sxzwfw.gov.cn/jyxxgczb/1072121.jhtml
  [GET失败2/3] ConnectionError: ('Connection aborted.', ConnectionResetError(104, 'Connection reset by peer')) | https://prec.sxzwfw.gov.cn/jyxxgczb/1072121.jhtml
    ✓ 历史招标公告
  → upsert 完成：招标公告

  [招标公告] 国道520线（北川河大桥）蒲县过境改线工程中心试验室试验检测服务项目
  [历史搜索] 国道520线（北川河大桥）蒲县过境改线工程中心试验室试验检测服务项目
  [历史回填] 搜索项目：国道520线（北川河大桥）蒲县过境改线工程中心试验室试验检测服务项目
    ✓ 历史招标公告
  [POST失败1/3] ConnectionError: ('Connection aborted.', RemoteDisconnected('Remote end closed connection without response')) | https://prec.sxzwfw.gov.cn/queryContent-jyxx.jspx
  [POST失败2/3] ReadTimeout: HTTPSConnectionPool(host='prec.sxzwfw.gov.cn', port=443): Read timed out. (read timeout=18) | https://prec.sxzwfw.gov.cn/queryContent-jyxx.jspx
  [POST失败3/3] ConnectionError: ('Connection aborted.', RemoteDisconnected('Remote end closed connection without response')) | https://prec.sxzwfw.gov.cn/queryContent-jyxx.jspx
  → upsert 完成：招标公告

  [招标公告] 万荣县凯祥生物科技有限公司年产90000吨液体肥与3000吨固体肥生产线建设（农业面源污染综合治理）项目
  [GET失败1/3] ConnectionError: ('Connection aborted.', RemoteDisconnected('Remote end closed connection without response')) | https://prec.sxzwfw.gov.cn/jyxxgczb/1072109.jhtml
  [GET失败2/3] ConnectionError: ('Connection aborted.', ConnectionResetError(104, 'Connection reset by peer')) | https://prec.sxzwfw.gov.cn/jyxxgczb/1072109.jhtml
  [GET失败3/3] ConnectionError: ('Connection aborted.', ConnectionResetError(104, 'Connection reset by peer')) | https://prec.sxzwfw.gov.cn/jyxxgczb/1072109.jhtml
  [历史搜索] 万荣县凯祥生物科技有限公司年产90000吨液体肥与3000吨固体肥生产线建设（农业面源污染综合治理）项目
  [历史回填] 搜索项目：万荣县凯祥生物科技有限公司年产90000吨液体肥与3000吨固体肥生产线建设（农业面源污染综合治理）项目
    ✓ 历史招标公告
  [POST失败1/3] ReadTimeout: HTTPSConnectionPool(host='prec.sxzwfw.gov.cn', port=443): Read timed out. (read timeout=18) | https://prec.sxzwfw.gov.cn/queryContent-jyxx.jspx
  [POST失败2/3] ConnectionError: ('Connection aborted.', RemoteDisconnected('Remote end closed connection without response')) | https://prec.sxzwfw.gov.cn/queryContent-jyxx.jspx
  → upsert 完成：招标公告

  [跳过-控制价] 云冈区鸦儿崖乡常流水村生态修复项目(1标段)招标控制价

  [招标公告] 云冈区鸦儿崖乡常流水村生态修复项目
  [GET失败1/3] ConnectionError: ('Connection aborted.', ConnectionResetError(104, 'Connection reset by peer')) | https://prec.sxzwfw.gov.cn/jyxxgczb/1072100.jhtml
  [历史搜索] 云冈区鸦儿崖乡常流水村生态修复项目
  [历史回填] 搜索项目：云冈区鸦儿崖乡常流水村生态修复项目
    ✓ 历史招标计划
  [GET失败1/3] ConnectionError: ('Connection aborted.', RemoteDisconnected('Remote end closed connection without response')) | https://prec.sxzwfw.gov.cn/jyxxgczb/1072100.jhtml
    ✓ 历史招标公告
  [POST失败1/3] ProxyError: HTTPSConnectionPool(host='prec.sxzwfw.gov.cn', port=443): Max retries exceeded with url: /queryContent-jyxx.jspx (Caused by ProxyError('Unable to connect to proxy', OSError('Tunnel connection failed: 639 Internal Server Error'))) | https://prec.sxzwfw.gov.cn/queryContent-jyxx.jspx
  [GET失败1/3] ProxyError: HTTPSConnectionPool(host='prec.sxzwfw.gov.cn', port=443): Max retries exceeded with url: /jyxxgchxr/1065758.jhtml (Caused by ProxyError('Unable to connect to proxy', OSError('Tunnel connection failed: 436 Proxy Authentication Failed'))) | https://prec.sxzwfw.gov.cn/jyxxgchxr/1065758.jhtml
  [GET失败2/3] ReadTimeout: HTTPSConnectionPool(host='prec.sxzwfw.gov.cn', port=443): Read timed out. (read timeout=15) | https://prec.sxzwfw.gov.cn/jyxxgchxr/1065758.jhtml
    ✓ 历史候选人监督部门
  [POST失败1/3] ProxyError: HTTPSConnectionPool(host='prec.sxzwfw.gov.cn', port=443): Max retries exceeded with url: /queryContent-jyxx.jspx (Caused by ProxyError('Unable to connect to proxy', OSError('Tunnel connection failed: 639 Internal Server Error'))) | https://prec.sxzwfw.gov.cn/queryContent-jyxx.jspx
  [GET失败1/3] ReadTimeout: HTTPSConnectionPool(host='prec.sxzwfw.gov.cn', port=443): Read timed out. (read timeout=15) | https://prec.sxzwfw.gov.cn/jyxxgcgs/1066490.jhtml
    ✓ 历史结果监督部门
  → upsert 完成：招标公告

  [招标公告] 长治境内2026年度普通省道灾毁恢复重建工程施工
  [GET失败1/3] ProxyError: HTTPSConnectionPool(host='prec.sxzwfw.gov.cn', port=443): Max retries exceeded with url: /jyxxgczb/1072069.jhtml (Caused by ProxyError('Unable to connect to proxy', OSError('Tunnel connection failed: 407 Proxy Authentication Required'))) | https://prec.sxzwfw.gov.cn/jyxxgczb/1072069.jhtml
  [GET失败2/3] ReadTimeout: HTTPSConnectionPool(host='prec.sxzwfw.gov.cn', port=443): Read timed out. (read timeout=15) | https://prec.sxzwfw.gov.cn/jyxxgczb/1072069.jhtml
  [历史搜索] 长治境内2026年度普通省道灾毁恢复重建工程施工
  [历史回填] 搜索项目：长治境内2026年度普通省道灾毁恢复重建工程施工
  [POST失败1/3] ReadTimeout: HTTPSConnectionPool(host='prec.sxzwfw.gov.cn', port=443): Read timed out. (read timeout=18) | https://prec.sxzwfw.gov.cn/queryContent-jyxx.jspx
  [POST失败1/3] ProxyError: HTTPSConnectionPool(host='prec.sxzwfw.gov.cn', port=443): Max retries exceeded with url: /queryContent-jyxx.jspx (Caused by ProxyError('Unable to connect to proxy', RemoteDisconnected('Remote end closed connection without response'))) | https://prec.sxzwfw.gov.cn/queryContent-jyxx.jspx
  [POST失败2/3] ReadTimeout: HTTPSConnectionPool(host='prec.sxzwfw.gov.cn', port=443): Read timed out. (read timeout=18) | https://prec.sxzwfw.gov.cn/queryContent-jyxx.jspx
  [POST失败3/3] ReadTimeout: HTTPSConnectionPool(host='prec.sxzwfw.gov.cn', port=443): Read timed out. (read timeout=18) | https://prec.sxzwfw.gov.cn/queryContent-jyxx.jspx
  [POST失败1/3] ReadTimeout: HTTPSConnectionPool(host='prec.sxzwfw.gov.cn', port=443): Read timed out. (read timeout=18) | https://prec.sxzwfw.gov.cn/queryContent-jyxx.jspx
  [POST失败1/3] ReadTimeout: HTTPSConnectionPool(host='prec.sxzwfw.gov.cn', port=443): Read timed out. (read timeout=18) | https://prec.sxzwfw.gov.cn/queryContent-jyxx.jspx
  [POST失败2/3] ProxyError: HTTPSConnectionPool(host='prec.sxzwfw.gov.cn', port=443): Max retries exceeded with url: /queryContent-jyxx.jspx (Caused by ProxyError('Unable to connect to proxy', RemoteDisconnected('Remote end closed connection without response'))) | https://prec.sxzwfw.gov.cn/queryContent-jyxx.jspx
  → upsert 完成：招标公告

  [招标公告] 陵川县绿之金二期中药精深加工项目（EPC）
  [GET失败1/3] ConnectionError: ('Connection aborted.', ConnectionResetError(104, 'Connection reset by peer')) | https://prec.sxzwfw.gov.cn/jyxxgczb/1072068.jhtml
  [GET失败2/3] ReadTimeout: HTTPSConnectionPool(host='prec.sxzwfw.gov.cn', port=443): Read timed out. (read timeout=15) | https://prec.sxzwfw.gov.cn/jyxxgczb/1072068.jhtml
  [GET失败3/3] ConnectionError: ('Connection aborted.', ConnectionResetError(104, 'Connection reset by peer')) | https://prec.sxzwfw.gov.cn/jyxxgczb/1072068.jhtml
  [历史搜索] 陵川县绿之金二期中药精深加工项目（EPC）
  [历史回填] 搜索项目：陵川县绿之金二期中药精深加工项目（EPC）
    ✓ 历史招标公告
  [POST失败1/3] ReadTimeout: HTTPSConnectionPool(host='prec.sxzwfw.gov.cn', port=443): Read timed out. (read timeout=18) | https://prec.sxzwfw.gov.cn/queryContent-jyxx.jspx
  → upsert 完成：招标公告

  [未知公告] 阳泉煤业（集团）有限责任公司总医院新建医疗综合楼项目弱电智能化工程施工
  [历史搜索] 阳泉煤业（集团）有限责任公司总医院新建医疗综合楼项目弱电智能化工程施工
  [历史回填] 搜索项目：阳泉煤业（集团）有限责任公司总医院新建医疗综合楼项目弱电智能化工程施工
  [POST失败1/3] ReadTimeout: HTTPSConnectionPool(host='prec.sxzwfw.gov.cn', port=443): Read timed out. (read timeout=18) | https://prec.sxzwfw.gov.cn/queryContent-jyxx.jspx
  [POST失败1/3] ConnectionError: ('Connection aborted.', ConnectionResetError(104, 'Connection reset by peer')) | https://prec.sxzwfw.gov.cn/queryContent-jyxx.jspx
  [POST失败1/3] ConnectionError: HTTPSConnectionPool(host='prec.sxzwfw.gov.cn', port=443): Read timed out. | https://prec.sxzwfw.gov.cn/queryContent-jyxx.jspx
  [POST失败2/3] ProxyError: HTTPSConnectionPool(host='prec.sxzwfw.gov.cn', port=443): Max retries exceeded with url: /queryContent-jyxx.jspx (Caused by ProxyError('Unable to connect to proxy', OSError('Tunnel connection failed: 618 Internal Server Error'))) | https://prec.sxzwfw.gov.cn/queryContent-jyxx.jspx
  → upsert 完成：未知公告

  [招标公告] 放射诊疗与流出物净化设备检验能力建设项目EPC工程总承包项目
  [历史搜索] 放射诊疗与流出物净化设备检验能力建设项目EPC工程总承包项目
  [历史回填] 搜索项目：放射诊疗与流出物净化设备检验能力建设项目EPC工程总承包项目
    ✓ 历史招标公告
  → upsert 完成：招标公告

  [招标公告] 义门镇暖泉村农业生态循环产业基地扩建项目施工
  [历史搜索] 义门镇暖泉村农业生态循环产业基地扩建项目施工
  [历史回填] 搜索项目：义门镇暖泉村农业生态循环产业基地扩建项目施工
    ✓ 历史招标公告
  [POST失败1/3] ConnectionError: ('Connection aborted.', ConnectionResetError(104, 'Connection reset by peer')) | https://prec.sxzwfw.gov.cn/queryContent-jyxx.jspx
  → upsert 完成：招标公告

  [招标公告] 岚县县城新建路地下管网改造项目施工
  [历史搜索] 岚县县城新建路地下管网改造项目施工
  [历史回填] 搜索项目：岚县县城新建路地下管网改造项目施工
  [POST失败1/3] ReadTimeout: HTTPSConnectionPool(host='prec.sxzwfw.gov.cn', port=443): Read timed out. (read timeout=18) | https://prec.sxzwfw.gov.cn/queryContent-jyxx.jspx
    ✓ 历史招标公告
  [POST失败1/3] ProxyError: HTTPSConnectionPool(host='prec.sxzwfw.gov.cn', port=443): Max retries exceeded with url: /queryContent-jyxx.jspx (Caused by ProxyError('Unable to connect to proxy', OSError('Tunnel connection failed: 645 Proxy Authentication In Black List'))) | https://prec.sxzwfw.gov.cn/queryContent-jyxx.jspx
  [POST失败1/3] ConnectionError: ('Connection aborted.', ConnectionResetError(104, 'Connection reset by peer')) | https://prec.sxzwfw.gov.cn/queryContent-jyxx.jspx
  → upsert 完成：招标公告

  [招标公告] 岚县县城新建路地下管网改造项目监理
  [历史搜索] 岚县县城新建路地下管网改造项目监理
  [历史回填] 搜索项目：岚县县城新建路地下管网改造项目监理
  [POST失败1/3] ProxyError: HTTPSConnectionPool(host='prec.sxzwfw.gov.cn', port=443): Max retries exceeded with url: /queryContent-jyxx.jspx (Caused by ProxyError('Unable to connect to proxy', OSError('Tunnel connection failed: 436 Proxy Authentication Failed'))) | https://prec.sxzwfw.gov.cn/queryContent-jyxx.jspx
  [POST失败1/3] ProxyError: HTTPSConnectionPool(host='prec.sxzwfw.gov.cn', port=443): Max retries exceeded with url: /queryContent-jyxx.jspx (Caused by ProxyError('Unable to connect to proxy', OSError('Tunnel connection failed: 436 Proxy Authentication Failed'))) | https://prec.sxzwfw.gov.cn/queryContent-jyxx.jspx
    ✓ 历史招标公告
  [POST失败1/3] ProxyError: HTTPSConnectionPool(host='prec.sxzwfw.gov.cn', port=443): Max retries exceeded with url: /queryContent-jyxx.jspx (Caused by ProxyError('Unable to connect to proxy', OSError('Tunnel connection failed: 407 Proxy Authentication Required'))) | https://prec.sxzwfw.gov.cn/queryContent-jyxx.jspx
  [POST失败1/3] ReadTimeout: HTTPSConnectionPool(host='prec.sxzwfw.gov.cn', port=443): Read timed out. (read timeout=18) | https://prec.sxzwfw.gov.cn/queryContent-jyxx.jspx
  [POST失败2/3] ReadTimeout: HTTPSConnectionPool(host='prec.sxzwfw.gov.cn', port=443): Read timed out. (read timeout=18) | https://prec.sxzwfw.gov.cn/queryContent-jyxx.jspx
  [POST失败3/3] ProxyError: HTTPSConnectionPool(host='prec.sxzwfw.gov.cn', port=443): Max retries exceeded with url: /queryContent-jyxx.jspx (Caused by ProxyError('Unable to connect to proxy', OSError('Tunnel connection failed: 436 Proxy Authentication Failed'))) | https://prec.sxzwfw.gov.cn/queryContent-jyxx.jspx
  → upsert 完成：招标公告

  [跳过-控制价] 岚县县城新建路地下管网改造项目施工招标控制价

  [跳过-控制价] 岚县县城新建路地下管网改造项目监理招标控制价

  [跳过-控制价] 长治市第二中学校（滨湖校区）建设项目初步设计招标控制价

  [跳过-控制价] 臧寨乡现代农业示范基地二期项目(1标段)招标控制价

  [招标公告] 阳曲县安康医院建设项目外立面工程材料采购
  [历史搜索] 阳曲县安康医院建设项目外立面工程材料采购
  [历史回填] 搜索项目：阳曲县安康医院建设项目外立面工程材料采购
    ✓ 历史招标公告
  [POST失败1/3] ConnectionError: ('Connection aborted.', ConnectionResetError(104, 'Connection reset by peer')) | https://prec.sxzwfw.gov.cn/queryContent-jyxx.jspx
  → upsert 完成：招标公告

  [招标公告] 山西晋城兴唐煤业有限公司车寨矿井及选煤厂项目室外动照线网工程项目
  [历史搜索] 山西晋城兴唐煤业有限公司车寨矿井及选煤厂项目室外动照线网工程项目
  [历史回填] 搜索项目：山西晋城兴唐煤业有限公司车寨矿井及选煤厂项目室外动照线网工程项目
  [POST失败1/3] ReadTimeout: HTTPSConnectionPool(host='prec.sxzwfw.gov.cn', port=443): Read timed out. (read timeout=18) | https://prec.sxzwfw.gov.cn/queryContent-jyxx.jspx
  [POST失败2/3] ReadTimeout: HTTPSConnectionPool(host='prec.sxzwfw.gov.cn', port=443): Read timed out. (read timeout=18) | https://prec.sxzwfw.gov.cn/queryContent-jyxx.jspx
  [POST失败3/3] ProxyError: HTTPSConnectionPool(host='prec.sxzwfw.gov.cn', port=443): Max retries exceeded with url: /queryContent-jyxx.jspx (Caused by ProxyError('Unable to connect to proxy', OSError('Tunnel connection failed: 407 Proxy Authentication Required'))) | https://prec.sxzwfw.gov.cn/queryContent-jyxx.jspx
  [POST失败1/3] ReadTimeout: HTTPSConnectionPool(host='prec.sxzwfw.gov.cn', port=443): Read timed out. (read timeout=18) | https://prec.sxzwfw.gov.cn/queryContent-jyxx.jspx
  → upsert 完成：招标公告

  [跳过-控制价] 山西省长治市上党区低空示范区安全保障体系新基建建设项目监理招标控制价

  [招标公告] 安泽县府西街地下停车场及配套设施建设项目EPC总承包(二次）
  [GET失败1/3] ReadTimeout: HTTPSConnectionPool(host='prec.sxzwfw.gov.cn', port=443): Read timed out. (read timeout=15) | https://prec.sxzwfw.gov.cn/jyxxgczb/1071889.jhtml
  [历史搜索] 安泽县府西街地下停车场及配套设施建设项目EPC总承包(二次）
  [历史回填] 搜索项目：安泽县府西街地下停车场及配套设施建设项目EPC总承包(二次）
  [POST失败1/3] ConnectionError: ('Connection aborted.', ConnectionResetError(104, 'Connection reset by peer')) | https://prec.sxzwfw.gov.cn/queryContent-jyxx.jspx
  [POST失败2/3] ConnectionError: ('Connection aborted.', ConnectionResetError(104, 'Connection reset by peer')) | https://prec.sxzwfw.gov.cn/queryContent-jyxx.jspx
    ✓ 历史招标公告
  [POST失败1/3] ConnectionError: ('Connection aborted.', ConnectionResetError(104, 'Connection reset by peer')) | https://prec.sxzwfw.gov.cn/queryContent-jyxx.jspx
  → upsert 完成：招标公告

  [招标公告] 通宝（繁峙）清洁能源有限公司繁峙170.5MW风电项目EPC工程总承包项目
  [历史搜索] 通宝（繁峙）清洁能源有限公司繁峙170.5MW风电项目EPC工程总承包项目
  [历史回填] 搜索项目：通宝（繁峙）清洁能源有限公司繁峙170.5MW风电项目EPC工程总承包项目
    ✓ 历史招标公告
  [POST失败1/3] ConnectionError: ('Connection aborted.', ConnectionResetError(104, 'Connection reset by peer')) | https://prec.sxzwfw.gov.cn/queryContent-jyxx.jspx
  → upsert 完成：招标公告

  [招标公告] 翼城县全域旅游配套基础设施提升项目(木石四牌坊环境整治项目)木石四牌坊环境整治改造工程监理
  [历史搜索] 翼城县全域旅游配套基础设施提升项目(木石四牌坊环境整治项目)木石四牌坊环境整治改造工程监理
  [历史回填] 搜索项目：翼城县全域旅游配套基础设施提升项目(木石四牌坊环境整治项目)木石四牌坊环境整治改造工程监理
    ✓ 历史招标公告
  → upsert 完成：招标公告

  [跳过-控制价] 文水县学校消防审验专项整治改造工程EPC总承包其它项目招标控制价

  [终止公告] 山煤河曲2×350MW低热值煤发电贮灰场项目总承包二次招标
  [历史搜索] 山煤河曲2×350MW低热值煤发电贮灰场项目总承包二次招标
  [历史回填] 搜索项目：山煤河曲2×350MW低热值煤发电贮灰场项目总承包二次招标
    ✓ 历史招标公告
  [POST失败1/3] ReadTimeout: HTTPSConnectionPool(host='prec.sxzwfw.gov.cn', port=443): Read timed out. (read timeout=18) | https://prec.sxzwfw.gov.cn/queryContent-jyxx.jspx
  → upsert 完成：终止公告

===== 第三步：变更公告 =====
  [列表] channelId=13 第1页...
  [POST失败1/3] ReadTimeout: HTTPSConnectionPool(host='prec.sxzwfw.gov.cn', port=443): Read timed out. (read timeout=18) | https://prec.sxzwfw.gov.cn/queryContent-jyxx.jspx
  [列表] 总条数=8，当前已获取=8
  [列表] 共 8 条

  [变更公告] 中北大学文博苑（5-8#、11#、12#、16#、17#）学生宿舍楼建设项目施工总承包二标段项目
  [历史搜索] 中北大学文博苑（5-8#、11#、12#、16#、17#）学生宿舍楼建设项目施工总承包二标段项目
  [历史回填] 搜索项目：中北大学文博苑（5-8#、11#、12#、16#、17#）学生宿舍楼建设项目施工总承包二标段项目
  [POST失败1/3] ReadTimeout: HTTPSConnectionPool(host='prec.sxzwfw.gov.cn', port=443): Read timed out. (read timeout=18) | https://prec.sxzwfw.gov.cn/queryContent-jyxx.jspx
    ✓ 历史招标公告
  → upsert 完成：变更公告

  [变更公告] 中北大学文博苑（5-8#、11#、12#、16#、17#）学生宿舍楼建设项目施工总承包一标段项目
  [历史搜索] 中北大学文博苑（5-8#、11#、12#、16#、17#）学生宿舍楼建设项目施工总承包一标段项目
  [历史回填] 搜索项目：中北大学文博苑（5-8#、11#、12#、16#、17#）学生宿舍楼建设项目施工总承包一标段项目
  [POST失败1/3] ConnectionError: ('Connection aborted.', ConnectionResetError(104, 'Connection reset by peer')) | https://prec.sxzwfw.gov.cn/queryContent-jyxx.jspx
    ✓ 历史招标公告
  [POST失败1/3] ConnectionError: ('Connection aborted.', ConnectionResetError(104, 'Connection reset by peer')) | https://prec.sxzwfw.gov.cn/queryContent-jyxx.jspx
  → upsert 完成：变更公告

  [变更公告] 中北大学文博苑（5-8#、11#、12#、16#、17#）学生宿舍楼建设项目监理二标段项目
  [历史搜索] 中北大学文博苑（5-8#、11#、12#、16#、17#）学生宿舍楼建设项目监理二标段项目
  [历史回填] 搜索项目：中北大学文博苑（5-8#、11#、12#、16#、17#）学生宿舍楼建设项目监理二标段项目
    ✓ 历史招标公告
  → upsert 完成：变更公告

  [变更公告] 中北大学文博苑（5-8#、11#、12#、16#、17#）学生宿舍楼建设项目监理一标段项目
  [历史搜索] 中北大学文博苑（5-8#、11#、12#、16#、17#）学生宿舍楼建设项目监理一标段项目
  [历史回填] 搜索项目：中北大学文博苑（5-8#、11#、12#、16#、17#）学生宿舍楼建设项目监理一标段项目
    ✓ 历史招标公告
  → upsert 完成：变更公告

  [延期公告] 山西阳泉矿区泊里煤矿项目井下煤仓水分环境监测及给煤机无人值守管控系统设备采购招标二次
  [历史搜索] 山西阳泉矿区泊里煤矿项目井下煤仓水分环境监测及给煤机无人值守管控系统设备采购招标二次
  [历史回填] 搜索项目：山西阳泉矿区泊里煤矿项目井下煤仓水分环境监测及给煤机无人值守管控系统设备采购招标二次
  [POST失败1/3] ConnectionError: ('Connection aborted.', ConnectionResetError(104, 'Connection reset by peer')) | https://prec.sxzwfw.gov.cn/queryContent-jyxx.jspx
  [POST失败1/3] ProxyError: HTTPSConnectionPool(host='prec.sxzwfw.gov.cn', port=443): Max retries exceeded with url: /queryContent-jyxx.jspx (Caused by ProxyError('Unable to connect to proxy', OSError('Tunnel connection failed: 618 Internal Server Error'))) | https://prec.sxzwfw.gov.cn/queryContent-jyxx.jspx
  [POST失败1/3] ConnectionError: ('Connection aborted.', RemoteDisconnected('Remote end closed connection without response')) | https://prec.sxzwfw.gov.cn/queryContent-jyxx.jspx
  → upsert 完成：延期公告

  [澄清公告] 大宁县2026年城镇老旧小区改造项目
  [历史搜索] 大宁县2026年城镇老旧小区改造项目
  [历史回填] 搜索项目：大宁县2026年城镇老旧小区改造项目
    ✓ 历史招标计划
  [POST失败1/3] ConnectionError: ('Connection aborted.', RemoteDisconnected('Remote end closed connection without response')) | https://prec.sxzwfw.gov.cn/queryContent-jyxx.jspx
    ✓ 历史招标公告
  [POST失败1/3] ConnectionError: ('Connection aborted.', ConnectionResetError(104, 'Connection reset by peer')) | https://prec.sxzwfw.gov.cn/queryContent-jyxx.jspx
  [POST失败1/3] ConnectionError: ('Connection aborted.', ConnectionResetError(104, 'Connection reset by peer')) | https://prec.sxzwfw.gov.cn/queryContent-jyxx.jspx
  [POST失败1/3] ConnectionError: ('Connection aborted.', ConnectionResetError(104, 'Connection reset by peer')) | https://prec.sxzwfw.gov.cn/queryContent-jyxx.jspx
  → upsert 完成：澄清公告

  [澄清公告] 洪洞县飞虹大街（滨河路-霍侯一级路）地下管网更新改造工程总承包(EPC)
  [历史搜索] 洪洞县飞虹大街（滨河路-霍侯一级路）地下管网更新改造工程总承包(EPC)
  [历史回填] 搜索项目：洪洞县飞虹大街（滨河路-霍侯一级路）地下管网更新改造工程总承包(EPC)
    ✓ 历史招标公告
  [POST失败1/3] ConnectionError: ('Connection aborted.', RemoteDisconnected('Remote end closed connection without response')) | https://prec.sxzwfw.gov.cn/queryContent-jyxx.jspx
  [POST失败2/3] ConnectionError: ('Connection aborted.', ConnectionResetError(104, 'Connection reset by peer')) | https://prec.sxzwfw.gov.cn/queryContent-jyxx.jspx
  [POST失败1/3] ProxyError: HTTPSConnectionPool(host='prec.sxzwfw.gov.cn', port=443): Max retries exceeded with url: /queryContent-jyxx.jspx (Caused by ProxyError('Unable to connect to proxy', OSError('Tunnel connection failed: 639 Internal Server Error'))) | https://prec.sxzwfw.gov.cn/queryContent-jyxx.jspx
  [POST失败2/3] ConnectionError: ('Connection aborted.', ConnectionResetError(104, 'Connection reset by peer')) | https://prec.sxzwfw.gov.cn/queryContent-jyxx.jspx
  [POST失败1/3] ReadTimeout: HTTPSConnectionPool(host='prec.sxzwfw.gov.cn', port=443): Read timed out. (read timeout=18) | https://prec.sxzwfw.gov.cn/queryContent-jyxx.jspx
  → upsert 完成：澄清公告

  [变更公告] 洪洞县飞虹大街（滨河路-霍侯一级路）地下管网更新改造工程项目监理
  [历史搜索] 洪洞县飞虹大街（滨河路-霍侯一级路）地下管网更新改造工程项目监理
  [历史回填] 搜索项目：洪洞县飞虹大街（滨河路-霍侯一级路）地下管网更新改造工程项目监理
    ✓ 历史招标公告
  [POST失败1/3] ReadTimeout: HTTPSConnectionPool(host='prec.sxzwfw.gov.cn', port=443): Read timed out. (read timeout=18) | https://prec.sxzwfw.gov.cn/queryContent-jyxx.jspx
  [POST失败1/3] ReadTimeout: HTTPSConnectionPool(host='prec.sxzwfw.gov.cn', port=443): Read timed out. (read timeout=18) | https://prec.sxzwfw.gov.cn/queryContent-jyxx.jspx
  → upsert 完成：变更公告

===== 第四步：中标候选人公示 =====
  [列表] channelId=14 第1页...
  [列表] 总条数=15，当前已获取=10
  [列表] channelId=14 第2页...
  [POST失败1/3] ConnectionError: ('Connection aborted.', ConnectionResetError(104, 'Connection reset by peer')) | https://prec.sxzwfw.gov.cn/queryContent_2-jyxx.jspx
  [列表] 总条数=15，当前已获取=15
  [列表] 共 15 条

  [中标候选人公示] 大学城产业园(科创城晋中区)环四路西延(低碳谷路)道路工程
  [历史搜索] 大学城产业园(科创城晋中区)环四路西延(低碳谷路)道路工程
  [历史回填] 搜索项目：大学城产业园(科创城晋中区)环四路西延(低碳谷路)道路工程
    ✓ 历史招标计划
    ✓ 历史招标公告
  [POST失败1/3] ProxyError: HTTPSConnectionPool(host='prec.sxzwfw.gov.cn', port=443): Max retries exceeded with url: /queryContent-jyxx.jspx (Caused by ProxyError('Unable to connect to proxy', RemoteDisconnected('Remote end closed connection without response'))) | https://prec.sxzwfw.gov.cn/queryContent-jyxx.jspx
  [POST失败2/3] ConnectionError: ('Connection aborted.', ConnectionResetError(104, 'Connection reset by peer')) | https://prec.sxzwfw.gov.cn/queryContent-jyxx.jspx
  [POST失败1/3] ProxyError: HTTPSConnectionPool(host='prec.sxzwfw.gov.cn', port=443): Max retries exceeded with url: /queryContent-jyxx.jspx (Caused by ProxyError('Unable to connect to proxy', OSError('Tunnel connection failed: 436 Proxy Authentication Failed'))) | https://prec.sxzwfw.gov.cn/queryContent-jyxx.jspx
  [GET失败1/3] ReadTimeout: HTTPSConnectionPool(host='prec.sxzwfw.gov.cn', port=443): Read timed out. (read timeout=15) | https://prec.sxzwfw.gov.cn/jyxxgchxr/1072123.jhtml
    ✓ 历史候选人监督部门
  [POST失败1/3] ReadTimeout: HTTPSConnectionPool(host='prec.sxzwfw.gov.cn', port=443): Read timed out. (read timeout=18) | https://prec.sxzwfw.gov.cn/queryContent-jyxx.jspx
  → upsert 完成：中标候选人公示

  [中标候选人公示] 晋城市城区群众户外健身场地补短板项目EPC总承包
  [历史搜索] 晋城市城区群众户外健身场地补短板项目EPC总承包
  [历史回填] 搜索项目：晋城市城区群众户外健身场地补短板项目EPC总承包
  [POST失败1/3] ConnectionError: ('Connection aborted.', ConnectionResetError(104, 'Connection reset by peer')) | https://prec.sxzwfw.gov.cn/queryContent-jyxx.jspx
  [GET失败1/3] ReadTimeout: HTTPSConnectionPool(host='prec.sxzwfw.gov.cn', port=443): Read timed out. (read timeout=15) | https://prec.sxzwfw.gov.cn/jyxxgczb/1062270.jhtml
  [GET失败2/3] ProxyError: HTTPSConnectionPool(host='prec.sxzwfw.gov.cn', port=443): Max retries exceeded with url: /jyxxgczb/1062270.jhtml (Caused by ProxyError('Unable to connect to proxy', OSError('Tunnel connection failed: 618 Internal Server Error'))) | https://prec.sxzwfw.gov.cn/jyxxgczb/1062270.jhtml
    ✓ 历史招标公告
  [POST失败1/3] ReadTimeout: HTTPSConnectionPool(host='prec.sxzwfw.gov.cn', port=443): Read timed out. (read timeout=18) | https://prec.sxzwfw.gov.cn/queryContent-jyxx.jspx
  [GET失败1/3] ReadTimeout: HTTPSConnectionPool(host='prec.sxzwfw.gov.cn', port=443): Read timed out. (read timeout=15) | https://prec.sxzwfw.gov.cn/jyxxgchxr/1072083.jhtml
    ✓ 历史候选人监督部门
  → upsert 完成：中标候选人公示

  [中标候选人公示] 陵川县丁东线(浙水村至长治界)公路改造工程
  [历史搜索] 陵川县丁东线(浙水村至长治界)公路改造工程
  [历史回填] 搜索项目：陵川县丁东线(浙水村至长治界)公路改造工程
    ✓ 历史招标计划
    ✓ 历史招标公告
    ✓ 历史候选人监督部门
  [POST失败1/3] ProxyError: HTTPSConnectionPool(host='prec.sxzwfw.gov.cn', port=443): Max retries exceeded with url: /queryContent-jyxx.jspx (Caused by ProxyError('Unable to connect to proxy', OSError('Tunnel connection failed: 618 Internal Server Error'))) | https://prec.sxzwfw.gov.cn/queryContent-jyxx.jspx
  → upsert 完成：中标候选人公示

  [中标候选人公示] 阳城县城市更新清林沟片区综合改造工程设计
  [历史搜索] 阳城县城市更新清林沟片区综合改造工程设计
  [历史回填] 搜索项目：阳城县城市更新清林沟片区综合改造工程设计
    ✓ 历史招标公告
    ✓ 历史候选人监督部门
  → upsert 完成：中标候选人公示

  [中标候选人公示] 丹河流域(高平段)重点区域污水收集处理与水环境治理工程项目设计
  [历史搜索] 丹河流域(高平段)重点区域污水收集处理与水环境治理工程项目设计
  [历史回填] 搜索项目：丹河流域(高平段)重点区域污水收集处理与水环境治理工程项目设计
  [POST失败1/3] ReadTimeout: HTTPSConnectionPool(host='prec.sxzwfw.gov.cn', port=443): Read timed out. (read timeout=18) | https://prec.sxzwfw.gov.cn/queryContent-jyxx.jspx
  [POST失败2/3] ProxyError: HTTPSConnectionPool(host='prec.sxzwfw.gov.cn', port=443): Max retries exceeded with url: /queryContent-jyxx.jspx (Caused by ProxyError('Unable to connect to proxy', OSError('Tunnel connection failed: 645 Proxy Authentication In Black List'))) | https://prec.sxzwfw.gov.cn/queryContent-jyxx.jspx
  [POST失败3/3] ProxyError: HTTPSConnectionPool(host='prec.sxzwfw.gov.cn', port=443): Max retries exceeded with url: /queryContent-jyxx.jspx (Caused by ProxyError('Unable to connect to proxy', RemoteDisconnected('Remote end closed connection without response'))) | https://prec.sxzwfw.gov.cn/queryContent-jyxx.jspx
  [POST失败1/3] ConnectionError: ('Connection aborted.', RemoteDisconnected('Remote end closed connection without response')) | https://prec.sxzwfw.gov.cn/queryContent-jyxx.jspx
  [GET失败1/3] ReadTimeout: HTTPSConnectionPool(host='prec.sxzwfw.gov.cn', port=443): Read timed out. (read timeout=15) | https://prec.sxzwfw.gov.cn/jyxxgchxr/1072034.jhtml
    ✓ 历史候选人监督部门
  → upsert 完成：中标候选人公示

  [中标候选人公示] 清徐县城乡供水一体化工程(一期)施工 远传阀控水表设备采购
  [GET失败1/3] ReadTimeout: HTTPSConnectionPool(host='prec.sxzwfw.gov.cn', port=443): Read timed out. (read timeout=15) | https://prec.sxzwfw.gov.cn/jyxxgchxr/1071960.jhtml
  [历史搜索] 清徐县城乡供水一体化工程(一期)施工 远传阀控水表设备采购
  [历史回填] 搜索项目：清徐县城乡供水一体化工程(一期)施工 远传阀控水表设备采购
  [POST失败1/3] ConnectionError: ('Connection aborted.', ConnectionResetError(104, 'Connection reset by peer')) | https://prec.sxzwfw.gov.cn/queryContent-jyxx.jspx
  [POST失败2/3] ConnectionError: ('Connection aborted.', ConnectionResetError(104, 'Connection reset by peer')) | https://prec.sxzwfw.gov.cn/queryContent-jyxx.jspx
  [POST失败3/3] ReadTimeout: HTTPSConnectionPool(host='prec.sxzwfw.gov.cn', port=443): Read timed out. (read timeout=18) | https://prec.sxzwfw.gov.cn/queryContent-jyxx.jspx
  [POST失败1/3] ConnectionError: ('Connection aborted.', ConnectionResetError(104, 'Connection reset by peer')) | https://prec.sxzwfw.gov.cn/queryContent-jyxx.jspx
    ✓ 历史候选人监督部门
  → upsert 完成：中标候选人公示

  [中标候选人公示] 太原市热力集团集中供热城市生命线安全工程监理
  [历史搜索] 太原市热力集团集中供热城市生命线安全工程监理
  [历史回填] 搜索项目：太原市热力集团集中供热城市生命线安全工程监理
  [POST失败1/3] ConnectionError: ('Connection aborted.', RemoteDisconnected('Remote end closed connection without response')) | https://prec.sxzwfw.gov.cn/queryContent-jyxx.jspx
  [POST失败2/3] ConnectionError: ('Connection aborted.', ConnectionResetError(104, 'Connection reset by peer')) | https://prec.sxzwfw.gov.cn/queryContent-jyxx.jspx
  [GET失败1/3] ConnectionError: ('Connection aborted.', ConnectionResetError(104, 'Connection reset by peer')) | https://prec.sxzwfw.gov.cn/jyxxgczb/1065107.jhtml
    ✓ 历史招标公告
  [POST失败1/3] ProxyError: HTTPSConnectionPool(host='prec.sxzwfw.gov.cn', port=443): Max retries exceeded with url: /queryContent-jyxx.jspx (Caused by ProxyError('Unable to connect to proxy', OSError('Tunnel connection failed: 407 Proxy Authentication Required'))) | https://prec.sxzwfw.gov.cn/queryContent-jyxx.jspx
  [POST失败1/3] ConnectionError: ('Connection aborted.', ConnectionResetError(104, 'Connection reset by peer')) | https://prec.sxzwfw.gov.cn/queryContent-jyxx.jspx
    ✓ 历史候选人监督部门
  [POST失败1/3] ProxyError: HTTPSConnectionPool(host='prec.sxzwfw.gov.cn', port=443): Max retries exceeded with url: /queryContent-jyxx.jspx (Caused by ProxyError('Unable to connect to proxy', OSError('Tunnel connection failed: 645 Proxy Authentication In Black List'))) | https://prec.sxzwfw.gov.cn/queryContent-jyxx.jspx
  → upsert 完成：中标候选人公示

  [中标候选人公示] 历山景区基础设施提升项目（二期）
  [GET失败1/3] ConnectionError: ('Connection aborted.', ConnectionResetError(104, 'Connection reset by peer')) | https://prec.sxzwfw.gov.cn/jyxxgchxr/1071954.jhtml
  [历史搜索] 历山景区基础设施提升项目（二期）
  [历史回填] 搜索项目：历山景区基础设施提升项目（二期）
    ✓ 历史招标公告
    ✓ 历史候选人监督部门
  → upsert 完成：中标候选人公示

  [中标候选人公示] 长兴南街（光华路-西中环）建设工程施工
  [历史搜索] 长兴南街（光华路-西中环）建设工程施工
  [历史回填] 搜索项目：长兴南街（光华路-西中环）建设工程施工
    ✓ 历史招标公告
    ✓ 历史候选人监督部门
  → upsert 完成：中标候选人公示

  [中标候选人公示] 晋源区新村村城中村改造安置项目景观工程
  [GET失败1/3] ProxyError: HTTPSConnectionPool(host='prec.sxzwfw.gov.cn', port=443): Max retries exceeded with url: /jyxxgchxr/1071929.jhtml (Caused by ProxyError('Unable to connect to proxy', OSError('Tunnel connection failed: 436 Proxy Authentication Failed'))) | https://prec.sxzwfw.gov.cn/jyxxgchxr/1071929.jhtml
  [历史搜索] 晋源区新村村城中村改造安置项目景观工程
  [历史回填] 搜索项目：晋源区新村村城中村改造安置项目景观工程
    ✓ 历史招标公告
    ✓ 历史候选人监督部门
  [POST失败1/3] ProxyError: HTTPSConnectionPool(host='prec.sxzwfw.gov.cn', port=443): Max retries exceeded with url: /queryContent-jyxx.jspx (Caused by ProxyError('Unable to connect to proxy', OSError('Tunnel connection failed: 435 Proxy Authentication Failed'))) | https://prec.sxzwfw.gov.cn/queryContent-jyxx.jspx
  [POST失败2/3] ProxyError: HTTPSConnectionPool(host='prec.sxzwfw.gov.cn', port=443): Max retries exceeded with url: /queryContent-jyxx.jspx (Caused by ProxyError('Unable to connect to proxy', RemoteDisconnected('Remote end closed connection without response'))) | https://prec.sxzwfw.gov.cn/queryContent-jyxx.jspx
  → upsert 完成：中标候选人公示

  [中标候选人公示] 陵川县第三中学校教学楼改扩建项目
  [GET失败1/3] ReadTimeout: HTTPSConnectionPool(host='prec.sxzwfw.gov.cn', port=443): Read timed out. (read timeout=15) | https://prec.sxzwfw.gov.cn/jyxxgchxr/1071896.jhtml
  [历史搜索] 陵川县第三中学校教学楼改扩建项目
  [历史回填] 搜索项目：陵川县第三中学校教学楼改扩建项目
  [POST失败1/3] ReadTimeout: HTTPSConnectionPool(host='prec.sxzwfw.gov.cn', port=443): Read timed out. (read timeout=18) | https://prec.sxzwfw.gov.cn/queryContent-jyxx.jspx
    ✓ 历史招标计划
  [POST失败1/3] ConnectionError: ('Connection aborted.', ConnectionResetError(104, 'Connection reset by peer')) | https://prec.sxzwfw.gov.cn/queryContent-jyxx.jspx
    ✓ 历史招标公告
  [POST失败1/3] ProxyError: HTTPSConnectionPool(host='prec.sxzwfw.gov.cn', port=443): Max retries exceeded with url: /queryContent-jyxx.jspx (Caused by ProxyError('Unable to connect to proxy', OSError('Tunnel connection failed: 407 Proxy Authentication Required'))) | https://prec.sxzwfw.gov.cn/queryContent-jyxx.jspx
    ✓ 历史候选人监督部门
  [POST失败1/3] ReadTimeout: HTTPSConnectionPool(host='prec.sxzwfw.gov.cn', port=443): Read timed out. (read timeout=18) | https://prec.sxzwfw.gov.cn/queryContent-jyxx.jspx
  [POST失败2/3] ReadTimeout: HTTPSConnectionPool(host='prec.sxzwfw.gov.cn', port=443): Read timed out. (read timeout=18) | https://prec.sxzwfw.gov.cn/queryContent-jyxx.jspx
  → upsert 完成：中标候选人公示

  [中标候选人公示] 太原市西山地表水厂供水工程一取水泵站(引黄原水)工程钢管采购
  [GET失败1/3] ProxyError: HTTPSConnectionPool(host='prec.sxzwfw.gov.cn', port=443): Max retries exceeded with url: /jyxxgchxr/1071879.jhtml (Caused by ProxyError('Unable to connect to proxy', OSError('Tunnel connection failed: 407 Proxy Authentication Required'))) | https://prec.sxzwfw.gov.cn/jyxxgchxr/1071879.jhtml
  [历史搜索] 太原市西山地表水厂供水工程一取水泵站(引黄原水)工程钢管采购
  [历史回填] 搜索项目：太原市西山地表水厂供水工程一取水泵站(引黄原水)工程钢管采购
  [GET失败1/3] ConnectionError: ('Connection aborted.', ConnectionResetError(104, 'Connection reset by peer')) | https://prec.sxzwfw.gov.cn/jyxxgczb/1064481.jhtml
  [GET失败2/3] ReadTimeout: HTTPSConnectionPool(host='prec.sxzwfw.gov.cn', port=443): Read timed out. (read timeout=15) | https://prec.sxzwfw.gov.cn/jyxxgczb/1064481.jhtml
    ✓ 历史招标公告
  [POST失败1/3] ReadTimeout: HTTPSConnectionPool(host='prec.sxzwfw.gov.cn', port=443): Read timed out. (read timeout=18) | https://prec.sxzwfw.gov.cn/queryContent-jyxx.jspx
    ✓ 历史候选人监督部门
  → upsert 完成：中标候选人公示

  [中标候选人公示] 代县100MW风力发电项目总承包（EPC)监理
  [GET失败1/3] ReadTimeout: HTTPSConnectionPool(host='prec.sxzwfw.gov.cn', port=443): Read timed out. (read timeout=15) | https://prec.sxzwfw.gov.cn/jyxxgchxr/1071844.jhtml
  [GET失败2/3] ReadTimeout: HTTPSConnectionPool(host='prec.sxzwfw.gov.cn', port=443): Read timed out. (read timeout=15) | https://prec.sxzwfw.gov.cn/jyxxgchxr/1071844.jhtml
  [GET失败3/3] ConnectionError: ('Connection aborted.', ConnectionResetError(104, 'Connection reset by peer')) | https://prec.sxzwfw.gov.cn/jyxxgchxr/1071844.jhtml
  [历史搜索] 代县100MW风力发电项目总承包（EPC)监理
  [历史回填] 搜索项目：代县100MW风力发电项目总承包（EPC)监理
  [POST失败1/3] ConnectionError: ('Connection aborted.', ConnectionResetError(104, 'Connection reset by peer')) | https://prec.sxzwfw.gov.cn/queryContent-jyxx.jspx
  [POST失败2/3] ConnectionError: ('Connection aborted.', ConnectionResetError(104, 'Connection reset by peer')) | https://prec.sxzwfw.gov.cn/queryContent-jyxx.jspx
  [GET失败1/3] ConnectionError: ('Connection aborted.', ConnectionResetError(104, 'Connection reset by peer')) | https://prec.sxzwfw.gov.cn/jyxxgczb/1064935.jhtml
  [GET失败2/3] ConnectionError: ('Connection aborted.', ConnectionResetError(104, 'Connection reset by peer')) | https://prec.sxzwfw.gov.cn/jyxxgczb/1064935.jhtml
    ✓ 历史招标公告
  [GET失败1/3] ReadTimeout: HTTPSConnectionPool(host='prec.sxzwfw.gov.cn', port=443): Read timed out. (read timeout=15) | https://prec.sxzwfw.gov.cn/jyxxgchxr/1071844.jhtml
  [GET失败2/3] ConnectionError: ('Connection aborted.', RemoteDisconnected('Remote end closed connection without response')) | https://prec.sxzwfw.gov.cn/jyxxgchxr/1071844.jhtml
    ✓ 历史候选人监督部门
  [POST失败1/3] ReadTimeout: HTTPSConnectionPool(host='prec.sxzwfw.gov.cn', port=443): Read timed out. (read timeout=18) | https://prec.sxzwfw.gov.cn/queryContent-jyxx.jspx
  → upsert 完成：中标候选人公示

  [中标候选人公示] 大秦铁路股份有限公司侯马北供电段2026年度侯马北站区10kV配电增容改造工程建设单位管理甲供物资项目(1,2,3,4,
  [GET失败1/3] ConnectionError: ('Connection aborted.', RemoteDisconnected('Remote end closed connection without response')) | https://prec.sxzwfw.gov.cn/jyxxgchxr/1071826.jhtml
  [GET失败2/3] ConnectionError: ('Connection aborted.', ConnectionResetError(104, 'Connection reset by peer')) | https://prec.sxzwfw.gov.cn/jyxxgchxr/1071826.jhtml
  [历史搜索] 大秦铁路股份有限公司侯马北供电段2026年度侯马北站区10kV配电增容改造工程建设单位管理甲供物资项目(1,2,3,4,
  [历史回填] 搜索项目：大秦铁路股份有限公司侯马北供电段2026年度侯马北站区10kV配电增容改造工程建设单位管理甲供物资项目(1,2,3,4,
  [POST失败1/3] ConnectionError: ('Connection aborted.', ConnectionResetError(104, 'Connection reset by peer')) | https://prec.sxzwfw.gov.cn/queryContent-jyxx.jspx
  [POST失败1/3] ConnectionError: ('Connection aborted.', RemoteDisconnected('Remote end closed connection without response')) | https://prec.sxzwfw.gov.cn/queryContent-jyxx.jspx
    ✓ 历史招标公告
  [POST失败1/3] ReadTimeout: HTTPSConnectionPool(host='prec.sxzwfw.gov.cn', port=443): Read timed out. (read timeout=18) | https://prec.sxzwfw.gov.cn/queryContent-jyxx.jspx
  [GET失败1/3] ConnectionError: ('Connection aborted.', RemoteDisconnected('Remote end closed connection without response')) | https://prec.sxzwfw.gov.cn/jyxxgchxr/1071826.jhtml
    ✓ 历史候选人监督部门
  → upsert 完成：中标候选人公示

  [中标候选人公示] 浑源县2026年大洼项目区小流域综合治理提质增效项目
  [历史搜索] 浑源县2026年大洼项目区小流域综合治理提质增效项目
  [历史回填] 搜索项目：浑源县2026年大洼项目区小流域综合治理提质增效项目
    ✓ 历史招标计划
    ✓ 历史招标公告
    ✓ 历史候选人监督部门
  → upsert 完成：中标候选人公示

===== 第五步：中标结果公示 =====
  [列表] channelId=15 第1页...
  [POST失败1/3] ReadTimeout: HTTPSConnectionPool(host='prec.sxzwfw.gov.cn', port=443): Read timed out. (read timeout=18) | https://prec.sxzwfw.gov.cn/queryContent-jyxx.jspx
  [列表] 总条数=23，当前已获取=10
  [列表] channelId=15 第2页...
  [POST失败1/3] ProxyError: HTTPSConnectionPool(host='prec.sxzwfw.gov.cn', port=443): Max retries exceeded with url: /queryContent_2-jyxx.jspx (Caused by ProxyError('Unable to connect to proxy', RemoteDisconnected('Remote end closed connection without response'))) | https://prec.sxzwfw.gov.cn/queryContent_2-jyxx.jspx
  [POST失败2/3] ProxyError: HTTPSConnectionPool(host='prec.sxzwfw.gov.cn', port=443): Max retries exceeded with url: /queryContent_2-jyxx.jspx (Caused by ProxyError('Unable to connect to proxy', RemoteDisconnected('Remote end closed connection without response'))) | https://prec.sxzwfw.gov.cn/queryContent_2-jyxx.jspx
  [列表] 总条数=23，当前已获取=20
  [列表] channelId=15 第3页...
  [列表] 总条数=23，当前已获取=23
  [列表] 共 23 条

  [中标结果公示] 潇河产业园区文源学校建设工程（一标段）施工（暂估价）断桥铝合金窗采购项目
  [历史搜索] 潇河产业园区文源学校建设工程（一标段）施工（暂估价）断桥铝合金窗采购项目
  [历史回填] 搜索项目：潇河产业园区文源学校建设工程（一标段）施工（暂估价）断桥铝合金窗采购项目
  [POST失败1/3] ProxyError: HTTPSConnectionPool(host='prec.sxzwfw.gov.cn', port=443): Max retries exceeded with url: /queryContent-jyxx.jspx (Caused by ProxyError('Unable to connect to proxy', OSError('Tunnel connection failed: 618 Internal Server Error'))) | https://prec.sxzwfw.gov.cn/queryContent-jyxx.jspx
  [GET失败1/3] ProxyError: HTTPSConnectionPool(host='prec.sxzwfw.gov.cn', port=443): Max retries exceeded with url: /jyxxgczb/1061980.jhtml (Caused by ProxyError('Unable to connect to proxy', OSError('Tunnel connection failed: 436 Proxy Authentication Failed'))) | https://prec.sxzwfw.gov.cn/jyxxgczb/1061980.jhtml
  [GET失败2/3] ConnectionError: ('Connection aborted.', RemoteDisconnected('Remote end closed connection without response')) | https://prec.sxzwfw.gov.cn/jyxxgczb/1061980.jhtml
    ✓ 历史招标公告
  [POST失败1/3] ReadTimeout: HTTPSConnectionPool(host='prec.sxzwfw.gov.cn', port=443): Read timed out. (read timeout=18) | https://prec.sxzwfw.gov.cn/queryContent-jyxx.jspx
  [GET失败1/3] ConnectionError: ('Connection aborted.', ConnectionResetError(104, 'Connection reset by peer')) | https://prec.sxzwfw.gov.cn/jyxxgchxr/1070230.jhtml
  [GET失败2/3] ProxyError: HTTPSConnectionPool(host='prec.sxzwfw.gov.cn', port=443): Max retries exceeded with url: /jyxxgchxr/1070230.jhtml (Caused by ProxyError('Unable to connect to proxy', OSError('Tunnel connection failed: 618 Internal Server Error'))) | https://prec.sxzwfw.gov.cn/jyxxgchxr/1070230.jhtml
  [GET失败3/3] ConnectionError: ('Connection aborted.', ConnectionResetError(104, 'Connection reset by peer')) | https://prec.sxzwfw.gov.cn/jyxxgchxr/1070230.jhtml
    ✓ 历史候选人监督部门
    ✓ 历史结果监督部门
  → upsert 完成：中标结果公示

  [中标结果公示] 阳高县罗文皂镇镇大沟水毁河道清淤工程施工
  [历史搜索] 阳高县罗文皂镇镇大沟水毁河道清淤工程施工
  [历史回填] 搜索项目：阳高县罗文皂镇镇大沟水毁河道清淤工程施工
  [POST失败1/3] ConnectionError: ('Connection aborted.', ConnectionResetError(104, 'Connection reset by peer')) | https://prec.sxzwfw.gov.cn/queryContent-jyxx.jspx
  [GET失败1/3] ReadTimeout: HTTPSConnectionPool(host='prec.sxzwfw.gov.cn', port=443): Read timed out. (read timeout=15) | https://prec.sxzwfw.gov.cn/jyxxgczb/1064076.jhtml
  [GET失败2/3] ReadTimeout: HTTPSConnectionPool(host='prec.sxzwfw.gov.cn', port=443): Read timed out. (read timeout=15) | https://prec.sxzwfw.gov.cn/jyxxgczb/1064076.jhtml
    ✓ 历史招标公告
  [POST失败1/3] ProxyError: HTTPSConnectionPool(host='prec.sxzwfw.gov.cn', port=443): Max retries exceeded with url: /queryContent-jyxx.jspx (Caused by ProxyError('Unable to connect to proxy', OSError('Tunnel connection failed: 407 Proxy Authentication Required'))) | https://prec.sxzwfw.gov.cn/queryContent-jyxx.jspx
  [POST失败2/3] ProxyError: HTTPSConnectionPool(host='prec.sxzwfw.gov.cn', port=443): Max retries exceeded with url: /queryContent-jyxx.jspx (Caused by ProxyError('Unable to connect to proxy', OSError('Tunnel connection failed: 436 Proxy Authentication Failed'))) | https://prec.sxzwfw.gov.cn/queryContent-jyxx.jspx
  [POST失败3/3] ReadTimeout: HTTPSConnectionPool(host='prec.sxzwfw.gov.cn', port=443): Read timed out. (read timeout=18) | https://prec.sxzwfw.gov.cn/queryContent-jyxx.jspx
  [POST失败1/3] ConnectionError: ('Connection aborted.', ConnectionResetError(104, 'Connection reset by peer')) | https://prec.sxzwfw.gov.cn/queryContent-jyxx.jspx
  [POST失败2/3] ConnectionError: ('Connection aborted.', ConnectionResetError(104, 'Connection reset by peer')) | https://prec.sxzwfw.gov.cn/queryContent-jyxx.jspx
    ✓ 历史结果监督部门
  → upsert 完成：中标结果公示

  [中标结果公示] 2026年城区道路无灯改造工程(第一批)
  [历史搜索] 2026年城区道路无灯改造工程(第一批)
  [历史回填] 搜索项目：2026年城区道路无灯改造工程(第一批)
  [GET失败1/3] ConnectionError: ('Connection aborted.', ConnectionResetError(104, 'Connection reset by peer')) | https://prec.sxzwfw.gov.cn/jyxxzbjh/1034305.jhtml
    ✓ 历史招标计划
  [POST失败1/3] ConnectionError: ('Connection aborted.', ConnectionResetError(104, 'Connection reset by peer')) | https://prec.sxzwfw.gov.cn/queryContent-jyxx.jspx
    ✓ 历史招标公告
  [POST失败1/3] ConnectionError: ('Connection aborted.', ConnectionResetError(104, 'Connection reset by peer')) | https://prec.sxzwfw.gov.cn/queryContent-jyxx.jspx
    ✓ 历史候选人监督部门
  [POST失败1/3] ConnectionError: ('Connection aborted.', ConnectionResetError(104, 'Connection reset by peer')) | https://prec.sxzwfw.gov.cn/queryContent-jyxx.jspx
    ✓ 历史结果监督部门
  → upsert 完成：中标结果公示

  [中标结果公示] 中北高新区上兰能源岛供热工程蓄热罐装置采购及服务
  [历史搜索] 中北高新区上兰能源岛供热工程蓄热罐装置采购及服务
  [历史回填] 搜索项目：中北高新区上兰能源岛供热工程蓄热罐装置采购及服务
  [GET失败1/3] ConnectionError: ('Connection aborted.', ConnectionResetError(104, 'Connection reset by peer')) | https://prec.sxzwfw.gov.cn/jyxxgczb/1059777.jhtml
  [GET失败2/3] ConnectionError: ('Connection aborted.', ConnectionResetError(104, 'Connection reset by peer')) | https://prec.sxzwfw.gov.cn/jyxxgczb/1059777.jhtml
  [GET失败3/3] ReadTimeout: HTTPSConnectionPool(host='prec.sxzwfw.gov.cn', port=443): Read timed out. (read timeout=15) | https://prec.sxzwfw.gov.cn/jyxxgczb/1059777.jhtml
    ✓ 历史招标公告
  [POST失败1/3] ProxyError: HTTPSConnectionPool(host='prec.sxzwfw.gov.cn', port=443): Max retries exceeded with url: /queryContent-jyxx.jspx (Caused by ProxyError('Unable to connect to proxy', OSError('Tunnel connection failed: 645 Proxy Authentication In Black List'))) | https://prec.sxzwfw.gov.cn/queryContent-jyxx.jspx
  [GET失败1/3] ConnectionError: ('Connection aborted.', RemoteDisconnected('Remote end closed connection without response')) | https://prec.sxzwfw.gov.cn/jyxxgchxr/1070491.jhtml
    ✓ 历史候选人监督部门
    ✓ 历史结果监督部门
  → upsert 完成：中标结果公示

  [中标结果公示] 山西省肿瘤医院医疗服务综合能力提升修缮工程（病房改造提升）项目施工（二次）
  [GET失败1/3] ConnectionError: ('Connection aborted.', ConnectionResetError(104, 'Connection reset by peer')) | https://prec.sxzwfw.gov.cn/jyxxgcgs/1071930.jhtml
  [历史搜索] 山西省肿瘤医院医疗服务综合能力提升修缮工程（病房改造提升）项目施工（二次）
  [历史回填] 搜索项目：山西省肿瘤医院医疗服务综合能力提升修缮工程（病房改造提升）项目施工（二次）
  [POST失败1/3] ConnectionError: ('Connection aborted.', RemoteDisconnected('Remote end closed connection without response')) | https://prec.sxzwfw.gov.cn/queryContent-jyxx.jspx
  [POST失败2/3] ReadTimeout: HTTPSConnectionPool(host='prec.sxzwfw.gov.cn', port=443): Read timed out. (read timeout=18) | https://prec.sxzwfw.gov.cn/queryContent-jyxx.jspx
  [POST失败1/3] ReadTimeout: HTTPSConnectionPool(host='prec.sxzwfw.gov.cn', port=443): Read timed out. (read timeout=18) | https://prec.sxzwfw.gov.cn/queryContent-jyxx.jspx
  [POST失败2/3] ProxyError: HTTPSConnectionPool(host='prec.sxzwfw.gov.cn', port=443): Max retries exceeded with url: /queryContent-jyxx.jspx (Caused by ProxyError('Unable to connect to proxy', OSError('Tunnel connection failed: 435 Proxy Authentication Failed'))) | https://prec.sxzwfw.gov.cn/queryContent-jyxx.jspx
    ✓ 历史招标公告
  [POST失败1/3] ConnectionError: ('Connection aborted.', ConnectionResetError(104, 'Connection reset by peer')) | https://prec.sxzwfw.gov.cn/queryContent-jyxx.jspx
    ✓ 历史候选人监督部门
  [GET失败1/3] ReadTimeout: HTTPSConnectionPool(host='prec.sxzwfw.gov.cn', port=443): Read timed out. (read timeout=15) | https://prec.sxzwfw.gov.cn/jyxxgcgs/1071930.jhtml
    ✓ 历史结果监督部门
  → upsert 完成：中标结果公示

  [中标结果公示] 长治市上党区工人文化宫改造项目设计施工总承包
  [历史搜索] 长治市上党区工人文化宫改造项目设计施工总承包
  [历史回填] 搜索项目：长治市上党区工人文化宫改造项目设计施工总承包
  [POST失败1/3] ReadTimeout: HTTPSConnectionPool(host='prec.sxzwfw.gov.cn', port=443): Read timed out. (read timeout=18) | https://prec.sxzwfw.gov.cn/queryContent-jyxx.jspx
  [POST失败1/3] ConnectionError: ('Connection aborted.', ConnectionResetError(104, 'Connection reset by peer')) | https://prec.sxzwfw.gov.cn/queryContent-jyxx.jspx
  [GET失败1/3] ProxyError: HTTPSConnectionPool(host='prec.sxzwfw.gov.cn', port=443): Max retries exceeded with url: /jyxxgczb/1060833.jhtml (Caused by ProxyError('Unable to connect to proxy', OSError('Tunnel connection failed: 436 Proxy Authentication Failed'))) | https://prec.sxzwfw.gov.cn/jyxxgczb/1060833.jhtml
  [GET失败2/3] ReadTimeout: HTTPSConnectionPool(host='prec.sxzwfw.gov.cn', port=443): Read timed out. (read timeout=15) | https://prec.sxzwfw.gov.cn/jyxxgczb/1060833.jhtml
    ✓ 历史招标公告
    ✓ 历史候选人监督部门
    ✓ 历史结果监督部门
  → upsert 完成：中标结果公示

  [中标结果公示] 晋城市泽州县丹河流域北义城镇段农村生活污水治理及资源化利用项目中标结果公告
  [历史搜索] 晋城市泽州县丹河流域北义城镇段农村生活污水治理及资源化利用项目中标结果公告
  [历史回填] 搜索项目：晋城市泽州县丹河流域北义城镇段农村生活污水治理及资源化利用项目中标结果公告
  [POST失败1/3] ConnectionError: ('Connection aborted.', ConnectionResetError(104, 'Connection reset by peer')) | https://prec.sxzwfw.gov.cn/queryContent-jyxx.jspx
  [POST失败2/3] ReadTimeout: HTTPSConnectionPool(host='prec.sxzwfw.gov.cn', port=443): Read timed out. (read timeout=18) | https://prec.sxzwfw.gov.cn/queryContent-jyxx.jspx
  [POST失败1/3] ReadTimeout: HTTPSConnectionPool(host='prec.sxzwfw.gov.cn', port=443): Read timed out. (read timeout=18) | https://prec.sxzwfw.gov.cn/queryContent-jyxx.jspx
    ✓ 历史结果监督部门
  → upsert 完成：中标结果公示

  [中标结果公示] 太原供水集团有限公司财大东巷等46条新建给水管网工程钢管采购（二次）
  [GET失败1/3] ProxyError: HTTPSConnectionPool(host='prec.sxzwfw.gov.cn', port=443): Max retries exceeded with url: /jyxxgcgs/1071886.jhtml (Caused by ProxyError('Unable to connect to proxy', OSError('Tunnel connection failed: 436 Proxy Authentication Failed'))) | https://prec.sxzwfw.gov.cn/jyxxgcgs/1071886.jhtml
  [历史搜索] 太原供水集团有限公司财大东巷等46条新建给水管网工程钢管采购（二次）
  [历史回填] 搜索项目：太原供水集团有限公司财大东巷等46条新建给水管网工程钢管采购（二次）
    ✓ 历史招标公告
  [GET失败1/3] ProxyError: HTTPSConnectionPool(host='prec.sxzwfw.gov.cn', port=443): Max retries exceeded with url: /jyxxgchxr/1070307.jhtml (Caused by ProxyError('Unable to connect to proxy', OSError('Tunnel connection failed: 436 Proxy Authentication Failed'))) | https://prec.sxzwfw.gov.cn/jyxxgchxr/1070307.jhtml
    ✓ 历史候选人监督部门
    ✓ 历史结果监督部门
  → upsert 完成：中标结果公示

  [中标结果公示] 太原供水集团有限公司北张东路等给水管线改造工程钢管采购
  [GET失败1/3] ReadTimeout: HTTPSConnectionPool(host='prec.sxzwfw.gov.cn', port=443): Read timed out. (read timeout=15) | https://prec.sxzwfw.gov.cn/jyxxgcgs/1071885.jhtml
  [历史搜索] 太原供水集团有限公司北张东路等给水管线改造工程钢管采购
  [历史回填] 搜索项目：太原供水集团有限公司北张东路等给水管线改造工程钢管采购
    ✓ 历史招标公告
  [POST失败1/3] ConnectionError: ('Connection aborted.', ConnectionResetError(104, 'Connection reset by peer')) | https://prec.sxzwfw.gov.cn/queryContent-jyxx.jspx
  [POST失败2/3] ProxyError: HTTPSConnectionPool(host='prec.sxzwfw.gov.cn', port=443): Max retries exceeded with url: /queryContent-jyxx.jspx (Caused by ProxyError('Unable to connect to proxy', OSError('Tunnel connection failed: 618 Internal Server Error'))) | https://prec.sxzwfw.gov.cn/queryContent-jyxx.jspx
  [POST失败3/3] ConnectionError: ('Connection aborted.', ConnectionResetError(104, 'Connection reset by peer')) | https://prec.sxzwfw.gov.cn/queryContent-jyxx.jspx
  [GET失败1/3] ReadTimeout: HTTPSConnectionPool(host='prec.sxzwfw.gov.cn', port=443): Read timed out. (read timeout=15) | https://prec.sxzwfw.gov.cn/jyxxgcgs/1071885.jhtml
    ✓ 历史结果监督部门
  → upsert 完成：中标结果公示

  [中标结果公示] “两站一场”城市更新项目——枢纽改造及智慧化建设工程设计
  [历史搜索] “两站一场”城市更新项目——枢纽改造及智慧化建设工程设计
  [历史回填] 搜索项目：“两站一场”城市更新项目——枢纽改造及智慧化建设工程设计
    ✓ 历史招标公告
  [GET失败1/3] ConnectionError: ('Connection aborted.', RemoteDisconnected('Remote end closed connection without response')) | https://prec.sxzwfw.gov.cn/jyxxgchxr/1070492.jhtml
  [GET失败2/3] ConnectionError: ('Connection aborted.', ConnectionResetError(104, 'Connection reset by peer')) | https://prec.sxzwfw.gov.cn/jyxxgchxr/1070492.jhtml
  [GET失败3/3] ConnectionError: ('Connection aborted.', ConnectionResetError(104, 'Connection reset by peer')) | https://prec.sxzwfw.gov.cn/jyxxgchxr/1070492.jhtml
    ✓ 历史候选人监督部门
    ✓ 历史结果监督部门
  → upsert 完成：中标结果公示

  [中标结果公示] 太原市西山地表水厂供水工程一取水泵站(引黄原水)工程施工
  [历史搜索] 太原市西山地表水厂供水工程一取水泵站(引黄原水)工程施工
  [历史回填] 搜索项目：太原市西山地表水厂供水工程一取水泵站(引黄原水)工程施工
  [POST失败1/3] ReadTimeout: HTTPSConnectionPool(host='prec.sxzwfw.gov.cn', port=443): Read timed out. (read timeout=18) | https://prec.sxzwfw.gov.cn/queryContent-jyxx.jspx
    ✓ 历史招标公告
    ✓ 历史候选人监督部门
  [POST失败1/3] ConnectionError: ('Connection aborted.', ConnectionResetError(104, 'Connection reset by peer')) | https://prec.sxzwfw.gov.cn/queryContent-jyxx.jspx
  [GET失败1/3] ConnectionError: ('Connection aborted.', ConnectionResetError(104, 'Connection reset by peer')) | https://prec.sxzwfw.gov.cn/jyxxgcgs/1071878.jhtml
    ✓ 历史结果监督部门
  → upsert 完成：中标结果公示

  [中标结果公示] 应县梨花北路更新改造工程项目
  [历史搜索] 应县梨花北路更新改造工程项目
  [历史回填] 搜索项目：应县梨花北路更新改造工程项目
  [POST失败1/3] ReadTimeout: HTTPSConnectionPool(host='prec.sxzwfw.gov.cn', port=443): Read timed out. (read timeout=18) | https://prec.sxzwfw.gov.cn/queryContent-jyxx.jspx
  [POST失败1/3] ConnectionError: ('Connection aborted.', ConnectionResetError(104, 'Connection reset by peer')) | https://prec.sxzwfw.gov.cn/queryContent-jyxx.jspx
    ✓ 历史结果监督部门
  → upsert 完成：中标结果公示

  [中标结果公示] 柿庄镇输配站基础设施提升改造项目
  [历史搜索] 柿庄镇输配站基础设施提升改造项目
  [历史回填] 搜索项目：柿庄镇输配站基础设施提升改造项目
    ✓ 历史招标公告
    ✓ 历史候选人监督部门
  [GET失败1/3] ReadTimeout: HTTPSConnectionPool(host='prec.sxzwfw.gov.cn', port=443): Read timed out. (read timeout=15) | https://prec.sxzwfw.gov.cn/jyxxgcgs/1071854.jhtml
    ✓ 历史结果监督部门
  → upsert 完成：中标结果公示

  [中标结果公示] 长治市屯留区供水管网改造项目全过程工程咨询服务
  [GET失败1/3] ReadTimeout: HTTPSConnectionPool(host='prec.sxzwfw.gov.cn', port=443): Read timed out. (read timeout=15) | https://prec.sxzwfw.gov.cn/jyxxgcgs/1071830.jhtml
  [历史搜索] 长治市屯留区供水管网改造项目全过程工程咨询服务
  [历史回填] 搜索项目：长治市屯留区供水管网改造项目全过程工程咨询服务
    ✓ 历史招标公告
    ✓ 历史候选人监督部门
    ✓ 历史结果监督部门
  → upsert 完成：中标结果公示

  [中标结果公示] 应县迎宾路照明设施改造工程施工项目
  [历史搜索] 应县迎宾路照明设施改造工程施工项目
  [历史回填] 搜索项目：应县迎宾路照明设施改造工程施工项目
  [GET失败1/3] ProxyError: HTTPSConnectionPool(host='prec.sxzwfw.gov.cn', port=443): Max retries exceeded with url: /jyxxgcgs/1071822.jhtml (Caused by ProxyError('Unable to connect to proxy', OSError('Tunnel connection failed: 436 Proxy Authentication Failed'))) | https://prec.sxzwfw.gov.cn/jyxxgcgs/1071822.jhtml
    ✓ 历史结果监督部门
  → upsert 完成：中标结果公示

  [中标结果公示] 阳高县大泉山食用菌数智科创园项目
  [历史搜索] 阳高县大泉山食用菌数智科创园项目
  [历史回填] 搜索项目：阳高县大泉山食用菌数智科创园项目
  [POST失败1/3] ConnectionError: ('Connection aborted.', RemoteDisconnected('Remote end closed connection without response')) | https://prec.sxzwfw.gov.cn/queryContent-jyxx.jspx
  [GET失败1/3] ReadTimeout: HTTPSConnectionPool(host='prec.sxzwfw.gov.cn', port=443): Read timed out. (read timeout=15) | https://prec.sxzwfw.gov.cn/jyxxzbjh/1030167.jhtml
    ✓ 历史招标计划
  [GET失败1/3] ProxyError: HTTPSConnectionPool(host='prec.sxzwfw.gov.cn', port=443): Max retries exceeded with url: /jyxxgczb/1064391.jhtml (Caused by ProxyError('Unable to connect to proxy', OSError('Tunnel connection failed: 643 Proxy Authentication Failed'))) | https://prec.sxzwfw.gov.cn/jyxxgczb/1064391.jhtml
  [GET失败2/3] ConnectionError: ('Connection aborted.', ConnectionResetError(104, 'Connection reset by peer')) | https://prec.sxzwfw.gov.cn/jyxxgczb/1064391.jhtml
    ✓ 历史招标公告
  [GET失败1/3] ReadTimeout: HTTPSConnectionPool(host='prec.sxzwfw.gov.cn', port=443): Read timed out. (read timeout=15) | https://prec.sxzwfw.gov.cn/jyxxgchxr/1071002.jhtml
  [GET失败2/3] ReadTimeout: HTTPSConnectionPool(host='prec.sxzwfw.gov.cn', port=443): Read timed out. (read timeout=15) | https://prec.sxzwfw.gov.cn/jyxxgchxr/1071002.jhtml
    ✓ 历史候选人监督部门
  [POST失败1/3] ConnectionError: ('Connection aborted.', ConnectionResetError(104, 'Connection reset by peer')) | https://prec.sxzwfw.gov.cn/queryContent-jyxx.jspx
  [GET失败1/3] ConnectionError: ('Connection aborted.', ConnectionResetError(104, 'Connection reset by peer')) | https://prec.sxzwfw.gov.cn/jyxxgcgs/1071811.jhtml
    ✓ 历史结果监督部门
  → upsert 完成：中标结果公示

  [中标结果公示] 泽州县巴公镇文化站项目EPC总承包中标结果公告
  [历史搜索] 泽州县巴公镇文化站项目EPC总承包中标结果公告
  [历史回填] 搜索项目：泽州县巴公镇文化站项目EPC总承包中标结果公告
  [POST失败1/3] ReadTimeout: HTTPSConnectionPool(host='prec.sxzwfw.gov.cn', port=443): Read timed out. (read timeout=18) | https://prec.sxzwfw.gov.cn/queryContent-jyxx.jspx
    ✓ 历史结果监督部门
  → upsert 完成：中标结果公示

  [中标结果公示] 天镇县100MW风力发电项目EPC总承包
  [历史搜索] 天镇县100MW风力发电项目EPC总承包
  [历史回填] 搜索项目：天镇县100MW风力发电项目EPC总承包
  [POST失败1/3] ReadTimeout: HTTPSConnectionPool(host='prec.sxzwfw.gov.cn', port=443): Read timed out. (read timeout=18) | https://prec.sxzwfw.gov.cn/queryContent-jyxx.jspx
  [POST失败2/3] ReadTimeout: HTTPSConnectionPool(host='prec.sxzwfw.gov.cn', port=443): Read timed out. (read timeout=18) | https://prec.sxzwfw.gov.cn/queryContent-jyxx.jspx
    ✓ 历史招标公告
  [POST失败1/3] ProxyError: HTTPSConnectionPool(host='prec.sxzwfw.gov.cn', port=443): Max retries exceeded with url: /queryContent-jyxx.jspx (Caused by ProxyError('Unable to connect to proxy', OSError('Tunnel connection failed: 436 Proxy Authentication Failed'))) | https://prec.sxzwfw.gov.cn/queryContent-jyxx.jspx
    ✓ 历史候选人监督部门
    ✓ 历史结果监督部门
  → upsert 完成：中标结果公示

  [中标结果公示] 天镇县100MW风力发电项目监理
  [GET失败1/3] ConnectionError: ('Connection aborted.', ConnectionResetError(104, 'Connection reset by peer')) | https://prec.sxzwfw.gov.cn/jyxxgcgs/1071794.jhtml
  [GET失败2/3] ReadTimeout: HTTPSConnectionPool(host='prec.sxzwfw.gov.cn', port=443): Read timed out. (read timeout=15) | https://prec.sxzwfw.gov.cn/jyxxgcgs/1071794.jhtml
  [历史搜索] 天镇县100MW风力发电项目监理
  [历史回填] 搜索项目：天镇县100MW风力发电项目监理
    ✓ 历史招标公告
  [POST失败1/3] ReadTimeout: HTTPSConnectionPool(host='prec.sxzwfw.gov.cn', port=443): Read timed out. (read timeout=18) | https://prec.sxzwfw.gov.cn/queryContent-jyxx.jspx
  [POST失败1/3] ReadTimeout: HTTPSConnectionPool(host='prec.sxzwfw.gov.cn', port=443): Read timed out. (read timeout=18) | https://prec.sxzwfw.gov.cn/queryContent-jyxx.jspx
  [POST失败2/3] ConnectionError: ('Connection aborted.', ConnectionResetError(104, 'Connection reset by peer')) | https://prec.sxzwfw.gov.cn/queryContent-jyxx.jspx
    ✓ 历史候选人监督部门
  [POST失败1/3] ReadTimeout: HTTPSConnectionPool(host='prec.sxzwfw.gov.cn', port=443): Read timed out. (read timeout=18) | https://prec.sxzwfw.gov.cn/queryContent-jyxx.jspx
    ✓ 历史结果监督部门
  → upsert 完成：中标结果公示

  [中标结果公示] 侯马市学府路（合欢街-晋珠街）道路建设工程施工
  [GET失败1/3] ConnectionError: ('Connection aborted.', ConnectionResetError(104, 'Connection reset by peer')) | https://prec.sxzwfw.gov.cn/jyxxgcgs/1071790.jhtml
  [历史搜索] 侯马市学府路（合欢街-晋珠街）道路建设工程施工
  [历史回填] 搜索项目：侯马市学府路（合欢街-晋珠街）道路建设工程施工
    ✓ 历史招标公告
  [POST失败1/3] ReadTimeout: HTTPSConnectionPool(host='prec.sxzwfw.gov.cn', port=443): Read timed out. (read timeout=18) | https://prec.sxzwfw.gov.cn/queryContent-jyxx.jspx
    ✓ 历史候选人监督部门
  [POST失败1/3] ReadTimeout: HTTPSConnectionPool(host='prec.sxzwfw.gov.cn', port=443): Read timed out. (read timeout=18) | https://prec.sxzwfw.gov.cn/queryContent-jyxx.jspx
    ✓ 历史结果监督部门
  → upsert 完成：中标结果公示

  [中标结果公示] 侯马市公共实训基地建设项目施工
  [历史搜索] 侯马市公共实训基地建设项目施工
  [历史回填] 搜索项目：侯马市公共实训基地建设项目施工
  [POST失败1/3] ConnectionError: ('Connection aborted.', ConnectionResetError(104, 'Connection reset by peer')) | https://prec.sxzwfw.gov.cn/queryContent-jyxx.jspx
    ✓ 历史招标公告
  [POST失败1/3] ReadTimeout: HTTPSConnectionPool(host='prec.sxzwfw.gov.cn', port=443): Read timed out. (read timeout=18) | https://prec.sxzwfw.gov.cn/queryContent-jyxx.jspx
  [GET失败1/3] ConnectionError: ('Connection aborted.', ConnectionResetError(104, 'Connection reset by peer')) | https://prec.sxzwfw.gov.cn/jyxxgchxr/1070411.jhtml
    ✓ 历史候选人监督部门
    ✓ 历史结果监督部门
  → upsert 完成：中标结果公示

  [中标结果公示] 大宁县胡城水库工程EPC总承包项目
  [历史搜索] 大宁县胡城水库工程EPC总承包项目
  [历史回填] 搜索项目：大宁县胡城水库工程EPC总承包项目
    ✓ 历史招标公告
  [GET失败1/3] ConnectionError: ('Connection aborted.', ConnectionResetError(104, 'Connection reset by peer')) | https://prec.sxzwfw.gov.cn/jyxxgchxr/1070044.jhtml
  [GET失败2/3] ReadTimeout: HTTPSConnectionPool(host='prec.sxzwfw.gov.cn', port=443): Read timed out. (read timeout=15) | https://prec.sxzwfw.gov.cn/jyxxgchxr/1070044.jhtml
  [GET失败3/3] ProxyError: HTTPSConnectionPool(host='prec.sxzwfw.gov.cn', port=443): Max retries exceeded with url: /jyxxgchxr/1070044.jhtml (Caused by ProxyError('Unable to connect to proxy', OSError('Tunnel connection failed: 645 Proxy Authentication In Black List'))) | https://prec.sxzwfw.gov.cn/jyxxgchxr/1070044.jhtml
    ✓ 历史候选人监督部门
    ✓ 历史结果监督部门
  → upsert 完成：中标结果公示

  [中标结果公示] 尧都区居民区供水管网漏损治理及老化更新改造(一期)工程工程总承包（EPC）
  [历史搜索] 尧都区居民区供水管网漏损治理及老化更新改造(一期)工程工程总承包（EPC）
  [历史回填] 搜索项目：尧都区居民区供水管网漏损治理及老化更新改造(一期)工程工程总承包（EPC）
  [POST失败1/3] ProxyError: HTTPSConnectionPool(host='prec.sxzwfw.gov.cn', port=443): Max retries exceeded with url: /queryContent-jyxx.jspx (Caused by ProxyError('Unable to connect to proxy', OSError('Tunnel connection failed: 407 Proxy Authentication Required'))) | https://prec.sxzwfw.gov.cn/queryContent-jyxx.jspx
  [POST失败1/3] ProxyError: HTTPSConnectionPool(host='prec.sxzwfw.gov.cn', port=443): Max retries exceeded with url: /queryContent-jyxx.jspx (Caused by ProxyError('Unable to connect to proxy', OSError('Tunnel connection failed: 435 Proxy Authentication Failed'))) | https://prec.sxzwfw.gov.cn/queryContent-jyxx.jspx
  [POST失败2/3] ConnectionError: ('Connection aborted.', ConnectionResetError(104, 'Connection reset by peer')) | https://prec.sxzwfw.gov.cn/queryContent-jyxx.jspx
  [POST失败3/3] ProxyError: HTTPSConnectionPool(host='prec.sxzwfw.gov.cn', port=443): Max retries exceeded with url: /queryContent-jyxx.jspx (Caused by ProxyError('Unable to connect to proxy', OSError('Tunnel connection failed: 436 Proxy Authentication Failed'))) | https://prec.sxzwfw.gov.cn/queryContent-jyxx.jspx
  [POST失败1/3] ReadTimeout: HTTPSConnectionPool(host='prec.sxzwfw.gov.cn', port=443): Read timed out. (read timeout=18) | https://prec.sxzwfw.gov.cn/queryContent-jyxx.jspx
  [POST失败2/3] ProxyError: HTTPSConnectionPool(host='prec.sxzwfw.gov.cn', port=443): Max retries exceeded with url: /queryContent-jyxx.jspx (Caused by ProxyError('Unable to connect to proxy', RemoteDisconnected('Remote end closed connection without response'))) | https://prec.sxzwfw.gov.cn/queryContent-jyxx.jspx
  [GET失败1/3] ConnectionError: ('Connection aborted.', ConnectionResetError(104, 'Connection reset by peer')) | https://prec.sxzwfw.gov.cn/jyxxgchxr/1070412.jhtml
    ✓ 历史候选人监督部门
    ✓ 历史结果监督部门
  → upsert 完成：中标结果公示
[索引] → /home/intsig/zwx/shanxi/output/山西_index.txt
[自检] → /home/intsig/zwx/shanxi/log/20260707_check.log

===== AI 兜底补充提取 =====
  [马村镇马村村高标准设施蔬菜基地项目] AI补字段 ['招标代理机构地址'] ← https://prec.sxzwfw.gov.cn/jyxxgczb/1069822.jhtml
    ✗ 招标代理机构地址: AI未提取
  [太原市杏花岭区宇乔400MW/800MWh独立储能调频电站项目(EPC总承包）] AI补字段 ['监督部门联系方式'] ← https://prec.sxzwfw.gov.cn/jyxxgcgs/1071357.jhtml
  [GET失败1/5] ConnectionError: ('Connection aborted.', ConnectionResetError(104, 'Connection reset by peer')) | https://prec.sxzwfw.gov.cn/jyxxgcgs/1071357.jhtml
    ✗ 监督部门联系方式: AI未提取
  [太原西山“骑行+”户外运动场地设施与服务保障设施建设项目施工] AI补字段 ['监督部门'] ← https://prec.sxzwfw.gov.cn/jyxxgcgs/1070917.jhtml
  [GET失败1/5] ConnectionError: ('Connection aborted.', ConnectionResetError(104, 'Connection reset by peer')) | https://prec.sxzwfw.gov.cn/jyxxgcgs/1070917.jhtml
    ✗ 监督部门: AI未提取
  [大宁县胡城水库工程EPC总承包项目] AI补字段 ['标书发售时间'] ← https://prec.sxzwfw.gov.cn/jyxxgczb/1062365.jhtml
    ✓ 标书发售时间: 2026年6月8日00时00分至2026年6月13日00时00分
  [华信振阳高新区200MW/400MWh独立储能项目EPC总承包] AI补字段 ['监督部门'] ← https://prec.sxzwfw.gov.cn/jyxxgcgs/1071264.jhtml
    ✗ 监督部门: AI未提取
  [原平市2025年农村公路灾毁改造工程（裕隆社区-武彦等6条）监理项目] AI补字段 ['监督部门联系方式'] ← https://prec.sxzwfw.gov.cn/jyxxgchxr/1069689.jhtml
    ✗ 监督部门联系方式: AI未提取
  [五台山站站前综合交通枢纽及相关市政配套项目（供电工程）设计项目] AI补字段 ['监督部门联系方式'] ← https://prec.sxzwfw.gov.cn/jyxxgchxr/1069607.jhtml
    ✗ 监督部门联系方式: AI未提取
  [朔城区2026年中央财政“三北”工程巩固防沙治沙成果项目（2021年营造林10687亩）项目] AI补字段 ['监督部门联系方式'] ← https://prec.sxzwfw.gov.cn/jyxxgcgs/1071027.jhtml
    ✓ 监督部门联系方式: 本招标项目的监督部门为朔州市规划和自然资源局
  [代县城市地下管网及设施建设改造工程-东北街片区（分区二）施工项目] AI补字段 ['监督部门联系方式'] ← https://prec.sxzwfw.gov.cn/jyxxgchxr/1069209.jhtml
  [GET失败1/5] ProxyError: HTTPSConnectionPool(host='prec.sxzwfw.gov.cn', port=443): Max retries exceeded with url: /jyxxgchxr/1069209.jhtml (Caused by ProxyError('Unable to connect to proxy', OSError('Tunnel connection failed: 407 Proxy Authentication Required'))) | https://prec.sxzwfw.gov.cn/jyxxgchxr/1069209.jhtml
  [GET失败2/5] ProxyError: HTTPSConnectionPool(host='prec.sxzwfw.gov.cn', port=443): Max retries exceeded with url: /jyxxgchxr/1069209.jhtml (Caused by ProxyError('Unable to connect to proxy', OSError('Tunnel connection failed: 407 Proxy Authentication Required'))) | https://prec.sxzwfw.gov.cn/jyxxgchxr/1069209.jhtml
    ✗ 监督部门联系方式: AI未提取
  [吉县吉电200MW/400MWh独立储能电站EPC总承包] AI补字段 ['监督部门联系方式'] ← https://prec.sxzwfw.gov.cn/jyxxgcgs/1070781.jhtml
  [GET失败1/5] ConnectionError: ('Connection aborted.', RemoteDisconnected('Remote end closed connection without response')) | https://prec.sxzwfw.gov.cn/jyxxgcgs/1070781.jhtml
    ✗ 监督部门联系方式: AI未提取
  [大同市晋北地区高原风沙源生态保护和修复项目桦林背林场2026年人工造林(1,2,3,4,5,6,8,9,10,11,12,] AI补字段 ['监督部门联系方式'] ← https://prec.sxzwfw.gov.cn/jyxxgczb/1069176.jhtml
    ✓ 监督部门联系方式: 电话:0352-7789836
  [高平市炎谷丰高标准设施蔬菜基地项目(002二标段)] AI补字段 ['监督部门联系方式'] ← https://prec.sxzwfw.gov.cn/jyxxgchxr/1067695.jhtml
  [GET失败1/5] ReadTimeout: HTTPSConnectionPool(host='prec.sxzwfw.gov.cn', port=443): Read timed out. (read timeout=15) | https://prec.sxzwfw.gov.cn/jyxxgchxr/1067695.jhtml
    ✗ 监督部门联系方式: AI未提取
  [太原天然气有限公司太原市2026年住宅小区居民共有老旧庭院燃气管网及户内立管更新改造项目工程施工] AI补字段 ['监督部门联系方式'] ← https://prec.sxzwfw.gov.cn/jyxxgcgs/1069250.jhtml
    ✗ 监督部门联系方式: AI未提取
  [黄水河宁武县段河道治理工程勘察设计项目] AI补字段 ['监督部门联系方式'] ← https://prec.sxzwfw.gov.cn/jyxxgchxr/1067711.jhtml
    ✗ 监督部门联系方式: AI未提取
  [高平市燃气老化管网及设施更新改造工程（老化燃气管道更新改造EPC）] AI补字段 ['招标代理机构地址'] ← https://prec.sxzwfw.gov.cn/jyxxgczb/1060412.jhtml
    ✗ 招标代理机构地址: AI未提取
  [和顺县生活垃圾焚烧发电项目特许经营者] AI补字段 ['监督部门联系方式'] ← https://prec.sxzwfw.gov.cn/jyxxgczb/1070243.jhtml
    ✓ 监督部门联系方式: 电话:/
  [杏花岭区2024年老旧小区改造项目（二期）设计施工总承包（EPC）(004标段四)] AI补字段 ['监督部门联系方式'] ← https://prec.sxzwfw.gov.cn/jyxxgcgs/1071595.jhtml
  [GET失败1/5] ConnectionError: ('Connection aborted.', ConnectionResetError(104, 'Connection reset by peer')) | https://prec.sxzwfw.gov.cn/jyxxgcgs/1071595.jhtml
    ✗ 监督部门联系方式: AI未提取
  [太原市西山地表水厂供水工程一取水泵站(引黄原水)工程施工] AI补字段 ['开标时间', '招标代理机构联系人'] ← https://prec.sxzwfw.gov.cn/jyxxgczb/1056211.jhtml
  [GET失败1/5] ProxyError: HTTPSConnectionPool(host='prec.sxzwfw.gov.cn', port=443): Max retries exceeded with url: /jyxxgczb/1056211.jhtml (Caused by ProxyError('Unable to connect to proxy', OSError('Tunnel connection failed: 436 Proxy Authentication Failed'))) | https://prec.sxzwfw.gov.cn/jyxxgczb/1056211.jhtml
    ✓ 开标时间: 2026年06月03日09时30分
    ✓ 招标代理机构联系人: 石亚琼
  [太原供水集团有限公司财大东巷等46条新建给水管网工程钢管采购（二次）] AI补字段 ['标书发售时间', '招标代理机构联系人'] ← https://prec.sxzwfw.gov.cn/jyxxgczb/1063567.jhtml
  [GET失败1/5] ReadTimeout: HTTPSConnectionPool(host='prec.sxzwfw.gov.cn', port=443): Read timed out. (read timeout=15) | https://prec.sxzwfw.gov.cn/jyxxgczb/1063567.jhtml
    ✓ 标书发售时间: 2026年06月10日15时30分至2026年06月16日17时00分
    ✓ 招标代理机构联系人: 石亚琼
  [中村镇张马村历山花卉融创基地] AI补字段 ['监督部门联系方式'] ← https://prec.sxzwfw.gov.cn/jyxxgchxr/1070266.jhtml
  [GET失败1/5] ReadTimeout: HTTPSConnectionPool(host='prec.sxzwfw.gov.cn', port=443): Read timed out. (read timeout=15) | https://prec.sxzwfw.gov.cn/jyxxgchxr/1070266.jhtml
    ✗ 监督部门联系方式: AI未提取
  [潇河产业园区文源学校建设工程（一标段）施工（暂估价）断桥铝合金窗采购项目] AI补字段 ['标书发售时间', '招标代理机构', '招标代理机构地址', '招标代理机构联系人', '招标代理机构联系方式'] ← https://prec.sxzwfw.gov.cn/jyxxgczb/1061980.jhtml
    ✓ 标书发售时间: 2026年6月5日8时00分至2026年6月12日8时00分
    ✓ 招标代理机构: 中诚乾达（山西）项目管理有限公司
    ✓ 招标代理机构地址: 太原市小店区寇庄西路109号欣中苑小区B幢602
    ✓ 招标代理机构联系人: 王杰
    ✓ 招标代理机构联系方式: 18334714731
  [晋中市松塔水库供水（二期）工程管材及管件采购03标] AI补字段 ['监督部门联系方式'] ← https://prec.sxzwfw.gov.cn/jyxxgchxr/1070208.jhtml
    ✗ 监督部门联系方式: AI未提取
  [平陆县2026年村道水毁工程] AI补字段 ['招标人联系人'] ← https://prec.sxzwfw.gov.cn/jyxxgczb/1062514.jhtml
  [PDF公告] 发现PDF: https://ggzyjyzx.yuncheng.gov.cn:8083/upload/wj/2c9f80959e25d986019e96ce7a0b2044.pdf
  [PDF] 直接提取文字成功，长度=3358
    ✗ 招标人联系人: AI未提取
  [原平市2025年农村公路灾毁改造工程（裕隆社区-武彦等6条）施工项目] AI补字段 ['监督部门联系方式'] ← https://prec.sxzwfw.gov.cn/jyxxgchxr/1070610.jhtml
    ✗ 监督部门联系方式: AI未提取
  [“两站一场”城市更新项目——枢纽改造及智慧化建设工程设计] AI补字段 ['标书发售时间', '招标代理机构联系人'] ← https://prec.sxzwfw.gov.cn/jyxxgczb/1063731.jhtml
  [GET失败1/5] ProxyError: HTTPSConnectionPool(host='prec.sxzwfw.gov.cn', port=443): Max retries exceeded with url: /jyxxgczb/1063731.jhtml (Caused by ProxyError('Unable to connect to proxy', OSError('Tunnel connection failed: 407 Proxy Authentication Required'))) | https://prec.sxzwfw.gov.cn/jyxxgczb/1063731.jhtml
    ✓ 标书发售时间: 2026年06月10日22时00分-2026年06月16日22时00分
    ✓ 招标代理机构联系人: 赵晨悦
  [中北高新区上兰能源岛供热工程蓄热罐装置采购及服务] AI补字段 ['开标时间', '标书发售时间', '公告内容', '招标人', '招标人地址', '招标人联系人', '招标人联系方式', '招标代理机构', '招标代理机构地址', '招标代理机构联系人', '招标代理机构联系方式', '监督部门'] ← https://prec.sxzwfw.gov.cn/jyxxgczb/1059777.jhtml
    ✓ 开标时间: 2026年06月17日09时30分
    ✓ 标书发售时间: 2026年05月27日18时00分至2026年06月03日18时00分
    ✓ 公告内容: （招标编号： E1401000267024385001 ） 招标项目所在地区： 山西省太原市 一、招标条件 本招标项目中北高新区上兰能源岛供热工程蓄热罐装置采购
    ✓ 招标人: 太原市热力集团有限责任公司
    ✓ 招标人地址: 太原市上庄街155号
    ✓ 招标人联系人: 刘鑫磊
    ✓ 招标人联系方式: 0351-4423448
    ✓ 招标代理机构: 筑忱项目管理有限公司
    ✓ 招标代理机构地址: 山西省太原市太榆路55号迎宾汽车站山西汽运集团晋龙捷泰运输有限公司办公楼五层
    ✓ 招标代理机构联系人: 高攀
    ✓ 招标代理机构联系方式: 18435140782
    ✓ 监督部门: 太原市住房和城乡建设局
  [山阴县第四中学校教学楼加固改造工程项目] AI补字段 ['监督部门联系方式'] ← https://prec.sxzwfw.gov.cn/jyxxgcgs/1071427.jhtml
  [GET失败1/5] ProxyError: HTTPSConnectionPool(host='prec.sxzwfw.gov.cn', port=443): Max retries exceeded with url: /jyxxgcgs/1071427.jhtml (Caused by ProxyError('Unable to connect to proxy', OSError('Tunnel connection failed: 407 Proxy Authentication Required'))) | https://prec.sxzwfw.gov.cn/jyxxgcgs/1071427.jhtml
  [GET失败2/5] ConnectionError: ('Connection aborted.', ConnectionResetError(104, 'Connection reset by peer')) | https://prec.sxzwfw.gov.cn/jyxxgcgs/1071427.jhtml
  [GET失败3/5] ConnectionError: ('Connection aborted.', ConnectionResetError(104, 'Connection reset by peer')) | https://prec.sxzwfw.gov.cn/jyxxgcgs/1071427.jhtml
  [GET失败4/5] ConnectionError: ('Connection aborted.', RemoteDisconnected('Remote end closed connection without response')) | https://prec.sxzwfw.gov.cn/jyxxgcgs/1071427.jhtml
  [GET失败5/5] ConnectionError: ('Connection aborted.', ConnectionResetError(104, 'Connection reset by peer')) | https://prec.sxzwfw.gov.cn/jyxxgcgs/1071427.jhtml
  [代县城市地下管网及设施建设改造工程-东北街片区（分区一）施工项目] AI补字段 ['监督部门联系方式'] ← https://prec.sxzwfw.gov.cn/jyxxgchxr/1068808.jhtml
  [GET失败1/5] ConnectionError: ('Connection aborted.', RemoteDisconnected('Remote end closed connection without response')) | https://prec.sxzwfw.gov.cn/jyxxgchxr/1068808.jhtml
    ✗ 监督部门联系方式: AI未提取
  [代县城市地下管网及设施建设改造工程-东北街片区（分区一）监理项目] AI补字段 ['监督部门联系方式'] ← https://prec.sxzwfw.gov.cn/jyxxgchxr/1068807.jhtml
    ✗ 监督部门联系方式: AI未提取
  [泽州县丹溪片区集中供热建设项目（EPC）总承包中标结果公告] AI补字段 ['监督部门联系方式'] ← https://prec.sxzwfw.gov.cn/jyxxgcgs/1070481.jhtml
    ✗ 监督部门联系方式: AI未提取
  [高平市原村乡冯村村集中供热二网项目] AI补字段 ['监督部门联系方式'] ← https://prec.sxzwfw.gov.cn/jyxxgczb/1071190.jhtml
    ✗ 监督部门联系方式: AI未提取
  [长治市上党区工人文化宫改造项目设计施工总承包] AI补字段 ['开标时间', '标书发售时间'] ← https://prec.sxzwfw.gov.cn/jyxxgczb/1060833.jhtml
    ✓ 开标时间: 2026年7月2日9时30分
    ✓ 标书发售时间: 2026年6月1日至2026年7月2日
  [平鲁区李林中学3#学生公寓维修工程（装饰装修）项目] AI补字段 ['监督部门联系方式'] ← https://prec.sxzwfw.gov.cn/jyxxgcgs/1071500.jhtml
    ✓ 监督部门联系方式: 本招标项目的监督部门为朔州市平鲁区住房和城乡建设管理局
  [应县迎宾路照明设施改造工程施工项目] AI补字段 ['监督部门联系方式'] ← https://prec.sxzwfw.gov.cn/jyxxgcgs/1071822.jhtml
  [GET失败1/5] ConnectionError: ('Connection aborted.', RemoteDisconnected('Remote end closed connection without response')) | https://prec.sxzwfw.gov.cn/jyxxgcgs/1071822.jhtml
    ✓ 监督部门联系方式: 应县住房和城乡建设管理局
  [晋城市泽州县丹河流域北义城镇段农村生活污水治理及资源化利用项目中标结果公告] AI补字段 ['监督部门联系方式'] ← https://prec.sxzwfw.gov.cn/jyxxgcgs/1071907.jhtml
    ✓ 监督部门联系方式: 0356-2285680
  [柿庄镇输配站基础设施提升改造项目] AI补字段 ['标书发售时间', '招标人地址'] ← https://prec.sxzwfw.gov.cn/jyxxgczb/1064015.jhtml
    ✓ 标书发售时间: 2026年6月11日21时00分至2026年6月16日21时00分
    ✗ 招标人地址: AI未提取
  [长治市屯留区供水管网改造项目全过程工程咨询服务] AI补字段 ['标书发售时间', '招标人', '招标人地址', '招标人联系人', '招标人联系方式', '招标代理机构', '招标代理机构地址', '招标代理机构联系人', '招标代理机构联系方式'] ← https://prec.sxzwfw.gov.cn/jyxxgczb/1062325.jhtml
    ✓ 标书发售时间: 2026年6月5日至2026年6月29日
    ✓ 招标人: 长治市屯留区城市供水有限公司
    ✓ 招标人地址: 山西省长治市屯留区麟绛街道麟绛西大街001号
    ✓ 招标人联系人: 王军
    ✓ 招标人联系方式: 15534685808
    ✓ 招标代理机构: 山西鸿源达项目管理有限公司
    ✓ 招标代理机构地址: 长治市潞州区东环路北段29号百厚大厦7层729号
    ✓ 招标代理机构联系人: 裴凯楠
    ✓ 招标代理机构联系方式: 18535558580
  [应县梨花北路更新改造工程项目] AI补字段 ['监督部门联系方式'] ← https://prec.sxzwfw.gov.cn/jyxxgcgs/1071867.jhtml
    ✓ 监督部门联系方式: 应县住房和城乡建设管理局
  [运城市南风广场基础设施维修改造项目] AI补字段 ['招标人', '招标人地址', '招标人联系人', '招标人联系方式', '招标代理机构', '招标代理机构地址', '招标代理机构联系人', '招标代理机构联系方式'] ← https://prec.sxzwfw.gov.cn/jyxxgczb/1062805.jhtml
  [PDF公告] 发现PDF: https://ggzyjyzx.yuncheng.gov.cn:8083/upload/wj/2c9f80959e25d986019ea52f034c25c5.pdf
  [PDF] 直接提取文字成功，长度=2803
    ✓ 招标人: 运城市城市管理局
    ✓ 招标人地址: 山西省运城市铺安街金城大厦
    ✓ 招标人联系人: 吴先生
    ✓ 招标人联系方式: 03592613813
    ✓ 招标代理机构: 山西衡泰鑫工程项目管理有限公司
    ✓ 招标代理机构地址: 山西省太原市万柏林区长风西街16 号万国城MOMA19 幢2 层0202号房
    ✓ 招标代理机构联系人: 裴先生
    ✓ 招标代理机构联系方式: 19935946876
  [太原供水集团有限公司北张东路等给水管线改造工程钢管采购] AI补字段 ['招标代理机构联系人'] ← https://prec.sxzwfw.gov.cn/jyxxgczb/1064097.jhtml
    ✓ 招标代理机构联系人: 石亚琼
  [平陆县平洪线(南坡-西祁)道路改造工程] AI补字段 ['招标人', '招标人地址', '招标人联系人', '招标人联系方式', '招标代理机构', '招标代理机构地址', '招标代理机构联系人', '招标代理机构联系方式', '监督部门', '监督部门联系方式'] ← https://prec.sxzwfw.gov.cn/jyxxgczb/1071330.jhtml
  [PDF公告] 发现PDF: https://ggzyjyzx.yuncheng.gov.cn:8083/upload/wj/2c9f80959f274add019f2b22e60e0245.pdf
  [PDF] 直接提取文字成功，长度=2610
    ✓ 招标人: 平陆县交通运输局
    ✓ 招标人地址: 平陆县五一街东21 号
    ✓ 招标人联系人: 王女士
    ✓ 招标人联系方式: 13453939996
    ✓ 招标代理机构: 山西信瑞弘源项目管理有限公司
    ✓ 招标代理机构地址: 山西省运城市盐湖区御泽苑4 号楼1 单元502 室
    ✓ 招标代理机构联系人: 张女士
    ✓ 招标代理机构联系方式: 0359-2030007
    ✓ 监督部门: 运城市交通运输局
    ✓ 监督部门联系方式: 0359-2030007
  [晋城市建筑垃圾资源化利用项目特许经营者（二次）招标] AI补字段 ['招标人地址', '招标代理机构', '招标代理机构地址', '招标代理机构联系人', '招标代理机构联系方式'] ← https://prec.sxzwfw.gov.cn/jyxxgczb/1065567.jhtml
    ✗ 招标人地址: AI未提取
    ✗ 招标代理机构: AI未提取
    ✗ 招标代理机构地址: AI未提取
    ✗ 招标代理机构联系人: AI未提取
    ✗ 招标代理机构联系方式: AI未提取
  [阳城县城市更新清林沟片区综合改造工程勘察] AI补字段 ['标书发售时间', '招标代理机构', '招标代理机构地址', '招标代理机构联系人', '招标代理机构联系方式'] ← https://prec.sxzwfw.gov.cn/jyxxgczb/1064508.jhtml
  [GET失败1/5] ReadTimeout: HTTPSConnectionPool(host='prec.sxzwfw.gov.cn', port=443): Read timed out. (read timeout=15) | https://prec.sxzwfw.gov.cn/jyxxgczb/1064508.jhtml
    ✓ 标书发售时间: 2026年6月12日18时00分至2026年6月17日18时00分
    ✓ 招标代理机构: 锐驰项目管理有限公司
    ✓ 招标代理机构地址: 晋城市城区泽州南路白水印象东门北侧100米神利便利二楼
    ✓ 招标代理机构联系人: 祁俊莲
    ✓ 招标代理机构联系方式: 0356-2130506
  [西上庄煤矿无轨胶轮车（001标段）中标候选人公示更正] AI补字段 ['监督部门'] ← https://prec.sxzwfw.gov.cn/jyxxgchxr/1071693.jhtml
    ✓ 监督部门: 山西省能源局
  [2026年沁水县城边坡综合治理工程监理] AI补字段 ['监督部门联系方式'] ← https://prec.sxzwfw.gov.cn/jyxxgczb/1063872.jhtml
  [GET失败1/5] ReadTimeout: HTTPSConnectionPool(host='prec.sxzwfw.gov.cn', port=443): Read timed out. (read timeout=15) | https://prec.sxzwfw.gov.cn/jyxxgczb/1063872.jhtml
    ✓ 监督部门联系方式: 0356-7022483
  [繁峙县资源路产业路108国道-上西庄公路改造工程施工项目] AI补字段 ['监督部门联系方式'] ← https://prec.sxzwfw.gov.cn/jyxxgchxr/1071396.jhtml
    ✗ 监督部门联系方式: AI未提取
  [杏花岭区2024年老旧小区改造项目（二期）设计施工总承包（EPC）(003标段三)] AI补字段 ['监督部门联系方式'] ← https://prec.sxzwfw.gov.cn/jyxxgcgs/1071593.jhtml
    ✗ 监督部门联系方式: AI未提取
  [杏花岭区2024年老旧小区改造项目（二期）设计施工总承包（EPC）(002标段二)] AI补字段 ['监督部门联系方式'] ← https://prec.sxzwfw.gov.cn/jyxxgcgs/1071592.jhtml
    ✗ 监督部门联系方式: AI未提取
  [杏花岭区2024年老旧小区改造项目（二期）设计施工总承包（EPC）(009标段九)] AI补字段 ['监督部门联系方式'] ← https://prec.sxzwfw.gov.cn/jyxxgcgs/1071563.jhtml
    ✗ 监督部门联系方式: AI未提取
  [杏花岭区2024年老旧小区改造项目（二期）设计施工总承包（EPC）(007标段七)] AI补字段 ['监督部门联系方式'] ← https://prec.sxzwfw.gov.cn/jyxxgcgs/1071561.jhtml
    ✗ 监督部门联系方式: AI未提取
  [杏花岭区2024年老旧小区改造项目（二期）设计施工总承包（EPC）(006标段六)] AI补字段 ['监督部门联系方式'] ← https://prec.sxzwfw.gov.cn/jyxxgcgs/1071560.jhtml
  [GET失败1/5] ConnectionError: ('Connection aborted.', ConnectionResetError(104, 'Connection reset by peer')) | https://prec.sxzwfw.gov.cn/jyxxgcgs/1071560.jhtml
    ✗ 监督部门联系方式: AI未提取
  [杏花岭区2024年老旧小区改造项目（二期）设计施工总承包（EPC）(005标段五)] AI补字段 ['监督部门联系方式'] ← https://prec.sxzwfw.gov.cn/jyxxgcgs/1071559.jhtml
    ✗ 监督部门联系方式: AI未提取
  [保德县2026年农村公路改造工程施工项目] AI补字段 ['监督部门联系方式'] ← https://prec.sxzwfw.gov.cn/jyxxgchxr/1069015.jhtml
  [GET失败1/5] ConnectionError: ('Connection aborted.', ConnectionResetError(104, 'Connection reset by peer')) | https://prec.sxzwfw.gov.cn/jyxxgchxr/1069015.jhtml
  [GET失败2/5] ConnectionError: ('Connection aborted.', ConnectionResetError(104, 'Connection reset by peer')) | https://prec.sxzwfw.gov.cn/jyxxgchxr/1069015.jhtml
    ✗ 监督部门联系方式: AI未提取
  [万荣县凯祥生物科技有限公司年产90000吨液体肥与3000吨固体肥生产线建设（农业面源污染综合治理）项目] AI补字段 ['开标时间', '标书发售时间', '公告内容', '招标人', '招标人地址', '招标人联系人', '招标人联系方式', '招标代理机构', '招标代理机构地址', '招标代理机构联系人', '招标代理机构联系方式', '监督部门', '监督部门联系方式'] ← https://prec.sxzwfw.gov.cn/jyxxgczb/1072109.jhtml
  [GET失败1/5] ConnectionError: ('Connection aborted.', ConnectionResetError(104, 'Connection reset by peer')) | https://prec.sxzwfw.gov.cn/jyxxgczb/1072109.jhtml
  [PDF公告] 发现PDF: https://ggzyjyzx.yuncheng.gov.cn:8083/upload/wj/2c9f80959f274add019f3bddf571279f.pdf
  [PDF] 下载: https://ggzyjyzx.yuncheng.gov.cn:8083/upload/wj/2c9f80959f274add019f3bddf571279f.pdf
  [GET失败1/5] ReadTimeout: HTTPSConnectionPool(host='ggzyjyzx.yuncheng.gov.cn', port=8083): Read timed out. (read timeout=15) | https://ggzyjyzx.yuncheng.gov.cn:8083/upload/wj/2c9f80959f274add019f3bddf571279f.pdf
  [PDF] 直接提取文字成功，长度=2044
    ✓ 开标时间: 2026年07月30日09时00分
    ✓ 标书发售时间: 2026年07月08日00时00分起至2026年07月15日00时00分止
    ✓ 公告内容: 万荣县凯祥生物科技有限公司年产90000 吨液体肥与3000 吨固体肥生产线建设（农 业面源污染综合治理）项目招标公告 （招标编号：2026GC010695） 
    ✓ 招标人: 万荣县凯祥生物科技有限公司
    ✓ 招标人地址: 山西省运城市万荣县里望乡西张村东200 米
    ✓ 招标人联系人: 朱先生
    ✓ 招标人联系方式: 15581948291
    ✓ 招标代理机构: 山西林辉工程项目管理有限公司
    ✓ 招标代理机构地址: 山西省运城市卡纳溪谷西门北侧4422-12 号商铺
    ✓ 招标代理机构联系人: 张女士
    ✓ 招标代理机构联系方式: 0359-2568868
    ✓ 监督部门: 万荣县农业农村局
    ✓ 监督部门联系方式: 0359-4521007
  [长治境内2026年度普通省道灾毁恢复重建工程施工] AI补字段 ['标书发售时间', '监督部门联系方式'] ← https://prec.sxzwfw.gov.cn/jyxxgczb/1072069.jhtml
  [GET失败1/5] ProxyError: HTTPSConnectionPool(host='prec.sxzwfw.gov.cn', port=443): Max retries exceeded with url: /jyxxgczb/1072069.jhtml (Caused by ProxyError('Unable to connect to proxy', OSError('Tunnel connection failed: 435 Proxy Authentication Failed'))) | https://prec.sxzwfw.gov.cn/jyxxgczb/1072069.jhtml
  [GET失败2/5] ReadTimeout: HTTPSConnectionPool(host='prec.sxzwfw.gov.cn', port=443): Read timed out. (read timeout=15) | https://prec.sxzwfw.gov.cn/jyxxgczb/1072069.jhtml
    ✓ 标书发售时间: 2026年7月7日20:00至2026年7月14日20:00
    ✓ 监督部门联系方式: 0351-7582107
  [岚县县城新建路地下管网改造项目施工] AI补字段 ['标书发售时间', '招标人', '招标人地址', '招标人联系人', '招标人联系方式', '招标代理机构', '招标代理机构地址', '招标代理机构联系人', '招标代理机构联系方式'] ← https://prec.sxzwfw.gov.cn/jyxxgczb/1071994.jhtml
  [GET失败1/5] ReadTimeout: HTTPSConnectionPool(host='prec.sxzwfw.gov.cn', port=443): Read timed out. (read timeout=15) | https://prec.sxzwfw.gov.cn/jyxxgczb/1071994.jhtml
  [GET失败2/5] ConnectionError: ('Connection aborted.', ConnectionResetError(104, 'Connection reset by peer')) | https://prec.sxzwfw.gov.cn/jyxxgczb/1071994.jhtml
  [GET失败3/5] ReadTimeout: HTTPSConnectionPool(host='prec.sxzwfw.gov.cn', port=443): Read timed out. (read timeout=15) | https://prec.sxzwfw.gov.cn/jyxxgczb/1071994.jhtml
    ✗ 标书发售时间: AI未提取
    ✓ 招标人: 岚县的后城乡建设管理局
    ✓ 招标人地址: 山西省吕梁市岚县县城西二街
    ✓ 招标人联系人: 刘先生
    ✓ 招标人联系方式: 0358-6722375
    ✓ 招标代理机构: 山西盖尔项目管理有限公司
    ✓ 招标代理机构地址: 山西省太原市迎泽区并州北路6号物产大厦8层
    ✓ 招标代理机构联系人: 刘思远、郭继纲、武红霞、申慧敏
    ✓ 招标代理机构联系方式: 0351-3053166
  [岚县县城新建路地下管网改造项目监理] AI补字段 ['标书发售时间', '招标人', '招标人地址', '招标人联系人', '招标人联系方式', '招标代理机构', '招标代理机构地址', '招标代理机构联系人', '招标代理机构联系方式'] ← https://prec.sxzwfw.gov.cn/jyxxgczb/1071993.jhtml
    ✓ 标书发售时间: 2026年7月7日18时00分至2026年7月30日10时00分前
    ✓ 招标人: 岚县住房和城乡建设管理局
    ✓ 招标人地址: 山西省吕梁市岚县县城西二街
    ✓ 招标人联系人: 刘先生
    ✓ 招标人联系方式: 0358-6722375
    ✓ 招标代理机构: 山西盖尔项目管理有限公司
    ✓ 招标代理机构地址: 山西省太原市迎泽区并州北路6号物产大厦8层
    ✓ 招标代理机构联系人: 刘思远、郭继纲、武红霞、申慧敏
    ✓ 招标代理机构联系方式: 0351-3053166
  [阳曲县安康医院建设项目外立面工程材料采购] AI补字段 ['标书发售时间'] ← https://prec.sxzwfw.gov.cn/jyxxgczb/1071908.jhtml
    ✓ 标书发售时间: 2026年07月07日17时00分至2026年07月14日17时00分
  [安泽县府西街地下停车场及配套设施建设项目EPC总承包(二次）] AI补字段 ['标书发售时间'] ← https://prec.sxzwfw.gov.cn/jyxxgczb/1071889.jhtml
  [GET失败1/5] ConnectionError: ('Connection aborted.', RemoteDisconnected('Remote end closed connection without response')) | https://prec.sxzwfw.gov.cn/jyxxgczb/1071889.jhtml
    ✓ 标书发售时间: 2026年07月08日00时00分至2026年07月14日00时00分
  [山煤河曲2×350MW低热值煤发电贮灰场项目总承包二次招标] AI补字段 ['标书发售时间', '招标代理机构', '招标代理机构地址', '招标代理机构联系人', '招标代理机构联系方式'] ← https://prec.sxzwfw.gov.cn/jyxxgczb/1059839.jhtml
    ✓ 标书发售时间: 2026年05月28日17:00 至 2026年06月02日17:00
    ✓ 招标代理机构: 山西焦煤集团招标有限公司
    ✓ 招标代理机构地址: 山西省太原市小店区龙城大街102 号文旅大厦 A 座4 层
    ✓ 招标代理机构联系人: 朱先生、符先生
    ✓ 招标代理机构联系方式: 0351-7955111
  [阳城县城市更新清林沟片区综合改造工程设计] AI补字段 ['标书发售时间', '招标代理机构', '招标代理机构地址', '招标代理机构联系人', '招标代理机构联系方式'] ← https://prec.sxzwfw.gov.cn/jyxxgczb/1064507.jhtml
    ✓ 标书发售时间: 2026年6月12日18时00分至2026年6月17日18时00分
    ✓ 招标代理机构: 锐驰项目管理有限公司
    ✓ 招标代理机构地址: 晋城市城区泽州南路白水印象东门北侧100米神利便利二楼
    ✓ 招标代理机构联系人: 祁俊莲
    ✓ 招标代理机构联系方式: 0356-2130506
  [清徐县城乡供水一体化工程(一期)施工 远传阀控水表设备采购] AI补字段 ['监督部门', '监督部门联系方式'] ← https://prec.sxzwfw.gov.cn/jyxxgchxr/1071960.jhtml
    ✗ 监督部门: AI未提取
    ✗ 监督部门联系方式: AI未提取
  [太原市热力集团集中供热城市生命线安全工程监理] AI补字段 ['招标代理机构联系人'] ← https://prec.sxzwfw.gov.cn/jyxxgczb/1065107.jhtml
    ✓ 招标代理机构联系人: 孙奇
  [长兴南街（光华路-西中环）建设工程施工] AI补字段 ['标书发售时间', '招标代理机构联系人'] ← https://prec.sxzwfw.gov.cn/jyxxgczb/1065459.jhtml
    ✓ 标书发售时间: 开始时间2026年06月16日17时00分至结束时间2026年06月22日17时00分
    ✓ 招标代理机构联系人: 王建红
  [晋源区新村村城中村改造安置项目景观工程] AI补字段 ['开标时间', '招标代理机构联系人'] ← https://prec.sxzwfw.gov.cn/jyxxgczb/1052197.jhtml
    ✓ 开标时间: 2026年05月22日09时30分
    ✓ 招标代理机构联系人: 崔玉龙
  [太原市西山地表水厂供水工程一取水泵站(引黄原水)工程钢管采购] AI补字段 ['招标代理机构联系人'] ← https://prec.sxzwfw.gov.cn/jyxxgczb/1064481.jhtml
  [GET失败1/5] ReadTimeout: HTTPSConnectionPool(host='prec.sxzwfw.gov.cn', port=443): Read timed out. (read timeout=15) | https://prec.sxzwfw.gov.cn/jyxxgczb/1064481.jhtml
  [GET失败2/5] ConnectionError: ('Connection aborted.', ConnectionResetError(104, 'Connection reset by peer')) | https://prec.sxzwfw.gov.cn/jyxxgczb/1064481.jhtml
  [GET失败3/5] ConnectionError: ('Connection aborted.', RemoteDisconnected('Remote end closed connection without response')) | https://prec.sxzwfw.gov.cn/jyxxgczb/1064481.jhtml
    ✓ 招标代理机构联系人: 石亚琼
  [2026年城区道路无灯改造工程(第一批)] AI补字段 ['标书发售时间', '招标代理机构', '招标代理机构地址', '招标代理机构联系人', '招标代理机构联系方式'] ← https://prec.sxzwfw.gov.cn/jyxxgczb/1059442.jhtml
    ✓ 标书发售时间: 2026年05月26日19时00分-2026年06月01日19时00分
    ✓ 招标代理机构: 正大方项目管理有限公司
    ✓ 招标代理机构地址: 太原市小店区太榆路39号君怡大厦B座425室
    ✓ 招标代理机构联系人: 张雨
    ✓ 招标代理机构联系方式: 0351-8787037
  [山西省肿瘤医院医疗服务综合能力提升修缮工程（病房改造提升）项目施工（二次）] AI补字段 ['标书发售时间', '招标代理机构联系人'] ← https://prec.sxzwfw.gov.cn/jyxxgczb/1061675.jhtml
  [GET失败1/5] ReadTimeout: HTTPSConnectionPool(host='prec.sxzwfw.gov.cn', port=443): Read timed out. (read timeout=15) | https://prec.sxzwfw.gov.cn/jyxxgczb/1061675.jhtml
  [GET失败2/5] ReadTimeout: HTTPSConnectionPool(host='prec.sxzwfw.gov.cn', port=443): Read timed out. (read timeout=15) | https://prec.sxzwfw.gov.cn/jyxxgczb/1061675.jhtml
  [GET失败3/5] ReadTimeout: HTTPSConnectionPool(host='prec.sxzwfw.gov.cn', port=443): Read timed out. (read timeout=15) | https://prec.sxzwfw.gov.cn/jyxxgczb/1061675.jhtml
  [GET失败4/5] ProxyError: HTTPSConnectionPool(host='prec.sxzwfw.gov.cn', port=443): Max retries exceeded with url: /jyxxgczb/1061675.jhtml (Caused by ProxyError('Unable to connect to proxy', RemoteDisconnected('Remote end closed connection without response'))) | https://prec.sxzwfw.gov.cn/jyxxgczb/1061675.jhtml
  [GET失败5/5] ReadTimeout: HTTPSConnectionPool(host='prec.sxzwfw.gov.cn', port=443): Read timed out. (read timeout=15) | https://prec.sxzwfw.gov.cn/jyxxgczb/1061675.jhtml
[AI报告] → /home/intsig/zwx/shanxi/log/20260707_ai_report.log
  AI补全完成：124 个字段
  AI调用统计：共 66 次
  输入 tokens : 94,321
  输出 tokens : 9,677
  合计 tokens : 103,998
[自检] → /home/intsig/zwx/shanxi/log/20260707_check.log
[索引] → /home/intsig/zwx/shanxi/output/山西_index.txt

============================================================
完成！共 607 条记录 → /home/intsig/zwx/shanxi/output/山西.csv
自检日志 → /home/intsig/zwx/shanxi/log/20260707_check.log
AI报告   → /home/intsig/zwx/shanxi/log/20260707_ai_report.log
============================================================
============================================================
运行结束: 2026-07-07 23:50:17
============================================================
============================================================
开始运行山西爬虫: 2026-07-08 22:00:01
当前目录: /home/intsig/zwx/shanxi
Python: /home/vipuser/miniconda3/envs/myenv/bin/python
脚本: /home/intsig/zwx/shanxi/shanxi_regex_ai.py
============================================================
============================================================
山西省公共资源交易平台爬虫 v4.3（历史回填 + 自检 + AI兜底 + IP代理池）
时间: 2026-07-08 22:00:02
输出: /home/intsig/zwx/shanxi/output/山西.csv
============================================================
初始化 Session...
Session 初始化成功
代理开关: True
代理池状态: {'available': 30, 'bad_total': 0, 'bad_unique': 0, 'api_calls_used': 1, 'api_calls_limit': 200, 'min_size': 8, 'default_num': 30, 'default_time': 5, 'default_port': 2, 'auto_refresh': True}
[CSV] 加载增量总表 607 行：/home/intsig/zwx/shanxi/output/山西.csv

===== 第一步：招标计划 =====
  [列表] channelId=198 第1页...
  [列表] 总条数=21，当前已获取=10
  [列表] channelId=198 第2页...
  [列表] 总条数=21，当前已获取=20
  [列表] channelId=198 第3页...
  [列表] 总条数=21，当前已获取=21
  [列表] 共 21 条

  [招标计划] 清徐县医疗集团强基工程建设项目
  [GET失败1/3] ConnectionError: ('Connection aborted.', ConnectionResetError(104, 'Connection reset by peer')) | https://prec.sxzwfw.gov.cn/jyxxzbjh/1072459.jhtml
  [GET失败2/3] ConnectionError: ('Connection aborted.', ConnectionResetError(104, 'Connection reset by peer')) | https://prec.sxzwfw.gov.cn/jyxxzbjh/1072459.jhtml
  → 新增

  [招标计划] G5518晋城至潼关高速公路芮城至潼关段项目全过程工程咨询服务（二期）
  [GET失败1/3] ConnectionError: ('Connection aborted.', ConnectionResetError(104, 'Connection reset by peer')) | https://prec.sxzwfw.gov.cn/jyxxzbjh/1072457.jhtml
  [GET失败2/3] ConnectionError: ('Connection aborted.', ConnectionResetError(104, 'Connection reset by peer')) | https://prec.sxzwfw.gov.cn/jyxxzbjh/1072457.jhtml
  → 新增

  [招标计划] 山西中晟新能源有限公司200MW/800MWh独立共享储能项目
  → 新增

  [招标计划] 山西阳泉矿区七元煤矿项目工业场地给水排水管道及工业场地供热管道
  → 新增

  [招标计划] 山西阳泉矿区七元煤矿项目职工浴室工程
  → 新增

  [招标计划] 山西阳泉矿区七元煤矿项目智能仓储及信息发布系统
  → 新增

  [招标计划] 国道342线陵川县城过境改线工程全过程工程咨询服务
  [GET失败1/3] ConnectionError: ('Connection aborted.', ConnectionResetError(104, 'Connection reset by peer')) | https://prec.sxzwfw.gov.cn/jyxxzbjh/1072410.jhtml
  [GET失败2/3] ReadTimeout: HTTPSConnectionPool(host='prec.sxzwfw.gov.cn', port=443): Read timed out. (read timeout=15) | https://prec.sxzwfw.gov.cn/jyxxzbjh/1072410.jhtml
  → 新增

  [招标计划] 安泽县国有林场青松岭、东方红林区野生连翘GAP基地标准化管理建设项目
  [GET失败1/3] ConnectionError: ('Connection aborted.', ConnectionResetError(104, 'Connection reset by peer')) | https://prec.sxzwfw.gov.cn/jyxxzbjh/1072401.jhtml
  → 新增

  [招标计划] 安泽县国有林场杏花岭、固县林区野生连翘GAP基地标准化管理建设项目
  [GET失败1/3] ConnectionError: ('Connection aborted.', RemoteDisconnected('Remote end closed connection without response')) | https://prec.sxzwfw.gov.cn/jyxxzbjh/1072397.jhtml
  [GET失败2/3] ConnectionError: ('Connection aborted.', ConnectionResetError(104, 'Connection reset by peer')) | https://prec.sxzwfw.gov.cn/jyxxzbjh/1072397.jhtml
  → 新增

  [招标计划] 阳城县第一中学校凤南校区宿舍楼、食堂及配套设施建设项目
  → 新增

  [招标计划] 山西省忻州市繁峙共享储能电站项目
  → 新增

  [招标计划] 运城经济技术开发区公厕和驿站建设项目
  → 新增

  [招标计划] 浮山县城市地下管网改造工程(二期)
  → 新增

  [招标计划] 大同市平城区西南片区城市更新项目（一期）
  → 新增

  [招标计划] 太原农产品冷链加工基地项目
  → 新增

  [招标计划] 山西离柳焦煤集团有限公司2026年度基础设施设备提升及改造项目
  → 新增

  [招标计划] 隰县班家庄-聂家渠公路改造工程
  [GET失败1/3] ConnectionError: ('Connection aborted.', ConnectionResetError(104, 'Connection reset by peer')) | https://prec.sxzwfw.gov.cn/jyxxzbjh/1072294.jhtml
  → 新增

  [招标计划] 国道519线襄垣县城过境改线工程全过程工程咨询服务
  [GET失败1/3] ConnectionError: ('Connection aborted.', ConnectionResetError(104, 'Connection reset by peer')) | https://prec.sxzwfw.gov.cn/jyxxzbjh/1072288.jhtml
  [GET失败2/3] ConnectionError: ('Connection aborted.', RemoteDisconnected('Remote end closed connection without response')) | https://prec.sxzwfw.gov.cn/jyxxzbjh/1072288.jhtml
  → 新增

  [招标计划] 武乡县2026年乡道下黄崖-庄沟线路面改造工程
  → 新增

  [招标计划] 武乡县乡道石（盘）下（庄）线石盘至会同段及村道监漳至庙岭村公路路面改造工程
  → 新增

  [招标计划] 闻喜县牛羊屠宰厂建设项目
  → 新增

===== 第二步：招标公告频道 =====
  [列表] channelId=12 第1页...
  [列表] 总条数=49，当前已获取=10
  [列表] channelId=12 第2页...
  [列表] 总条数=49，当前已获取=20
  [列表] channelId=12 第3页...
  [列表] 总条数=49，当前已获取=30
  [列表] channelId=12 第4页...
  [列表] 总条数=49，当前已获取=40
  [列表] channelId=12 第5页...
  [列表] 总条数=49，当前已获取=49
  [列表] 共 49 条

  [招标公告] 太原工业学院30#31#学生公寓建设项目监理项目
  [历史搜索] 太原工业学院30#31#学生公寓建设项目监理项目
  [历史回填] 搜索项目：太原工业学院30#31#学生公寓建设项目监理项目
  [POST失败1/3] ConnectionError: ('Connection aborted.', ConnectionResetError(104, 'Connection reset by peer')) | https://prec.sxzwfw.gov.cn/queryContent-jyxx.jspx
    ✓ 历史招标公告
  → upsert 完成：招标公告

  [未知公告] 太原工业学院30#31#学生公寓建设项目监理项目(1标段)最高投标限价
  [历史搜索] 太原工业学院30#31#学生公寓建设项目监理项目(1标段)最高投标限价
  [历史回填] 搜索项目：太原工业学院30#31#学生公寓建设项目监理项目(1标段)最高投标限价
  → upsert 完成：未知公告

  [未知公告] 2026年太原市热力集团有限责任公司更新改造和维修工程所需穿墙止水套管采购及服务项目(2标段)最高投标限价
  [历史搜索] 2026年太原市热力集团有限责任公司更新改造和维修工程所需穿墙止水套管采购及服务项目(2标段)最高投标限价
  [历史回填] 搜索项目：2026年太原市热力集团有限责任公司更新改造和维修工程所需穿墙止水套管采购及服务项目(2标段)最高投标限价
  → upsert 完成：未知公告

  [招标公告] 2026年太原市热力集团有限责任公司更新改造和维修工程所需穿墙止水套管采购及服务项目(1,
  [历史搜索] 2026年太原市热力集团有限责任公司更新改造和维修工程所需穿墙止水套管采购及服务项目(1,
  [历史回填] 搜索项目：2026年太原市热力集团有限责任公司更新改造和维修工程所需穿墙止水套管采购及服务项目(1,
  [POST失败1/3] ConnectionError: ('Connection aborted.', ConnectionResetError(104, 'Connection reset by peer')) | https://prec.sxzwfw.gov.cn/queryContent-jyxx.jspx
    ✓ 历史招标公告
  [POST失败1/3] ReadTimeout: HTTPSConnectionPool(host='prec.sxzwfw.gov.cn', port=443): Read timed out. (read timeout=18) | https://prec.sxzwfw.gov.cn/queryContent-jyxx.jspx
  → upsert 完成：招标公告

  [未知公告] 2026年太原市热力集团有限责任公司更新改造和维修工程所需穿墙止水套管采购及服务项目(1标段)最高投标限价
  [历史搜索] 2026年太原市热力集团有限责任公司更新改造和维修工程所需穿墙止水套管采购及服务项目(1标段)最高投标限价
  [历史回填] 搜索项目：2026年太原市热力集团有限责任公司更新改造和维修工程所需穿墙止水套管采购及服务项目(1标段)最高投标限价
  → upsert 完成：未知公告

  [招标公告] 太原武宿国际机场三期改扩建工程货运、航食、南区机务及公务机楼项目公务机楼装饰工程施工项目
  [历史搜索] 太原武宿国际机场三期改扩建工程货运、航食、南区机务及公务机楼项目公务机楼装饰工程施工项目
  [历史回填] 搜索项目：太原武宿国际机场三期改扩建工程货运、航食、南区机务及公务机楼项目公务机楼装饰工程施工项目
    ✓ 历史招标公告
  → upsert 完成：招标公告

  [未知公告] 太原武宿国际机场三期改扩建工程货运、航食、南区机务及公务机楼项目公务机楼装饰工程施工项目(1标段)最高投标限价
  [历史搜索] 太原武宿国际机场三期改扩建工程货运、航食、南区机务及公务机楼项目公务机楼装饰工程施工项目(1标段)最高投标限价
  [历史回填] 搜索项目：太原武宿国际机场三期改扩建工程货运、航食、南区机务及公务机楼项目公务机楼装饰工程施工项目(1标段)最高投标限价
  [POST失败1/3] ReadTimeout: HTTPSConnectionPool(host='prec.sxzwfw.gov.cn', port=443): Read timed out. (read timeout=18) | https://prec.sxzwfw.gov.cn/queryContent-jyxx.jspx
  [POST失败2/3] ProxyError: HTTPSConnectionPool(host='prec.sxzwfw.gov.cn', port=443): Max retries exceeded with url: /queryContent-jyxx.jspx (Caused by ProxyError('Unable to connect to proxy', OSError('Tunnel connection failed: 407 Proxy Authentication Required'))) | https://prec.sxzwfw.gov.cn/queryContent-jyxx.jspx
  [POST失败3/3] ReadTimeout: HTTPSConnectionPool(host='prec.sxzwfw.gov.cn', port=443): Read timed out. (read timeout=18) | https://prec.sxzwfw.gov.cn/queryContent-jyxx.jspx
  [POST失败1/3] ConnectionError: ('Connection aborted.', RemoteDisconnected('Remote end closed connection without response')) | https://prec.sxzwfw.gov.cn/queryContent-jyxx.jspx
  [POST失败2/3] ConnectionError: ('Connection aborted.', ConnectionResetError(104, 'Connection reset by peer')) | https://prec.sxzwfw.gov.cn/queryContent-jyxx.jspx
  → upsert 完成：未知公告

  [招标公告] 2026年太原市热力集团有限责任公司更新改造和维修工程所需波纹管补偿器采购及服务项目
  [历史搜索] 2026年太原市热力集团有限责任公司更新改造和维修工程所需波纹管补偿器采购及服务项目
  [历史回填] 搜索项目：2026年太原市热力集团有限责任公司更新改造和维修工程所需波纹管补偿器采购及服务项目
  [GET失败1/3] ReadTimeout: HTTPSConnectionPool(host='prec.sxzwfw.gov.cn', port=443): Read timed out. (read timeout=15) | https://prec.sxzwfw.gov.cn/jyxxgczb/1072491.jhtml
    ✓ 历史招标公告
  [POST失败1/3] ReadTimeout: HTTPSConnectionPool(host='prec.sxzwfw.gov.cn', port=443): Read timed out. (read timeout=18) | https://prec.sxzwfw.gov.cn/queryContent-jyxx.jspx
  → upsert 完成：招标公告

  [未知公告] 2026年太原市热力集团有限责任公司更新改造和维修工程所需波纹管补偿器采购及服务项目(1标段)最高投标限价
  [历史搜索] 2026年太原市热力集团有限责任公司更新改造和维修工程所需波纹管补偿器采购及服务项目(1标段)最高投标限价
  [历史回填] 搜索项目：2026年太原市热力集团有限责任公司更新改造和维修工程所需波纹管补偿器采购及服务项目(1标段)最高投标限价
  → upsert 完成：未知公告

  [招标公告] 山西省高级人民法院法庭改扩建项目监理项目
  [历史搜索] 山西省高级人民法院法庭改扩建项目监理项目
  [历史回填] 搜索项目：山西省高级人民法院法庭改扩建项目监理项目
    ✓ 历史招标公告
  → upsert 完成：招标公告

  [未知公告] 山西省高级人民法院法庭改扩建项目监理项目(1标段)最高投标限价
  [历史搜索] 山西省高级人民法院法庭改扩建项目监理项目(1标段)最高投标限价
  [历史回填] 搜索项目：山西省高级人民法院法庭改扩建项目监理项目(1标段)最高投标限价
  → upsert 完成：未知公告

  [招标公告] 2026年太原市热力集团有限责任公司更新改造和维修工程所需硬质聚氨酯喷涂聚乙烯缠绕预制直埋保温管、高密度聚乙烯外护管硬质聚氨酯泡沫塑料预制直埋保温管采购及服务项目
  [历史搜索] 2026年太原市热力集团有限责任公司更新改造和维修工程所需硬质聚氨酯喷涂聚乙烯缠绕预制直埋保温管、高密度聚乙烯外护管硬质聚氨酯泡沫塑料预制直埋保温管采购及服务项目
  [历史回填] 搜索项目：2026年太原市热力集团有限责任公司更新改造和维修工程所需硬质聚氨酯喷涂聚乙烯缠绕预制直埋保温管、高密度聚乙烯外护管硬质聚氨酯泡沫塑料预制直埋保温管采购及服务项目
    ✓ 历史招标公告
  → upsert 完成：招标公告

  [未知公告] 2026年太原市热力集团有限责任公司更新改造和维修工程所需硬质聚氨酯喷涂聚乙烯缠绕预制直埋保温管、高密度聚乙烯外护管硬质聚氨酯泡沫塑料预制直埋保温管采购及服务项目(1标段)最高投标限价
  [历史搜索] 2026年太原市热力集团有限责任公司更新改造和维修工程所需硬质聚氨酯喷涂聚乙烯缠绕预制直埋保温管、高密度聚乙烯外护管硬质聚氨酯泡沫塑料预制直埋保温管采购及服务项目(1标段)最高投标限价
  [历史回填] 搜索项目：2026年太原市热力集团有限责任公司更新改造和维修工程所需硬质聚氨酯喷涂聚乙烯缠绕预制直埋保温管、高密度聚乙烯外护管硬质聚氨酯泡沫塑料预制直埋保温管采购及服务项目(1标段)最高投标限价
  [POST失败1/3] ConnectionError: ('Connection aborted.', RemoteDisconnected('Remote end closed connection without response')) | https://prec.sxzwfw.gov.cn/queryContent-jyxx.jspx
  [POST失败2/3] ConnectionError: ('Connection aborted.', ConnectionResetError(104, 'Connection reset by peer')) | https://prec.sxzwfw.gov.cn/queryContent-jyxx.jspx
  [POST失败3/3] ReadTimeout: HTTPSConnectionPool(host='prec.sxzwfw.gov.cn', port=443): Read timed out. (read timeout=18) | https://prec.sxzwfw.gov.cn/queryContent-jyxx.jspx
  [POST失败1/3] ConnectionError: ('Connection aborted.', ConnectionResetError(104, 'Connection reset by peer')) | https://prec.sxzwfw.gov.cn/queryContent-jyxx.jspx
  → upsert 完成：未知公告

  [招标公告] 2026年平城区“四好农村路”建设项目施工
  [GET失败1/3] ConnectionError: ('Connection aborted.', RemoteDisconnected('Remote end closed connection without response')) | https://prec.sxzwfw.gov.cn/jyxxgczb/1072452.jhtml
  [GET失败2/3] ConnectionError: ('Connection aborted.', RemoteDisconnected('Remote end closed connection without response')) | https://prec.sxzwfw.gov.cn/jyxxgczb/1072452.jhtml
  [GET失败3/3] ReadTimeout: HTTPSConnectionPool(host='prec.sxzwfw.gov.cn', port=443): Read timed out. (read timeout=15) | https://prec.sxzwfw.gov.cn/jyxxgczb/1072452.jhtml
  [历史搜索] 2026年平城区“四好农村路”建设项目施工
  [历史回填] 搜索项目：2026年平城区“四好农村路”建设项目施工
  [POST失败1/3] ConnectionError: ('Connection aborted.', ConnectionResetError(104, 'Connection reset by peer')) | https://prec.sxzwfw.gov.cn/queryContent-jyxx.jspx
    ✓ 历史招标公告
  [POST失败1/3] ConnectionError: ('Connection aborted.', ConnectionResetError(104, 'Connection reset by peer')) | https://prec.sxzwfw.gov.cn/queryContent-jyxx.jspx
  → upsert 完成：招标公告

  [招标公告] 山西省地下水超采区综合治理大同市云冈区西韩岭乡御河片区水源置换工程勘察设计
  [历史搜索] 山西省地下水超采区综合治理大同市云冈区西韩岭乡御河片区水源置换工程勘察设计
  [历史回填] 搜索项目：山西省地下水超采区综合治理大同市云冈区西韩岭乡御河片区水源置换工程勘察设计
  [POST失败1/3] ProxyError: HTTPSConnectionPool(host='prec.sxzwfw.gov.cn', port=443): Max retries exceeded with url: /queryContent-jyxx.jspx (Caused by ProxyError('Unable to connect to proxy', OSError('Tunnel connection failed: 618 Internal Server Error'))) | https://prec.sxzwfw.gov.cn/queryContent-jyxx.jspx
    ✓ 历史招标公告
  [POST失败1/3] ConnectionError: ('Connection aborted.', ConnectionResetError(104, 'Connection reset by peer')) | https://prec.sxzwfw.gov.cn/queryContent-jyxx.jspx
  [POST失败2/3] ConnectionError: ('Connection aborted.', ConnectionResetError(104, 'Connection reset by peer')) | https://prec.sxzwfw.gov.cn/queryContent-jyxx.jspx
  [POST失败3/3] ConnectionError: ('Connection aborted.', ConnectionResetError(104, 'Connection reset by peer')) | https://prec.sxzwfw.gov.cn/queryContent-jyxx.jspx
  → upsert 完成：招标公告

  [招标公告] 新绛经济技术开发区地下水污染风险管控与修复项目勘察
  [历史搜索] 新绛经济技术开发区地下水污染风险管控与修复项目勘察
  [历史回填] 搜索项目：新绛经济技术开发区地下水污染风险管控与修复项目勘察
  [POST失败1/3] ReadTimeout: HTTPSConnectionPool(host='prec.sxzwfw.gov.cn', port=443): Read timed out. (read timeout=18) | https://prec.sxzwfw.gov.cn/queryContent-jyxx.jspx
  [POST失败2/3] ConnectionError: ('Connection aborted.', ConnectionResetError(104, 'Connection reset by peer')) | https://prec.sxzwfw.gov.cn/queryContent-jyxx.jspx
  [GET失败1/3] ProxyError: HTTPSConnectionPool(host='prec.sxzwfw.gov.cn', port=443): Max retries exceeded with url: /jyxxgczb/1072421.jhtml (Caused by ProxyError('Unable to connect to proxy', OSError('Tunnel connection failed: 639 Internal Server Error'))) | https://prec.sxzwfw.gov.cn/jyxxgczb/1072421.jhtml
    ✓ 历史招标公告
  → upsert 完成：招标公告

  [招标公告] 大同市云州区(东村-西村农业产业园等四条线)资源路产业路改造工程施工
  [历史搜索] 大同市云州区(东村-西村农业产业园等四条线)资源路产业路改造工程施工
  [历史回填] 搜索项目：大同市云州区(东村-西村农业产业园等四条线)资源路产业路改造工程施工
    ✓ 历史招标公告
  → upsert 完成：招标公告

  [跳过-控制价] 山西省长治市壶关县高级中学建设项目施工招标控制价

  [招标公告] 右玉县城区地下管网更新改造工程(一期)官屯路、学府路、三道河北岸施工
  [历史搜索] 右玉县城区地下管网更新改造工程(一期)官屯路、学府路、三道河北岸施工
  [历史回填] 搜索项目：右玉县城区地下管网更新改造工程(一期)官屯路、学府路、三道河北岸施工
  [GET失败1/3] ConnectionError: ('Connection aborted.', ConnectionResetError(104, 'Connection reset by peer')) | https://prec.sxzwfw.gov.cn/jyxxgczb/1072391.jhtml
    ✓ 历史招标公告
  → upsert 完成：招标公告

  [招标公告] 右玉县城区地下管网更新改造工程(一期)监理
  [历史搜索] 右玉县城区地下管网更新改造工程(一期)监理
  [历史回填] 搜索项目：右玉县城区地下管网更新改造工程(一期)监理
    ✓ 历史招标公告
  [POST失败1/3] ReadTimeout: HTTPSConnectionPool(host='prec.sxzwfw.gov.cn', port=443): Read timed out. (read timeout=18) | https://prec.sxzwfw.gov.cn/queryContent-jyxx.jspx
  [POST失败2/3] ReadTimeout: HTTPSConnectionPool(host='prec.sxzwfw.gov.cn', port=443): Read timed out. (read timeout=18) | https://prec.sxzwfw.gov.cn/queryContent-jyxx.jspx
  → upsert 完成：招标公告

  [招标公告] 西塬湖水库（硝池滩）水生态修复综合治理项目设计
  [历史搜索] 西塬湖水库（硝池滩）水生态修复综合治理项目设计
  [历史回填] 搜索项目：西塬湖水库（硝池滩）水生态修复综合治理项目设计
  [POST失败1/3] ProxyError: HTTPSConnectionPool(host='prec.sxzwfw.gov.cn', port=443): Max retries exceeded with url: /queryContent-jyxx.jspx (Caused by ProxyError('Unable to connect to proxy', OSError('Tunnel connection failed: 436 Proxy Authentication Failed'))) | https://prec.sxzwfw.gov.cn/queryContent-jyxx.jspx
  [GET失败1/3] ReadTimeout: HTTPSConnectionPool(host='prec.sxzwfw.gov.cn', port=443): Read timed out. (read timeout=15) | https://prec.sxzwfw.gov.cn/jyxxgczb/1072384.jhtml
  [GET失败2/3] ReadTimeout: HTTPSConnectionPool(host='prec.sxzwfw.gov.cn', port=443): Read timed out. (read timeout=15) | https://prec.sxzwfw.gov.cn/jyxxgczb/1072384.jhtml
  [GET失败3/3] ConnectionError: ('Connection aborted.', ConnectionResetError(104, 'Connection reset by peer')) | https://prec.sxzwfw.gov.cn/jyxxgczb/1072384.jhtml
    ✓ 历史招标公告
  [POST失败1/3] ConnectionError: ('Connection aborted.', ConnectionResetError(104, 'Connection reset by peer')) | https://prec.sxzwfw.gov.cn/queryContent-jyxx.jspx
  → upsert 完成：招标公告

  [招标公告] 大同市晋北地区高原风沙源生态保护和修复项目桦林背林场2026年非沙化土地人工种草、封山育林
  [历史搜索] 大同市晋北地区高原风沙源生态保护和修复项目桦林背林场2026年非沙化土地人工种草、封山育林
  [历史回填] 搜索项目：大同市晋北地区高原风沙源生态保护和修复项目桦林背林场2026年非沙化土地人工种草、封山育林
  [GET失败1/3] ConnectionError: ('Connection aborted.', ConnectionResetError(104, 'Connection reset by peer')) | https://prec.sxzwfw.gov.cn/jyxxgczb/1072383.jhtml
  [GET失败2/3] ReadTimeout: HTTPSConnectionPool(host='prec.sxzwfw.gov.cn', port=443): Read timed out. (read timeout=15) | https://prec.sxzwfw.gov.cn/jyxxgczb/1072383.jhtml
    ✓ 历史招标公告
  [POST失败1/3] ReadTimeout: HTTPSConnectionPool(host='prec.sxzwfw.gov.cn', port=443): Read timed out. (read timeout=18) | https://prec.sxzwfw.gov.cn/queryContent-jyxx.jspx
  [POST失败2/3] ProxyError: HTTPSConnectionPool(host='prec.sxzwfw.gov.cn', port=443): Max retries exceeded with url: /queryContent-jyxx.jspx (Caused by ProxyError('Unable to connect to proxy', OSError('Tunnel connection failed: 436 Proxy Authentication Failed'))) | https://prec.sxzwfw.gov.cn/queryContent-jyxx.jspx
  [GET失败1/3] ReadTimeout: HTTPSConnectionPool(host='prec.sxzwfw.gov.cn', port=443): Read timed out. (read timeout=15) | https://prec.sxzwfw.gov.cn/jyxxgchxr/1069720.jhtml
  [GET失败2/3] ConnectionError: ('Connection aborted.', ConnectionResetError(104, 'Connection reset by peer')) | https://prec.sxzwfw.gov.cn/jyxxgchxr/1069720.jhtml
    ✓ 历史候选人监督部门
  [POST失败1/3] ConnectionError: ('Connection aborted.', ConnectionResetError(104, 'Connection reset by peer')) | https://prec.sxzwfw.gov.cn/queryContent-jyxx.jspx
  [GET失败1/3] ConnectionError: ('Connection aborted.', ConnectionResetError(104, 'Connection reset by peer')) | https://prec.sxzwfw.gov.cn/jyxxgcgs/1071638.jhtml
  [GET失败2/3] ConnectionError: ('Connection aborted.', ConnectionResetError(104, 'Connection reset by peer')) | https://prec.sxzwfw.gov.cn/jyxxgcgs/1071638.jhtml
    ✓ 历史结果监督部门
  → upsert 完成：招标公告

  [招标公告] 北门滩水环境综合整治项目设计
  [历史搜索] 北门滩水环境综合整治项目设计
  [历史回填] 搜索项目：北门滩水环境综合整治项目设计
  [POST失败1/3] ReadTimeout: HTTPSConnectionPool(host='prec.sxzwfw.gov.cn', port=443): Read timed out. (read timeout=18) | https://prec.sxzwfw.gov.cn/queryContent-jyxx.jspx
  [POST失败1/3] ConnectionError: ('Connection aborted.', ConnectionResetError(104, 'Connection reset by peer')) | https://prec.sxzwfw.gov.cn/queryContent-jyxx.jspx
    ✓ 历史招标公告
  [POST失败1/3] ConnectionError: ('Connection aborted.', ConnectionResetError(104, 'Connection reset by peer')) | https://prec.sxzwfw.gov.cn/queryContent-jyxx.jspx
  [POST失败2/3] ReadTimeout: HTTPSConnectionPool(host='prec.sxzwfw.gov.cn', port=443): Read timed out. (read timeout=18) | https://prec.sxzwfw.gov.cn/queryContent-jyxx.jspx
  [POST失败3/3] ConnectionError: ('Connection aborted.', ConnectionResetError(104, 'Connection reset by peer')) | https://prec.sxzwfw.gov.cn/queryContent-jyxx.jspx
  → upsert 完成：招标公告

  [招标公告] 阳城县2026年和美乡村建设项目施工图设计
  [历史搜索] 阳城县2026年和美乡村建设项目施工图设计
  [历史回填] 搜索项目：阳城县2026年和美乡村建设项目施工图设计
  [POST失败1/3] ConnectionError: ('Connection aborted.', ConnectionResetError(104, 'Connection reset by peer')) | https://prec.sxzwfw.gov.cn/queryContent-jyxx.jspx
  [POST失败2/3] ConnectionError: ('Connection aborted.', RemoteDisconnected('Remote end closed connection without response')) | https://prec.sxzwfw.gov.cn/queryContent-jyxx.jspx
  [POST失败3/3] ReadTimeout: HTTPSConnectionPool(host='prec.sxzwfw.gov.cn', port=443): Read timed out. (read timeout=18) | https://prec.sxzwfw.gov.cn/queryContent-jyxx.jspx
  [POST失败1/3] ConnectionError: ('Connection aborted.', ConnectionResetError(104, 'Connection reset by peer')) | https://prec.sxzwfw.gov.cn/queryContent-jyxx.jspx
  [POST失败2/3] ProxyError: HTTPSConnectionPool(host='prec.sxzwfw.gov.cn', port=443): Max retries exceeded with url: /queryContent-jyxx.jspx (Caused by ProxyError('Unable to connect to proxy', OSError('Tunnel connection failed: 618 Internal Server Error'))) | https://prec.sxzwfw.gov.cn/queryContent-jyxx.jspx
    ✓ 历史招标公告
  [POST失败1/3] ConnectionError: ('Connection aborted.', RemoteDisconnected('Remote end closed connection without response')) | https://prec.sxzwfw.gov.cn/queryContent-jyxx.jspx
  [POST失败2/3] ConnectionError: ('Connection aborted.', RemoteDisconnected('Remote end closed connection without response')) | https://prec.sxzwfw.gov.cn/queryContent-jyxx.jspx
  [POST失败1/3] ConnectionError: ('Connection aborted.', RemoteDisconnected('Remote end closed connection without response')) | https://prec.sxzwfw.gov.cn/queryContent-jyxx.jspx
  [POST失败2/3] ConnectionError: HTTPSConnectionPool(host='prec.sxzwfw.gov.cn', port=443): Read timed out. | https://prec.sxzwfw.gov.cn/queryContent-jyxx.jspx
  → upsert 完成：招标公告

  [招标公告] 吕梁市新城北川河治理工程二期工程2标段末端新旧河道连接工程施工项目
  [历史搜索] 吕梁市新城北川河治理工程二期工程2标段末端新旧河道连接工程施工项目
  [历史回填] 搜索项目：吕梁市新城北川河治理工程二期工程2标段末端新旧河道连接工程施工项目
  [POST失败1/3] ConnectionError: ('Connection aborted.', RemoteDisconnected('Remote end closed connection without response')) | https://prec.sxzwfw.gov.cn/queryContent-jyxx.jspx
  [POST失败2/3] ConnectionError: ('Connection aborted.', RemoteDisconnected('Remote end closed connection without response')) | https://prec.sxzwfw.gov.cn/queryContent-jyxx.jspx
  [POST失败3/3] ConnectionError: ('Connection aborted.', RemoteDisconnected('Remote end closed connection without response')) | https://prec.sxzwfw.gov.cn/queryContent-jyxx.jspx
  [POST失败1/3] ConnectionError: ('Connection aborted.', ConnectionResetError(104, 'Connection reset by peer')) | https://prec.sxzwfw.gov.cn/queryContent-jyxx.jspx
  [POST失败2/3] ConnectionError: ('Connection aborted.', RemoteDisconnected('Remote end closed connection without response')) | https://prec.sxzwfw.gov.cn/queryContent-jyxx.jspx
  [GET失败1/3] ProxyError: HTTPSConnectionPool(host='prec.sxzwfw.gov.cn', port=443): Max retries exceeded with url: /jyxxgczb/1072361.jhtml (Caused by ProxyError('Unable to connect to proxy', OSError('Tunnel connection failed: 436 Proxy Authentication Failed'))) | https://prec.sxzwfw.gov.cn/jyxxgczb/1072361.jhtml
  [GET失败2/3] ProxyError: HTTPSConnectionPool(host='prec.sxzwfw.gov.cn', port=443): Max retries exceeded with url: /jyxxgczb/1072361.jhtml (Caused by ProxyError('Unable to connect to proxy', OSError('Tunnel connection failed: 436 Proxy Authentication Failed'))) | https://prec.sxzwfw.gov.cn/jyxxgczb/1072361.jhtml
  [GET失败3/3] ConnectionError: ('Connection aborted.', RemoteDisconnected('Remote end closed connection without response')) | https://prec.sxzwfw.gov.cn/jyxxgczb/1072361.jhtml
    ✓ 历史招标公告
  [POST失败1/3] ConnectionError: ('Connection aborted.', RemoteDisconnected('Remote end closed connection without response')) | https://prec.sxzwfw.gov.cn/queryContent-jyxx.jspx
  [POST失败2/3] ConnectionError: ('Connection aborted.', RemoteDisconnected('Remote end closed connection without response')) | https://prec.sxzwfw.gov.cn/queryContent-jyxx.jspx
  [POST失败3/3] ConnectionError: ('Connection aborted.', RemoteDisconnected('Remote end closed connection without response')) | https://prec.sxzwfw.gov.cn/queryContent-jyxx.jspx
  [POST失败1/3] ConnectionError: ('Connection aborted.', ConnectionResetError(104, 'Connection reset by peer')) | https://prec.sxzwfw.gov.cn/queryContent-jyxx.jspx
  [POST失败2/3] ProxyError: HTTPSConnectionPool(host='prec.sxzwfw.gov.cn', port=443): Max retries exceeded with url: /queryContent-jyxx.jspx (Caused by ProxyError('Unable to connect to proxy', OSError('Tunnel connection failed: 618 Internal Server Error'))) | https://prec.sxzwfw.gov.cn/queryContent-jyxx.jspx
  [POST失败3/3] ReadTimeout: HTTPSConnectionPool(host='prec.sxzwfw.gov.cn', port=443): Read timed out. (read timeout=18) | https://prec.sxzwfw.gov.cn/queryContent-jyxx.jspx
  → upsert 完成：招标公告

  [跳过-控制价] 吕梁市新城北川河治理工程二期工程2标段末端新旧河道连接工程施工项目二次招标控制价

  [招标公告] 大秦铁路股份有限公司太原电务段太中线柳林南车站及区间信号设备大修工程项目
  [GET失败1/3] ConnectionError: ('Connection aborted.', RemoteDisconnected('Remote end closed connection without response')) | https://prec.sxzwfw.gov.cn/jyxxgczb/1072350.jhtml
  [历史搜索] 大秦铁路股份有限公司太原电务段太中线柳林南车站及区间信号设备大修工程项目
  [历史回填] 搜索项目：大秦铁路股份有限公司太原电务段太中线柳林南车站及区间信号设备大修工程项目
  [POST失败1/3] ConnectionError: ('Connection aborted.', ConnectionResetError(104, 'Connection reset by peer')) | https://prec.sxzwfw.gov.cn/queryContent-jyxx.jspx
  [GET失败1/3] ConnectionError: ('Connection aborted.', RemoteDisconnected('Remote end closed connection without response')) | https://prec.sxzwfw.gov.cn/jyxxgczb/1072350.jhtml
  [GET失败2/3] ReadTimeout: HTTPSConnectionPool(host='prec.sxzwfw.gov.cn', port=443): Read timed out. (read timeout=15) | https://prec.sxzwfw.gov.cn/jyxxgczb/1072350.jhtml
  [GET失败3/3] ConnectionError: ('Connection aborted.', ConnectionResetError(104, 'Connection reset by peer')) | https://prec.sxzwfw.gov.cn/jyxxgczb/1072350.jhtml
    ✓ 历史招标公告
  [POST失败1/3] ConnectionError: ('Connection aborted.', RemoteDisconnected('Remote end closed connection without response')) | https://prec.sxzwfw.gov.cn/queryContent-jyxx.jspx
  [POST失败2/3] ConnectionError: ('Connection aborted.', RemoteDisconnected('Remote end closed connection without response')) | https://prec.sxzwfw.gov.cn/queryContent-jyxx.jspx
  [POST失败3/3] ConnectionError: ('Connection aborted.', RemoteDisconnected('Remote end closed connection without response')) | https://prec.sxzwfw.gov.cn/queryContent-jyxx.jspx
  [POST失败1/3] ConnectionError: ('Connection aborted.', RemoteDisconnected('Remote end closed connection without response')) | https://prec.sxzwfw.gov.cn/queryContent-jyxx.jspx
  [POST失败2/3] ReadTimeout: HTTPSConnectionPool(host='prec.sxzwfw.gov.cn', port=443): Read timed out. (read timeout=18) | https://prec.sxzwfw.gov.cn/queryContent-jyxx.jspx
  → upsert 完成：招标公告

  [招标公告] 大秦铁路股份有限公司太原电务段太中线吕梁车站及区间信号设备大修工程项目
  [GET失败1/3] ReadTimeout: HTTPSConnectionPool(host='prec.sxzwfw.gov.cn', port=443): Read timed out. (read timeout=15) | https://prec.sxzwfw.gov.cn/jyxxgczb/1072349.jhtml
  [GET失败2/3] ConnectionError: ('Connection aborted.', ConnectionResetError(104, 'Connection reset by peer')) | https://prec.sxzwfw.gov.cn/jyxxgczb/1072349.jhtml
  [GET失败3/3] ConnectionError: ('Connection aborted.', RemoteDisconnected('Remote end closed connection without response')) | https://prec.sxzwfw.gov.cn/jyxxgczb/1072349.jhtml
  [历史搜索] 大秦铁路股份有限公司太原电务段太中线吕梁车站及区间信号设备大修工程项目
  [历史回填] 搜索项目：大秦铁路股份有限公司太原电务段太中线吕梁车站及区间信号设备大修工程项目
  [POST失败1/3] ConnectionError: ('Connection aborted.', ConnectionResetError(104, 'Connection reset by peer')) | https://prec.sxzwfw.gov.cn/queryContent-jyxx.jspx
  [POST失败1/3] ReadTimeout: HTTPSConnectionPool(host='prec.sxzwfw.gov.cn', port=443): Read timed out. (read timeout=18) | https://prec.sxzwfw.gov.cn/queryContent-jyxx.jspx
  [POST失败2/3] ReadTimeout: HTTPSConnectionPool(host='prec.sxzwfw.gov.cn', port=443): Read timed out. (read timeout=18) | https://prec.sxzwfw.gov.cn/queryContent-jyxx.jspx
    ✓ 历史招标公告
  [POST失败1/3] ReadTimeout: HTTPSConnectionPool(host='prec.sxzwfw.gov.cn', port=443): Read timed out. (read timeout=18) | https://prec.sxzwfw.gov.cn/queryContent-jyxx.jspx
  [POST失败1/3] ConnectionError: ('Connection aborted.', RemoteDisconnected('Remote end closed connection without response')) | https://prec.sxzwfw.gov.cn/queryContent-jyxx.jspx
  → upsert 完成：招标公告

  [招标公告] 朔州市朔城区人防人员掩蔽工程暂估价（配电箱）材料采购项目
  [历史搜索] 朔州市朔城区人防人员掩蔽工程暂估价（配电箱）材料采购项目
  [历史回填] 搜索项目：朔州市朔城区人防人员掩蔽工程暂估价（配电箱）材料采购项目
  [POST失败1/3] ConnectionError: ('Connection aborted.', ConnectionResetError(104, 'Connection reset by peer')) | https://prec.sxzwfw.gov.cn/queryContent-jyxx.jspx
  [GET失败1/3] ConnectionError: ('Connection aborted.', RemoteDisconnected('Remote end closed connection without response')) | https://prec.sxzwfw.gov.cn/jyxxgczb/1072348.jhtml
  [GET失败2/3] ReadTimeout: HTTPSConnectionPool(host='prec.sxzwfw.gov.cn', port=443): Read timed out. (read timeout=15) | https://prec.sxzwfw.gov.cn/jyxxgczb/1072348.jhtml
    ✓ 历史招标公告
  [POST失败1/3] ReadTimeout: HTTPSConnectionPool(host='prec.sxzwfw.gov.cn', port=443): Read timed out. (read timeout=18) | https://prec.sxzwfw.gov.cn/queryContent-jyxx.jspx
  [POST失败2/3] ReadTimeout: HTTPSConnectionPool(host='prec.sxzwfw.gov.cn', port=443): Read timed out. (read timeout=18) | https://prec.sxzwfw.gov.cn/queryContent-jyxx.jspx
  [POST失败3/3] ReadTimeout: HTTPSConnectionPool(host='prec.sxzwfw.gov.cn', port=443): Read timed out. (read timeout=18) | https://prec.sxzwfw.gov.cn/queryContent-jyxx.jspx
  [POST失败1/3] ConnectionError: ('Connection aborted.', ConnectionResetError(104, 'Connection reset by peer')) | https://prec.sxzwfw.gov.cn/queryContent-jyxx.jspx
  [POST失败2/3] ReadTimeout: HTTPSConnectionPool(host='prec.sxzwfw.gov.cn', port=443): Read timed out. (read timeout=18) | https://prec.sxzwfw.gov.cn/queryContent-jyxx.jspx
  [POST失败3/3] ReadTimeout: HTTPSConnectionPool(host='prec.sxzwfw.gov.cn', port=443): Read timed out. (read timeout=18) | https://prec.sxzwfw.gov.cn/queryContent-jyxx.jspx
  → upsert 完成：招标公告

  [资格预审公告] 太原市易涝积水点周边收水设施更新改造项目施工项目
  [历史搜索] 太原市易涝积水点周边收水设施更新改造项目施工项目
  [历史回填] 搜索项目：太原市易涝积水点周边收水设施更新改造项目施工项目
  [POST失败1/3] ConnectionError: ('Connection aborted.', ConnectionResetError(104, 'Connection reset by peer')) | https://prec.sxzwfw.gov.cn/queryContent-jyxx.jspx
  [POST失败2/3] ConnectionError: ('Connection aborted.', ConnectionResetError(104, 'Connection reset by peer')) | https://prec.sxzwfw.gov.cn/queryContent-jyxx.jspx
  [POST失败1/3] ConnectionError: ('Connection aborted.', ConnectionResetError(104, 'Connection reset by peer')) | https://prec.sxzwfw.gov.cn/queryContent-jyxx.jspx
  [POST失败2/3] ConnectionError: ('Connection aborted.', ConnectionResetError(104, 'Connection reset by peer')) | https://prec.sxzwfw.gov.cn/queryContent-jyxx.jspx
    ✓ 历史招标公告
  → upsert 完成：资格预审公告

  [招标公告] 2026年太原市热力集团有限责任公司更新改造和维修工程所需套筒补偿器采购及服务项目
  [GET失败1/3] ConnectionError: ('Connection aborted.', ConnectionResetError(104, 'Connection reset by peer')) | https://prec.sxzwfw.gov.cn/jyxxgczb/1072337.jhtml
  [历史搜索] 2026年太原市热力集团有限责任公司更新改造和维修工程所需套筒补偿器采购及服务项目
  [历史回填] 搜索项目：2026年太原市热力集团有限责任公司更新改造和维修工程所需套筒补偿器采购及服务项目
  [POST失败1/3] ProxyError: HTTPSConnectionPool(host='prec.sxzwfw.gov.cn', port=443): Max retries exceeded with url: /queryContent-jyxx.jspx (Caused by ProxyError('Unable to connect to proxy', OSError('Tunnel connection failed: 618 Internal Server Error'))) | https://prec.sxzwfw.gov.cn/queryContent-jyxx.jspx
  [POST失败1/3] ConnectionError: ('Connection aborted.', ConnectionResetError(104, 'Connection reset by peer')) | https://prec.sxzwfw.gov.cn/queryContent-jyxx.jspx
    ✓ 历史招标公告
  [POST失败1/3] ConnectionError: ('Connection aborted.', ConnectionResetError(104, 'Connection reset by peer')) | https://prec.sxzwfw.gov.cn/queryContent-jyxx.jspx
  [POST失败2/3] ConnectionError: ('Connection aborted.', ConnectionResetError(104, 'Connection reset by peer')) | https://prec.sxzwfw.gov.cn/queryContent-jyxx.jspx
  → upsert 完成：招标公告

  [未知公告] 2026年太原市热力集团有限责任公司更新改造和维修工程所需套筒补偿器采购及服务项目(1标段)最高投标限价
  [历史搜索] 2026年太原市热力集团有限责任公司更新改造和维修工程所需套筒补偿器采购及服务项目(1标段)最高投标限价
  [历史回填] 搜索项目：2026年太原市热力集团有限责任公司更新改造和维修工程所需套筒补偿器采购及服务项目(1标段)最高投标限价
  [POST失败1/3] ConnectionError: ('Connection aborted.', ConnectionResetError(104, 'Connection reset by peer')) | https://prec.sxzwfw.gov.cn/queryContent-jyxx.jspx
  [POST失败2/3] ReadTimeout: HTTPSConnectionPool(host='prec.sxzwfw.gov.cn', port=443): Read timed out. (read timeout=18) | https://prec.sxzwfw.gov.cn/queryContent-jyxx.jspx
  [POST失败1/3] ConnectionError: ('Connection aborted.', ConnectionResetError(104, 'Connection reset by peer')) | https://prec.sxzwfw.gov.cn/queryContent-jyxx.jspx
  [POST失败1/3] ReadTimeout: HTTPSConnectionPool(host='prec.sxzwfw.gov.cn', port=443): Read timed out. (read timeout=18) | https://prec.sxzwfw.gov.cn/queryContent-jyxx.jspx
  → upsert 完成：未知公告

  [资格预审公告] 阳曲县2025年“千万工程”精品示范村建设项目施工二标段项目
  [历史搜索] 阳曲县2025年“千万工程”精品示范村建设项目施工二标段项目
  [历史回填] 搜索项目：阳曲县2025年“千万工程”精品示范村建设项目施工二标段项目
  [GET失败1/3] ReadTimeout: HTTPSConnectionPool(host='prec.sxzwfw.gov.cn', port=443): Read timed out. (read timeout=15) | https://prec.sxzwfw.gov.cn/jyxxgczb/1072331.jhtml
  [GET失败2/3] ReadTimeout: HTTPSConnectionPool(host='prec.sxzwfw.gov.cn', port=443): Read timed out. (read timeout=15) | https://prec.sxzwfw.gov.cn/jyxxgczb/1072331.jhtml
    ✓ 历史招标公告
  [POST失败1/3] ReadTimeout: HTTPSConnectionPool(host='prec.sxzwfw.gov.cn', port=443): Read timed out. (read timeout=18) | https://prec.sxzwfw.gov.cn/queryContent-jyxx.jspx
  → upsert 完成：资格预审公告

  [跳过-控制价] 阎家庄风井建设项目（场地场面动照网、管网安装工程）招标控制价

  [招标公告] 同煤大唐塔山煤矿有限公司下组煤配采井巷工程项目(1,2,
  [历史搜索] 同煤大唐塔山煤矿有限公司下组煤配采井巷工程项目(1,2,
  [历史回填] 搜索项目：同煤大唐塔山煤矿有限公司下组煤配采井巷工程项目(1,2,
  [GET失败1/3] ConnectionError: ('Connection aborted.', ConnectionResetError(104, 'Connection reset by peer')) | https://prec.sxzwfw.gov.cn/jyxxgczb/1072311.jhtml
    ✓ 历史招标公告
  [POST失败1/3] ReadTimeout: HTTPSConnectionPool(host='prec.sxzwfw.gov.cn', port=443): Read timed out. (read timeout=18) | https://prec.sxzwfw.gov.cn/queryContent-jyxx.jspx
  [POST失败2/3] ConnectionError: ('Connection aborted.', ConnectionResetError(104, 'Connection reset by peer')) | https://prec.sxzwfw.gov.cn/queryContent-jyxx.jspx
  → upsert 完成：招标公告

  [招标公告] 太原市热力集团集中供热城市生命线安全工程所需配套设备采购及服务第二标段项目
  [历史搜索] 太原市热力集团集中供热城市生命线安全工程所需配套设备采购及服务第二标段项目
  [历史回填] 搜索项目：太原市热力集团集中供热城市生命线安全工程所需配套设备采购及服务第二标段项目
    ✓ 历史招标公告
  → upsert 完成：招标公告

  [未知公告] 太原市热力集团集中供热城市生命线安全工程所需配套设备采购及服务第二标段项目(1标段)最高投标限价
  [历史搜索] 太原市热力集团集中供热城市生命线安全工程所需配套设备采购及服务第二标段项目(1标段)最高投标限价
  [历史回填] 搜索项目：太原市热力集团集中供热城市生命线安全工程所需配套设备采购及服务第二标段项目(1标段)最高投标限价
  [POST失败1/3] ConnectionError: ('Connection aborted.', ConnectionResetError(104, 'Connection reset by peer')) | https://prec.sxzwfw.gov.cn/queryContent-jyxx.jspx
  [POST失败2/3] ProxyError: HTTPSConnectionPool(host='prec.sxzwfw.gov.cn', port=443): Max retries exceeded with url: /queryContent-jyxx.jspx (Caused by ProxyError('Unable to connect to proxy', OSError('Tunnel connection failed: 436 Proxy Authentication Failed'))) | https://prec.sxzwfw.gov.cn/queryContent-jyxx.jspx
  [POST失败1/3] ReadTimeout: HTTPSConnectionPool(host='prec.sxzwfw.gov.cn', port=443): Read timed out. (read timeout=18) | https://prec.sxzwfw.gov.cn/queryContent-jyxx.jspx
  → upsert 完成：未知公告

  [招标公告] 河西镇河西村蔬菜园区项目
  [历史搜索] 河西镇河西村蔬菜园区项目
  [历史回填] 搜索项目：河西镇河西村蔬菜园区项目
  [POST失败1/3] ConnectionError: ('Connection aborted.', ConnectionResetError(104, 'Connection reset by peer')) | https://prec.sxzwfw.gov.cn/queryContent-jyxx.jspx
  [GET失败1/3] ProxyError: HTTPSConnectionPool(host='prec.sxzwfw.gov.cn', port=443): Max retries exceeded with url: /jyxxzbjh/1055416.jhtml (Caused by ProxyError('Unable to connect to proxy', OSError('Tunnel connection failed: 436 Proxy Authentication Failed'))) | https://prec.sxzwfw.gov.cn/jyxxzbjh/1055416.jhtml
  [GET失败2/3] ConnectionError: ('Connection aborted.', RemoteDisconnected('Remote end closed connection without response')) | https://prec.sxzwfw.gov.cn/jyxxzbjh/1055416.jhtml
  [GET失败3/3] ReadTimeout: HTTPSConnectionPool(host='prec.sxzwfw.gov.cn', port=443): Read timed out. (read timeout=15) | https://prec.sxzwfw.gov.cn/jyxxzbjh/1055416.jhtml
    ✓ 历史招标计划
    ✓ 历史招标公告
  [POST失败1/3] ReadTimeout: HTTPSConnectionPool(host='prec.sxzwfw.gov.cn', port=443): Read timed out. (read timeout=18) | https://prec.sxzwfw.gov.cn/queryContent-jyxx.jspx
  [POST失败2/3] ReadTimeout: HTTPSConnectionPool(host='prec.sxzwfw.gov.cn', port=443): Read timed out. (read timeout=18) | https://prec.sxzwfw.gov.cn/queryContent-jyxx.jspx
  [POST失败3/3] ConnectionError: ('Connection aborted.', ConnectionResetError(104, 'Connection reset by peer')) | https://prec.sxzwfw.gov.cn/queryContent-jyxx.jspx
  → upsert 完成：招标公告

  [招标公告] 吕梁医疗卫生园区周边环路新增挡墙项目施工
  [历史搜索] 吕梁医疗卫生园区周边环路新增挡墙项目施工
  [历史回填] 搜索项目：吕梁医疗卫生园区周边环路新增挡墙项目施工
  [POST失败1/3] ReadTimeout: HTTPSConnectionPool(host='prec.sxzwfw.gov.cn', port=443): Read timed out. (read timeout=18) | https://prec.sxzwfw.gov.cn/queryContent-jyxx.jspx
  [POST失败2/3] ReadTimeout: HTTPSConnectionPool(host='prec.sxzwfw.gov.cn', port=443): Read timed out. (read timeout=18) | https://prec.sxzwfw.gov.cn/queryContent-jyxx.jspx
  [POST失败3/3] ReadTimeout: HTTPSConnectionPool(host='prec.sxzwfw.gov.cn', port=443): Read timed out. (read timeout=18) | https://prec.sxzwfw.gov.cn/queryContent-jyxx.jspx
  [GET失败1/3] ReadTimeout: HTTPSConnectionPool(host='prec.sxzwfw.gov.cn', port=443): Read timed out. (read timeout=15) | https://prec.sxzwfw.gov.cn/jyxxgczb/1072285.jhtml
    ✓ 历史招标公告
  [POST失败1/3] ProxyError: HTTPSConnectionPool(host='prec.sxzwfw.gov.cn', port=443): Max retries exceeded with url: /queryContent-jyxx.jspx (Caused by ProxyError('Unable to connect to proxy', OSError('Tunnel connection failed: 436 Proxy Authentication Failed'))) | https://prec.sxzwfw.gov.cn/queryContent-jyxx.jspx
  → upsert 完成：招标公告

  [跳过-控制价] 吕梁医疗卫生园区周边环路新增挡墙项目施工招标控制价

  [招标公告] 武乡县分水岭乡石盘村以工代赈河道治理综合项目施工
  [历史搜索] 武乡县分水岭乡石盘村以工代赈河道治理综合项目施工
  [历史回填] 搜索项目：武乡县分水岭乡石盘村以工代赈河道治理综合项目施工
  [POST失败1/3] ProxyError: HTTPSConnectionPool(host='prec.sxzwfw.gov.cn', port=443): Max retries exceeded with url: /queryContent-jyxx.jspx (Caused by ProxyError('Unable to connect to proxy', OSError('Tunnel connection failed: 618 Internal Server Error'))) | https://prec.sxzwfw.gov.cn/queryContent-jyxx.jspx
  [POST失败2/3] ReadTimeout: HTTPSConnectionPool(host='prec.sxzwfw.gov.cn', port=443): Read timed out. (read timeout=18) | https://prec.sxzwfw.gov.cn/queryContent-jyxx.jspx
  [GET失败1/3] ReadTimeout: HTTPSConnectionPool(host='prec.sxzwfw.gov.cn', port=443): Read timed out. (read timeout=15) | https://prec.sxzwfw.gov.cn/jyxxgczb/1072277.jhtml
    ✓ 历史招标公告
  [POST失败1/3] ReadTimeout: HTTPSConnectionPool(host='prec.sxzwfw.gov.cn', port=443): Read timed out. (read timeout=18) | https://prec.sxzwfw.gov.cn/queryContent-jyxx.jspx
  → upsert 完成：招标公告

  [跳过-控制价] 武乡县分水岭乡石盘村以工代赈河道治理综合项目施工招标控制价

  [跳过-控制价] 长子县医疗集团紧密型县域医共体建设项目（第一标段）施工招标控制价

  [资格预审公告] 阳曲县2025年“千万工程”精品示范村建设项目施工一标段项目
  [GET失败1/3] ConnectionError: ('Connection aborted.', ConnectionResetError(104, 'Connection reset by peer')) | https://prec.sxzwfw.gov.cn/jyxxgczb/1072258.jhtml
  [历史搜索] 阳曲县2025年“千万工程”精品示范村建设项目施工一标段项目
  [历史回填] 搜索项目：阳曲县2025年“千万工程”精品示范村建设项目施工一标段项目
  [GET失败1/3] ReadTimeout: HTTPSConnectionPool(host='prec.sxzwfw.gov.cn', port=443): Read timed out. (read timeout=15) | https://prec.sxzwfw.gov.cn/jyxxgczb/1072258.jhtml
  [GET失败2/3] ReadTimeout: HTTPSConnectionPool(host='prec.sxzwfw.gov.cn', port=443): Read timed out. (read timeout=15) | https://prec.sxzwfw.gov.cn/jyxxgczb/1072258.jhtml
    ✓ 历史招标公告
  [POST失败1/3] ConnectionError: ('Connection aborted.', ConnectionResetError(104, 'Connection reset by peer')) | https://prec.sxzwfw.gov.cn/queryContent-jyxx.jspx
  [POST失败2/3] ConnectionError: ('Connection aborted.', ConnectionResetError(104, 'Connection reset by peer')) | https://prec.sxzwfw.gov.cn/queryContent-jyxx.jspx
  [POST失败3/3] ConnectionError: ('Connection aborted.', ConnectionResetError(104, 'Connection reset by peer')) | https://prec.sxzwfw.gov.cn/queryContent-jyxx.jspx
  → upsert 完成：资格预审公告

  [招标公告] 山西晋北采煤沉陷区新能源基地生态修复治理项目工程监理服务项目
  [GET失败1/3] ConnectionError: ('Connection aborted.', ConnectionResetError(104, 'Connection reset by peer')) | https://prec.sxzwfw.gov.cn/jyxxgczb/1072253.jhtml
  [GET失败2/3] ReadTimeout: HTTPSConnectionPool(host='prec.sxzwfw.gov.cn', port=443): Read timed out. (read timeout=15) | https://prec.sxzwfw.gov.cn/jyxxgczb/1072253.jhtml
  [历史搜索] 山西晋北采煤沉陷区新能源基地生态修复治理项目工程监理服务项目
  [历史回填] 搜索项目：山西晋北采煤沉陷区新能源基地生态修复治理项目工程监理服务项目
  [POST失败1/3] ConnectionError: ('Connection aborted.', ConnectionResetError(104, 'Connection reset by peer')) | https://prec.sxzwfw.gov.cn/queryContent-jyxx.jspx
    ✓ 历史招标公告
  [POST失败1/3] ConnectionError: ('Connection aborted.', ConnectionResetError(104, 'Connection reset by peer')) | https://prec.sxzwfw.gov.cn/queryContent-jyxx.jspx
  [POST失败1/3] ConnectionError: ('Connection aborted.', RemoteDisconnected('Remote end closed connection without response')) | https://prec.sxzwfw.gov.cn/queryContent-jyxx.jspx
  → upsert 完成：招标公告

  [跳过-控制价] 右玉县人民医院综合楼配套工程信息化网络设备(1标段)招标控制价

  [跳过-控制价] 义门镇暖泉村农业生态循环产业基地扩建项目施工项目(1标段)招标控制价

  [招标公告] 郑庄区块阳城片区与蓝焰公司合作区煤层气试采项目（侯甲龙湾合作区东南部煤层气开发项目）龙湾增压站新建工程设备购置
  [历史搜索] 郑庄区块阳城片区与蓝焰公司合作区煤层气试采项目（侯甲龙湾合作区东南部煤层气开发项目）龙湾增压站新建工程设备购置
  [历史回填] 搜索项目：郑庄区块阳城片区与蓝焰公司合作区煤层气试采项目（侯甲龙湾合作区东南部煤层气开发项目）龙湾增压站新建工程设备购置
  [POST失败1/3] ReadTimeout: HTTPSConnectionPool(host='prec.sxzwfw.gov.cn', port=443): Read timed out. (read timeout=18) | https://prec.sxzwfw.gov.cn/queryContent-jyxx.jspx
    ✓ 历史招标公告
  [POST失败1/3] ReadTimeout: HTTPSConnectionPool(host='prec.sxzwfw.gov.cn', port=443): Read timed out. (read timeout=18) | https://prec.sxzwfw.gov.cn/queryContent-jyxx.jspx
  [POST失败2/3] ReadTimeout: HTTPSConnectionPool(host='prec.sxzwfw.gov.cn', port=443): Read timed out. (read timeout=18) | https://prec.sxzwfw.gov.cn/queryContent-jyxx.jspx
  [POST失败1/3] ReadTimeout: HTTPSConnectionPool(host='prec.sxzwfw.gov.cn', port=443): Read timed out. (read timeout=18) | https://prec.sxzwfw.gov.cn/queryContent-jyxx.jspx
  [POST失败2/3] ReadTimeout: HTTPSConnectionPool(host='prec.sxzwfw.gov.cn', port=443): Read timed out. (read timeout=18) | https://prec.sxzwfw.gov.cn/queryContent-jyxx.jspx
  [POST失败3/3] ReadTimeout: HTTPSConnectionPool(host='prec.sxzwfw.gov.cn', port=443): Read timed out. (read timeout=18) | https://prec.sxzwfw.gov.cn/queryContent-jyxx.jspx
  → upsert 完成：招标公告

  [招标公告] 阎家庄风井建设项目（场地场面动照网、管网安装工程）
  [GET失败1/3] ReadTimeout: HTTPSConnectionPool(host='prec.sxzwfw.gov.cn', port=443): Read timed out. (read timeout=15) | https://prec.sxzwfw.gov.cn/jyxxgczb/1072205.jhtml
  [历史搜索] 阎家庄风井建设项目（场地场面动照网、管网安装工程）
  [历史回填] 搜索项目：阎家庄风井建设项目（场地场面动照网、管网安装工程）
  [POST失败1/3] ConnectionError: ('Connection aborted.', ConnectionResetError(104, 'Connection reset by peer')) | https://prec.sxzwfw.gov.cn/queryContent-jyxx.jspx
  [POST失败2/3] ConnectionError: ('Connection aborted.', ConnectionResetError(104, 'Connection reset by peer')) | https://prec.sxzwfw.gov.cn/queryContent-jyxx.jspx
  [POST失败3/3] ConnectionError: ('Connection aborted.', ConnectionResetError(104, 'Connection reset by peer')) | https://prec.sxzwfw.gov.cn/queryContent-jyxx.jspx
  [POST失败1/3] ReadTimeout: HTTPSConnectionPool(host='prec.sxzwfw.gov.cn', port=443): Read timed out. (read timeout=18) | https://prec.sxzwfw.gov.cn/queryContent-jyxx.jspx
  [GET失败1/3] ReadTimeout: HTTPSConnectionPool(host='prec.sxzwfw.gov.cn', port=443): Read timed out. (read timeout=15) | https://prec.sxzwfw.gov.cn/jyxxgczb/1072205.jhtml
    ✓ 历史招标公告
  [POST失败1/3] ReadTimeout: HTTPSConnectionPool(host='prec.sxzwfw.gov.cn', port=443): Read timed out. (read timeout=18) | https://prec.sxzwfw.gov.cn/queryContent-jyxx.jspx
  [POST失败1/3] ProxyError: HTTPSConnectionPool(host='prec.sxzwfw.gov.cn', port=443): Max retries exceeded with url: /queryContent-jyxx.jspx (Caused by ProxyError('Unable to connect to proxy', OSError('Tunnel connection failed: 436 Proxy Authentication Failed'))) | https://prec.sxzwfw.gov.cn/queryContent-jyxx.jspx
  [POST失败2/3] ConnectionError: ('Connection aborted.', ConnectionResetError(104, 'Connection reset by peer')) | https://prec.sxzwfw.gov.cn/queryContent-jyxx.jspx
  [POST失败3/3] ConnectionError: ('Connection aborted.', ConnectionResetError(104, 'Connection reset by peer')) | https://prec.sxzwfw.gov.cn/queryContent-jyxx.jspx
  → upsert 完成：招标公告

===== 第三步：变更公告 =====
  [列表] channelId=13 第1页...
  [POST失败1/3] ConnectionError: ('Connection aborted.', ConnectionResetError(104, 'Connection reset by peer')) | https://prec.sxzwfw.gov.cn/queryContent-jyxx.jspx
  [列表] 总条数=10，当前已获取=10
  [列表] 共 10 条

  [澄清公告] 晋城市老城北片区景德A区块回迁安置楼工程(室外及景观)招标三次
  [历史搜索] 晋城市老城北片区景德A区块回迁安置楼工程(室外及景观)招标三次
  [历史回填] 搜索项目：晋城市老城北片区景德A区块回迁安置楼工程(室外及景观)招标三次
  [POST失败1/3] ConnectionError: ('Connection aborted.', ConnectionResetError(104, 'Connection reset by peer')) | https://prec.sxzwfw.gov.cn/queryContent-jyxx.jspx
  [POST失败2/3] ReadTimeout: HTTPSConnectionPool(host='prec.sxzwfw.gov.cn', port=443): Read timed out. (read timeout=18) | https://prec.sxzwfw.gov.cn/queryContent-jyxx.jspx
  → upsert 完成：澄清公告

  [变更公告] 晋城市建筑垃圾资源化利用项目特许经营者（二次）招标
  [历史搜索] 晋城市建筑垃圾资源化利用项目特许经营者（二次）招标
  [历史回填] 搜索项目：晋城市建筑垃圾资源化利用项目特许经营者（二次）招标
  [POST失败1/3] ReadTimeout: HTTPSConnectionPool(host='prec.sxzwfw.gov.cn', port=443): Read timed out. (read timeout=18) | https://prec.sxzwfw.gov.cn/queryContent-jyxx.jspx
  [POST失败2/3] ReadTimeout: HTTPSConnectionPool(host='prec.sxzwfw.gov.cn', port=443): Read timed out. (read timeout=18) | https://prec.sxzwfw.gov.cn/queryContent-jyxx.jspx
  [POST失败1/3] ConnectionError: ('Connection aborted.', ConnectionResetError(104, 'Connection reset by peer')) | https://prec.sxzwfw.gov.cn/queryContent-jyxx.jspx
    ✓ 历史招标公告
  [POST失败1/3] ProxyError: HTTPSConnectionPool(host='prec.sxzwfw.gov.cn', port=443): Max retries exceeded with url: /queryContent-jyxx.jspx (Caused by ProxyError('Unable to connect to proxy', OSError('Tunnel connection failed: 436 Proxy Authentication Failed'))) | https://prec.sxzwfw.gov.cn/queryContent-jyxx.jspx
  [POST失败2/3] ConnectionError: ('Connection aborted.', ConnectionResetError(104, 'Connection reset by peer')) | https://prec.sxzwfw.gov.cn/queryContent-jyxx.jspx
  [POST失败3/3] ConnectionError: ('Connection aborted.', RemoteDisconnected('Remote end closed connection without response')) | https://prec.sxzwfw.gov.cn/queryContent-jyxx.jspx
  → upsert 完成：变更公告

  [澄清公告] 长治市台上片区城中村改造及基础设施配套建设项目勘察设计
  [历史搜索] 长治市台上片区城中村改造及基础设施配套建设项目勘察设计
  [历史回填] 搜索项目：长治市台上片区城中村改造及基础设施配套建设项目勘察设计
  [POST失败1/3] ConnectionError: ('Connection aborted.', ConnectionResetError(104, 'Connection reset by peer')) | https://prec.sxzwfw.gov.cn/queryContent-jyxx.jspx
    ✓ 历史招标公告
  → upsert 完成：澄清公告

  [延期公告] 五寨县2026年农村公路村庄通双车道公路及过窄路段拓宽改造工程项目
  [历史搜索] 五寨县2026年农村公路村庄通双车道公路及过窄路段拓宽改造工程项目
  [历史回填] 搜索项目：五寨县2026年农村公路村庄通双车道公路及过窄路段拓宽改造工程项目
    ✓ 历史招标计划
  [POST失败1/3] ConnectionError: ('Connection aborted.', ConnectionResetError(104, 'Connection reset by peer')) | https://prec.sxzwfw.gov.cn/queryContent-jyxx.jspx
    ✓ 历史招标公告
  [POST失败1/3] ReadTimeout: HTTPSConnectionPool(host='prec.sxzwfw.gov.cn', port=443): Read timed out. (read timeout=18) | https://prec.sxzwfw.gov.cn/queryContent-jyxx.jspx
  [POST失败2/3] ConnectionError: ('Connection aborted.', ConnectionResetError(104, 'Connection reset by peer')) | https://prec.sxzwfw.gov.cn/queryContent-jyxx.jspx
  → upsert 完成：延期公告

  [延期公告] 襄垣经开区中瑞瑞恒道路工程施工
  [历史搜索] 襄垣经开区中瑞瑞恒道路工程施工
  [历史回填] 搜索项目：襄垣经开区中瑞瑞恒道路工程施工
    ✓ 历史招标公告
  → upsert 完成：延期公告

  [跳过-控制价] 襄垣经开区中瑞瑞恒道路工程施工招标控制价变更公告

  [澄清公告] 襄垣经开区中瑞瑞恒道路工程施工
  [历史搜索] 襄垣经开区中瑞瑞恒道路工程施工
  [历史回填] 搜索项目：襄垣经开区中瑞瑞恒道路工程施工
  [POST失败1/3] ConnectionError: ('Connection aborted.', RemoteDisconnected('Remote end closed connection without response')) | https://prec.sxzwfw.gov.cn/queryContent-jyxx.jspx
  [POST失败1/3] ReadTimeout: HTTPSConnectionPool(host='prec.sxzwfw.gov.cn', port=443): Read timed out. (read timeout=18) | https://prec.sxzwfw.gov.cn/queryContent-jyxx.jspx
    ✓ 历史招标公告
  [POST失败1/3] ReadTimeout: HTTPSConnectionPool(host='prec.sxzwfw.gov.cn', port=443): Read timed out. (read timeout=18) | https://prec.sxzwfw.gov.cn/queryContent-jyxx.jspx
  → upsert 完成：澄清公告

  [撤销公告] 大同古城旅游商超项目
  [历史搜索] 大同古城旅游商超项目
  [历史回填] 搜索项目：大同古城旅游商超项目
  [GET失败1/3] ProxyError: HTTPSConnectionPool(host='prec.sxzwfw.gov.cn', port=443): Max retries exceeded with url: /jyxxzbjh/1026740.jhtml (Caused by ProxyError('Unable to connect to proxy', OSError('Tunnel connection failed: 436 Proxy Authentication Failed'))) | https://prec.sxzwfw.gov.cn/jyxxzbjh/1026740.jhtml
  [GET失败2/3] ConnectionError: ('Connection aborted.', ConnectionResetError(104, 'Connection reset by peer')) | https://prec.sxzwfw.gov.cn/jyxxzbjh/1026740.jhtml
    ✓ 历史招标计划
    ✓ 历史招标公告
  [POST失败1/3] ReadTimeout: HTTPSConnectionPool(host='prec.sxzwfw.gov.cn', port=443): Read timed out. (read timeout=18) | https://prec.sxzwfw.gov.cn/queryContent-jyxx.jspx
  [POST失败2/3] ConnectionError: ('Connection aborted.', RemoteDisconnected('Remote end closed connection without response')) | https://prec.sxzwfw.gov.cn/queryContent-jyxx.jspx
  [POST失败3/3] ReadTimeout: HTTPSConnectionPool(host='prec.sxzwfw.gov.cn', port=443): Read timed out. (read timeout=18) | https://prec.sxzwfw.gov.cn/queryContent-jyxx.jspx
  → upsert 完成：撤销公告

  [澄清公告] 汾阳市三泉河（三泉镇段）山洪沟治理工程施工项目
  [历史搜索] 汾阳市三泉河（三泉镇段）山洪沟治理工程施工项目
  [历史回填] 搜索项目：汾阳市三泉河（三泉镇段）山洪沟治理工程施工项目
    ✓ 历史招标公告
  → upsert 完成：澄清公告

  [澄清公告] 长子县医疗集团紧密型县域医共体建设项目（第一标段）施工
  [历史搜索] 长子县医疗集团紧密型县域医共体建设项目（第一标段）施工
  [历史回填] 搜索项目：长子县医疗集团紧密型县域医共体建设项目（第一标段）施工
    ✓ 历史招标公告
  [POST失败1/3] ReadTimeout: HTTPSConnectionPool(host='prec.sxzwfw.gov.cn', port=443): Read timed out. (read timeout=18) | https://prec.sxzwfw.gov.cn/queryContent-jyxx.jspx
  → upsert 完成：澄清公告

===== 第四步：中标候选人公示 =====
  [列表] channelId=14 第1页...
  [POST失败1/3] ReadTimeout: HTTPSConnectionPool(host='prec.sxzwfw.gov.cn', port=443): Read timed out. (read timeout=18) | https://prec.sxzwfw.gov.cn/queryContent-jyxx.jspx
  [列表] 总条数=20，当前已获取=10
  [列表] channelId=14 第2页...
  [列表] 总条数=20，当前已获取=20
  [列表] 共 20 条

  [中标候选人公示] 陵川县秦家庄至司家河公路改造工程
  [GET失败1/3] ReadTimeout: HTTPSConnectionPool(host='prec.sxzwfw.gov.cn', port=443): Read timed out. (read timeout=15) | https://prec.sxzwfw.gov.cn/jyxxgchxr/1072440.jhtml
  [GET失败2/3] ReadTimeout: HTTPSConnectionPool(host='prec.sxzwfw.gov.cn', port=443): Read timed out. (read timeout=15) | https://prec.sxzwfw.gov.cn/jyxxgchxr/1072440.jhtml
  [历史搜索] 陵川县秦家庄至司家河公路改造工程
  [历史回填] 搜索项目：陵川县秦家庄至司家河公路改造工程
  [POST失败1/3] ReadTimeout: HTTPSConnectionPool(host='prec.sxzwfw.gov.cn', port=443): Read timed out. (read timeout=18) | https://prec.sxzwfw.gov.cn/queryContent-jyxx.jspx
  [POST失败2/3] ConnectionError: ('Connection aborted.', ConnectionResetError(104, 'Connection reset by peer')) | https://prec.sxzwfw.gov.cn/queryContent-jyxx.jspx
    ✓ 历史招标计划
    ✓ 历史招标公告
    ✓ 历史候选人监督部门
  → upsert 完成：中标候选人公示

  [中标候选人公示] 临猗县城区雨污分流改造项目（一期）南环路雨污分流改造监理
  [历史搜索] 临猗县城区雨污分流改造项目（一期）南环路雨污分流改造监理
  [历史回填] 搜索项目：临猗县城区雨污分流改造项目（一期）南环路雨污分流改造监理
  [POST失败1/3] ProxyError: HTTPSConnectionPool(host='prec.sxzwfw.gov.cn', port=443): Max retries exceeded with url: /queryContent-jyxx.jspx (Caused by ProxyError('Unable to connect to proxy', OSError('Tunnel connection failed: 407 Proxy Authentication Required'))) | https://prec.sxzwfw.gov.cn/queryContent-jyxx.jspx
    ✓ 历史招标公告
  [GET失败1/3] ConnectionError: ('Connection aborted.', ConnectionResetError(104, 'Connection reset by peer')) | https://prec.sxzwfw.gov.cn/jyxxgchxr/1072424.jhtml
  [GET失败2/3] ReadTimeout: HTTPSConnectionPool(host='prec.sxzwfw.gov.cn', port=443): Read timed out. (read timeout=15) | https://prec.sxzwfw.gov.cn/jyxxgchxr/1072424.jhtml
    ✓ 历史候选人监督部门
  [POST失败1/3] ConnectionError: ('Connection aborted.', RemoteDisconnected('Remote end closed connection without response')) | https://prec.sxzwfw.gov.cn/queryContent-jyxx.jspx
  [POST失败2/3] ReadTimeout: HTTPSConnectionPool(host='prec.sxzwfw.gov.cn', port=443): Read timed out. (read timeout=18) | https://prec.sxzwfw.gov.cn/queryContent-jyxx.jspx
  → upsert 完成：中标候选人公示

  [中标候选人公示] 稷山县汾北城乡一体化供水工程监理二次
  [GET失败1/3] ConnectionError: ('Connection aborted.', RemoteDisconnected('Remote end closed connection without response')) | https://prec.sxzwfw.gov.cn/jyxxgchxr/1072422.jhtml
  [GET失败2/3] ConnectionError: ('Connection aborted.', ConnectionResetError(104, 'Connection reset by peer')) | https://prec.sxzwfw.gov.cn/jyxxgchxr/1072422.jhtml
  [GET失败3/3] ConnectionError: ('Connection aborted.', ConnectionResetError(104, 'Connection reset by peer')) | https://prec.sxzwfw.gov.cn/jyxxgchxr/1072422.jhtml
  [历史搜索] 稷山县汾北城乡一体化供水工程监理二次
  [历史回填] 搜索项目：稷山县汾北城乡一体化供水工程监理二次
    ✓ 历史招标公告
  [POST失败1/3] ConnectionError: ('Connection aborted.', ConnectionResetError(104, 'Connection reset by peer')) | https://prec.sxzwfw.gov.cn/queryContent-jyxx.jspx
  [GET失败1/3] ConnectionError: ('Connection aborted.', ConnectionResetError(104, 'Connection reset by peer')) | https://prec.sxzwfw.gov.cn/jyxxgchxr/1072422.jhtml
    ✓ 历史候选人监督部门
  [POST失败1/3] ReadTimeout: HTTPSConnectionPool(host='prec.sxzwfw.gov.cn', port=443): Read timed out. (read timeout=18) | https://prec.sxzwfw.gov.cn/queryContent-jyxx.jspx
  → upsert 完成：中标候选人公示

  [中标候选人公示] 新绛经济技术开发区地下水污染风险管控与修复项目设计
  [GET失败1/3] ConnectionError: ('Connection aborted.', RemoteDisconnected('Remote end closed connection without response')) | https://prec.sxzwfw.gov.cn/jyxxgchxr/1072419.jhtml
  [历史搜索] 新绛经济技术开发区地下水污染风险管控与修复项目设计
  [历史回填] 搜索项目：新绛经济技术开发区地下水污染风险管控与修复项目设计
    ✓ 历史招标公告
    ✓ 历史候选人监督部门
  → upsert 完成：中标候选人公示

  [中标候选人公示] 山西朔州山阴兰花口前煤业有限公司11号煤层开采项目监理
  [历史搜索] 山西朔州山阴兰花口前煤业有限公司11号煤层开采项目监理
  [历史回填] 搜索项目：山西朔州山阴兰花口前煤业有限公司11号煤层开采项目监理
  [POST失败1/3] ConnectionError: ('Connection aborted.', ConnectionResetError(104, 'Connection reset by peer')) | https://prec.sxzwfw.gov.cn/queryContent-jyxx.jspx
    ✓ 历史招标公告
    ✓ 历史候选人监督部门
  → upsert 完成：中标候选人公示

  [中标候选人公示] 山西汾西矿业（集团）有限责任公司灵北煤矿矸石充填二期工程项目二次招标
  [历史搜索] 山西汾西矿业（集团）有限责任公司灵北煤矿矸石充填二期工程项目二次招标
  [历史回填] 搜索项目：山西汾西矿业（集团）有限责任公司灵北煤矿矸石充填二期工程项目二次招标
    ✓ 历史招标公告
    ✓ 历史候选人监督部门
  → upsert 完成：中标候选人公示

  [中标候选人公示] 五台县高铁片区管网建设工程总承包（EPC）项目
  [历史搜索] 五台县高铁片区管网建设工程总承包（EPC）项目
  [历史回填] 搜索项目：五台县高铁片区管网建设工程总承包（EPC）项目
  [POST失败1/3] ConnectionError: ('Connection aborted.', ConnectionResetError(104, 'Connection reset by peer')) | https://prec.sxzwfw.gov.cn/queryContent-jyxx.jspx
    ✓ 历史候选人监督部门
  → upsert 完成：中标候选人公示

  [中标候选人公示] 山西省储备粮（阳曲）直属库有限责任公司粮食绿色仓储提升项目施工
  [历史搜索] 山西省储备粮（阳曲）直属库有限责任公司粮食绿色仓储提升项目施工
  [历史回填] 搜索项目：山西省储备粮（阳曲）直属库有限责任公司粮食绿色仓储提升项目施工
  [GET失败1/3] ProxyError: HTTPSConnectionPool(host='prec.sxzwfw.gov.cn', port=443): Max retries exceeded with url: /jyxxgczb/1061349.jhtml (Caused by ProxyError('Unable to connect to proxy', OSError('Tunnel connection failed: 618 Internal Server Error'))) | https://prec.sxzwfw.gov.cn/jyxxgczb/1061349.jhtml
  [GET失败2/3] ReadTimeout: HTTPSConnectionPool(host='prec.sxzwfw.gov.cn', port=443): Read timed out. (read timeout=15) | https://prec.sxzwfw.gov.cn/jyxxgczb/1061349.jhtml
    ✓ 历史招标公告
    ✓ 历史候选人监督部门
  [POST失败1/3] ReadTimeout: HTTPSConnectionPool(host='prec.sxzwfw.gov.cn', port=443): Read timed out. (read timeout=18) | https://prec.sxzwfw.gov.cn/queryContent-jyxx.jspx
  [POST失败2/3] ReadTimeout: HTTPSConnectionPool(host='prec.sxzwfw.gov.cn', port=443): Read timed out. (read timeout=18) | https://prec.sxzwfw.gov.cn/queryContent-jyxx.jspx
  → upsert 完成：中标候选人公示

  [中标候选人公示] 清徐县城乡供水一体化工程(一期)施工水表井采购
  [历史搜索] 清徐县城乡供水一体化工程(一期)施工水表井采购
  [历史回填] 搜索项目：清徐县城乡供水一体化工程(一期)施工水表井采购
    ✓ 历史招标公告
  [POST失败1/3] ReadTimeout: HTTPSConnectionPool(host='prec.sxzwfw.gov.cn', port=443): Read timed out. (read timeout=18) | https://prec.sxzwfw.gov.cn/queryContent-jyxx.jspx
    ✓ 历史候选人监督部门
  → upsert 完成：中标候选人公示

  [中标候选人公示] 规划一路（龙城大街—龙城南街）和规划二路（龙城大街—龙城南街）建设工程施工
  [历史搜索] 规划一路（龙城大街—龙城南街）和规划二路（龙城大街—龙城南街）建设工程施工
  [历史回填] 搜索项目：规划一路（龙城大街—龙城南街）和规划二路（龙城大街—龙城南街）建设工程施工
  [POST失败1/3] ProxyError: HTTPSConnectionPool(host='prec.sxzwfw.gov.cn', port=443): Max retries exceeded with url: /queryContent-jyxx.jspx (Caused by ProxyError('Unable to connect to proxy', OSError('Tunnel connection failed: 436 Proxy Authentication Failed'))) | https://prec.sxzwfw.gov.cn/queryContent-jyxx.jspx
    ✓ 历史招标公告
    ✓ 历史候选人监督部门
  → upsert 完成：中标候选人公示

  [中标候选人公示] 吴家堡南北规划路（康兴街一吴家堡北街）建设工程施工
  [历史搜索] 吴家堡南北规划路（康兴街一吴家堡北街）建设工程施工
  [历史回填] 搜索项目：吴家堡南北规划路（康兴街一吴家堡北街）建设工程施工
  [POST失败1/3] ReadTimeout: HTTPSConnectionPool(host='prec.sxzwfw.gov.cn', port=443): Read timed out. (read timeout=18) | https://prec.sxzwfw.gov.cn/queryContent-jyxx.jspx
    ✓ 历史招标公告
  [GET失败1/3] ConnectionError: ('Connection aborted.', ConnectionResetError(104, 'Connection reset by peer')) | https://prec.sxzwfw.gov.cn/jyxxgchxr/1072301.jhtml
  [GET失败2/3] ProxyError: HTTPSConnectionPool(host='prec.sxzwfw.gov.cn', port=443): Max retries exceeded with url: /jyxxgchxr/1072301.jhtml (Caused by ProxyError('Unable to connect to proxy', OSError('Tunnel connection failed: 407 Proxy Authentication Required'))) | https://prec.sxzwfw.gov.cn/jyxxgchxr/1072301.jhtml
    ✓ 历史候选人监督部门
  → upsert 完成：中标候选人公示

  [中标候选人公示] 山西省黎城县佛崖底滑坡地质灾害治理项目工程施工
  [历史搜索] 山西省黎城县佛崖底滑坡地质灾害治理项目工程施工
  [历史回填] 搜索项目：山西省黎城县佛崖底滑坡地质灾害治理项目工程施工
  [POST失败1/3] ConnectionError: ('Connection aborted.', ConnectionResetError(104, 'Connection reset by peer')) | https://prec.sxzwfw.gov.cn/queryContent-jyxx.jspx
    ✓ 历史招标公告
    ✓ 历史候选人监督部门
  → upsert 完成：中标候选人公示

  [中标候选人公示] 中阳县南川河城区段生态综合治理和雨污管网更新改造项目EPC总承包其它 第一标段
  [历史搜索] 中阳县南川河城区段生态综合治理和雨污管网更新改造项目EPC总承包其它 第一标段
  [历史回填] 搜索项目：中阳县南川河城区段生态综合治理和雨污管网更新改造项目EPC总承包其它 第一标段
    ✓ 历史候选人监督部门
  → upsert 完成：中标候选人公示

  [中标候选人公示] 中阳县南川河城区段生态综合治理和雨污管网更新改造项目EPC总承包其它第二标段
  [历史搜索] 中阳县南川河城区段生态综合治理和雨污管网更新改造项目EPC总承包其它第二标段
  [历史回填] 搜索项目：中阳县南川河城区段生态综合治理和雨污管网更新改造项目EPC总承包其它第二标段
  [POST失败1/3] ConnectionError: ('Connection aborted.', ConnectionResetError(104, 'Connection reset by peer')) | https://prec.sxzwfw.gov.cn/queryContent-jyxx.jspx
  [POST失败2/3] ReadTimeout: HTTPSConnectionPool(host='prec.sxzwfw.gov.cn', port=443): Read timed out. (read timeout=18) | https://prec.sxzwfw.gov.cn/queryContent-jyxx.jspx
    ✓ 历史候选人监督部门
  → upsert 完成：中标候选人公示

  [中标候选人公示] 运城市排洪通道（姚暹渠盐湖段）改造工程互通项目
  [历史搜索] 运城市排洪通道（姚暹渠盐湖段）改造工程互通项目
  [历史回填] 搜索项目：运城市排洪通道（姚暹渠盐湖段）改造工程互通项目
    ✓ 历史招标公告
    ✓ 历史候选人监督部门
  → upsert 完成：中标候选人公示

  [中标候选人公示] 运城经济技术开发区电子产业园1#2#标准厂房提升改造工程三次
  [历史搜索] 运城经济技术开发区电子产业园1#2#标准厂房提升改造工程三次
  [历史回填] 搜索项目：运城经济技术开发区电子产业园1#2#标准厂房提升改造工程三次
    ✓ 历史招标公告
    ✓ 历史候选人监督部门
  → upsert 完成：中标候选人公示

  [中标候选人公示] 万荣县2026年农村公路建设工程（汉池至汉薛等4条路）
  [历史搜索] 万荣县2026年农村公路建设工程（汉池至汉薛等4条路）
  [历史回填] 搜索项目：万荣县2026年农村公路建设工程（汉池至汉薛等4条路）
  [POST失败1/3] ReadTimeout: HTTPSConnectionPool(host='prec.sxzwfw.gov.cn', port=443): Read timed out. (read timeout=18) | https://prec.sxzwfw.gov.cn/queryContent-jyxx.jspx
    ✓ 历史招标公告
    ✓ 历史候选人监督部门
  [POST失败1/3] ConnectionError: ('Connection aborted.', RemoteDisconnected('Remote end closed connection without response')) | https://prec.sxzwfw.gov.cn/queryContent-jyxx.jspx
  → upsert 完成：中标候选人公示

  [中标候选人公示] 长治市体育路(捉马大街-漳泽东街)道路建设工程施工
  [历史搜索] 长治市体育路(捉马大街-漳泽东街)道路建设工程施工
  [历史回填] 搜索项目：长治市体育路(捉马大街-漳泽东街)道路建设工程施工
    ✓ 历史招标公告
    ✓ 历史候选人监督部门
  → upsert 完成：中标候选人公示

  [中标候选人公示] 2026年城市道路绿化工程总承包
  [历史搜索] 2026年城市道路绿化工程总承包
  [历史回填] 搜索项目：2026年城市道路绿化工程总承包
    ✓ 历史招标公告
    ✓ 历史候选人监督部门
  → upsert 完成：中标候选人公示

  [中标候选人公示] 屯里镇桑峨村设施农业提质及鲤鱼加工项目
  [历史搜索] 屯里镇桑峨村设施农业提质及鲤鱼加工项目
  [历史回填] 搜索项目：屯里镇桑峨村设施农业提质及鲤鱼加工项目
    ✓ 历史招标计划
    ✓ 历史招标公告
    ✓ 历史候选人监督部门
  → upsert 完成：中标候选人公示

===== 第五步：中标结果公示 =====
  [列表] channelId=15 第1页...
  [列表] 总条数=10，当前已获取=10
  [列表] 共 10 条

  [中标结果公示] 万柏林区老旧供水管网改造工程（一期）大虎沟社区标段
  [历史搜索] 万柏林区老旧供水管网改造工程（一期）大虎沟社区标段
  [历史回填] 搜索项目：万柏林区老旧供水管网改造工程（一期）大虎沟社区标段
    ✓ 历史招标公告
    ✓ 历史候选人监督部门
    ✓ 历史结果监督部门
  → upsert 完成：中标结果公示

  [中标结果公示] 大秦铁路股份有限公司太原供电段太中线上闫等、韩原线薛孤等、太兴线古交等牵引变电所无人化改造工程甲供物资采购项目项目
  [历史搜索] 大秦铁路股份有限公司太原供电段太中线上闫等、韩原线薛孤等、太兴线古交等牵引变电所无人化改造工程甲供物资采购项目项目
  [历史回填] 搜索项目：大秦铁路股份有限公司太原供电段太中线上闫等、韩原线薛孤等、太兴线古交等牵引变电所无人化改造工程甲供物资采购项目项目
    ✓ 历史招标公告
    ✓ 历史候选人监督部门
    ✓ 历史结果监督部门
  → upsert 完成：中标结果公示

  [中标结果公示] 大秦铁路股份有限公司太原供电段太中线上闫等、韩原线薛孤等、太兴线古交等牵引变电所无人化改造工程甲供物资采购项目项目
  [历史搜索] 大秦铁路股份有限公司太原供电段太中线上闫等、韩原线薛孤等、太兴线古交等牵引变电所无人化改造工程甲供物资采购项目项目
  [历史回填] 搜索项目：大秦铁路股份有限公司太原供电段太中线上闫等、韩原线薛孤等、太兴线古交等牵引变电所无人化改造工程甲供物资采购项目项目
    ✓ 历史招标公告
    ✓ 历史候选人监督部门
    ✓ 历史结果监督部门
  → upsert 完成：中标结果公示

  [中标结果公示] 大秦铁路股份有限公司太原供电段太中线上闫等、韩原线薛孤等、太兴线古交等牵引变电所无人化改造工程甲供物资采购项目项目
  [历史搜索] 大秦铁路股份有限公司太原供电段太中线上闫等、韩原线薛孤等、太兴线古交等牵引变电所无人化改造工程甲供物资采购项目项目
  [历史回填] 搜索项目：大秦铁路股份有限公司太原供电段太中线上闫等、韩原线薛孤等、太兴线古交等牵引变电所无人化改造工程甲供物资采购项目项目
    ✓ 历史招标公告
    ✓ 历史候选人监督部门
    ✓ 历史结果监督部门
  → upsert 完成：中标结果公示

  [中标结果公示] 省道366老马岭至里必段改建工程全过程项目管理咨询服务中标结果公告
  [历史搜索] 省道366老马岭至里必段改建工程全过程项目管理咨询服务中标结果公告
  [历史回填] 搜索项目：省道366老马岭至里必段改建工程全过程项目管理咨询服务中标结果公告
  [POST失败1/3] ConnectionError: ('Connection aborted.', RemoteDisconnected('Remote end closed connection without response')) | https://prec.sxzwfw.gov.cn/queryContent-jyxx.jspx
    ✓ 历史结果监督部门
  → upsert 完成：中标结果公示

  [中标结果公示] 大秦铁路股份有限公司太原铁路工程建设指挥部太原动车组运用所增设控制集中系统（CCS）工程施工总价承包项目
  [历史搜索] 大秦铁路股份有限公司太原铁路工程建设指挥部太原动车组运用所增设控制集中系统（CCS）工程施工总价承包项目
  [历史回填] 搜索项目：大秦铁路股份有限公司太原铁路工程建设指挥部太原动车组运用所增设控制集中系统（CCS）工程施工总价承包项目
    ✓ 历史招标公告
    ✓ 历史候选人监督部门
    ✓ 历史结果监督部门
  → upsert 完成：中标结果公示

  [中标结果公示] 侯马市XX训练基地建设项目（二次）
  [历史搜索] 侯马市XX训练基地建设项目（二次）
  [历史回填] 搜索项目：侯马市XX训练基地建设项目（二次）
    ✓ 历史招标公告
    ✓ 历史候选人监督部门
    ✓ 历史结果监督部门
  → upsert 完成：中标结果公示

  [中标结果公示] 临汾市尧都区敬老院建设项目工程总承包（EPC）-
  [历史搜索] 临汾市尧都区敬老院建设项目工程总承包（EPC）-
  [历史回填] 搜索项目：临汾市尧都区敬老院建设项目工程总承包（EPC）-
    ✓ 历史招标公告
    ✓ 历史候选人监督部门
    ✓ 历史结果监督部门
  → upsert 完成：中标结果公示

  [中标结果公示] 襄汾县中药材现代产业园建设项目
  [历史搜索] 襄汾县中药材现代产业园建设项目
  [历史回填] 搜索项目：襄汾县中药材现代产业园建设项目
  [POST失败1/3] ReadTimeout: HTTPSConnectionPool(host='prec.sxzwfw.gov.cn', port=443): Read timed out. (read timeout=18) | https://prec.sxzwfw.gov.cn/queryContent-jyxx.jspx
    ✓ 历史招标计划
    ✓ 历史招标公告
    ✓ 历史候选人监督部门
    ✓ 历史结果监督部门
  → upsert 完成：中标结果公示

  [中标结果公示] 汾西县涧白线农村公路改造工程(北掌段)（二次）
  [历史搜索] 汾西县涧白线农村公路改造工程(北掌段)（二次）
  [历史回填] 搜索项目：汾西县涧白线农村公路改造工程(北掌段)（二次）
    ✓ 历史招标公告
    ✓ 历史候选人监督部门
    ✓ 历史结果监督部门
  → upsert 完成：中标结果公示
[索引] → /home/intsig/zwx/shanxi/output/山西_index.txt
[自检] → /home/intsig/zwx/shanxi/log/20260708_check.log

===== AI 兜底补充提取 =====
  [长子县医疗集团紧密型县域医共体建设项目（第一标段）施工] AI补字段 ['标书发售时间', '招标人', '招标人地址', '招标人联系人', '招标人联系方式', '招标代理机构', '招标代理机构地址', '招标代理机构联系人', '招标代理机构联系方式'] ← https://prec.sxzwfw.gov.cn/jyxxgczb/1070110.jhtml
    ✓ 标书发售时间: 2026年07月01日至2026年07月24日
    ✓ 招标人: 长子县卫生健康和体育局
    ✓ 招标人地址: 山西省长子县东大街304号
    ✓ 招标人联系人: 韩先生
    ✓ 招标人联系方式: 0355-8322241
    ✓ 招标代理机构: 山西安成项目管理有限公司
    ✓ 招标代理机构地址: 长治市太行北路188号科技企业加速器6号楼四层
    ✓ 招标代理机构联系人: 李先生
    ✓ 招标代理机构联系方式: 0355-5124586
  [马村镇马村村高标准设施蔬菜基地项目] AI补字段 ['招标代理机构地址'] ← https://prec.sxzwfw.gov.cn/jyxxgczb/1069822.jhtml
    ✗ 招标代理机构地址: AI未提取
  [长治市台上片区城中村改造及基础设施配套建设项目勘察设计] AI补字段 ['开标时间', '标书发售时间'] ← https://prec.sxzwfw.gov.cn/jyxxgczb/1069583.jhtml
    ✓ 开标时间: 2026年7月22日09时30分
    ✓ 标书发售时间: 2026年6月30日至2026年7月22日
  [襄垣经开区中瑞瑞恒道路工程施工] AI补字段 ['招标人', '招标人地址', '招标人联系人', '招标人联系方式', '招标代理机构', '招标代理机构地址', '招标代理机构联系人', '招标代理机构联系方式'] ← https://prec.sxzwfw.gov.cn/jyxxgczb/1069020.jhtml
    ✓ 招标人: 襄垣县交通运输局
    ✓ 招标人地址: 长治市襄垣县新建东街89号
    ✓ 招标人联系人: 杨先生
    ✓ 招标人联系方式: 0355-7222558
    ✓ 招标代理机构: 长治市玺信珵工程项目管理有限公司
    ✓ 招标代理机构地址: 山西省长治市太行北路 154 号中奥建商务楼
    ✓ 招标代理机构联系人: 苗雨、方智慧
    ✓ 招标代理机构联系方式: 15713550663
  [侯马市XX训练基地建设项目（二次）] AI补字段 ['监督部门联系方式'] ← https://prec.sxzwfw.gov.cn/jyxxgczb/1062990.jhtml
    ✓ 监督部门联系方式: 0357—3900150
  [五台县高铁片区管网建设工程总承包（EPC）项目] AI补字段 ['监督部门联系方式'] ← https://prec.sxzwfw.gov.cn/jyxxgchxr/1072341.jhtml
    ✓ 监督部门联系方式: 忻州市住房和城乡建设局
  [太原市杏花岭区宇乔400MW/800MWh独立储能调频电站项目(EPC总承包）] AI补字段 ['监督部门联系方式'] ← https://prec.sxzwfw.gov.cn/jyxxgcgs/1071357.jhtml
    ✗ 监督部门联系方式: AI未提取
  [太原西山“骑行+”户外运动场地设施与服务保障设施建设项目施工] AI补字段 ['监督部门'] ← https://prec.sxzwfw.gov.cn/jyxxgcgs/1070917.jhtml
    ✗ 监督部门: AI未提取
  [华信振阳高新区200MW/400MWh独立储能项目EPC总承包] AI补字段 ['监督部门'] ← https://prec.sxzwfw.gov.cn/jyxxgcgs/1071264.jhtml
    ✗ 监督部门: AI未提取
  [原平市2025年农村公路灾毁改造工程（裕隆社区-武彦等6条）监理项目] AI补字段 ['监督部门联系方式'] ← https://prec.sxzwfw.gov.cn/jyxxgchxr/1069689.jhtml
    ✗ 监督部门联系方式: AI未提取
  [五台山站站前综合交通枢纽及相关市政配套项目（供电工程）设计项目] AI补字段 ['监督部门联系方式'] ← https://prec.sxzwfw.gov.cn/jyxxgchxr/1069607.jhtml
    ✓ 监督部门联系方式: 五台山风景名胜区旅游发展局
  [代县城市地下管网及设施建设改造工程-东北街片区（分区二）施工项目] AI补字段 ['监督部门联系方式'] ← https://prec.sxzwfw.gov.cn/jyxxgchxr/1069209.jhtml
    ✗ 监督部门联系方式: AI未提取
  [吉县吉电200MW/400MWh独立储能电站EPC总承包] AI补字段 ['监督部门联系方式'] ← https://prec.sxzwfw.gov.cn/jyxxgcgs/1070781.jhtml
    ✓ 监督部门联系方式: 吉县发展和改革局
  [大同市晋北地区高原风沙源生态保护和修复项目桦林背林场2026年人工造林(1,2,3,4,5,6,8,9,10,11,12,] AI补字段 ['监督部门联系方式'] ← https://prec.sxzwfw.gov.cn/jyxxgczb/1069176.jhtml
    ✓ 监督部门联系方式: 0352-7789836
  [高平市炎谷丰高标准设施蔬菜基地项目(002二标段)] AI补字段 ['监督部门联系方式'] ← https://prec.sxzwfw.gov.cn/jyxxgchxr/1067695.jhtml
    ✗ 监督部门联系方式: AI未提取
  [太原天然气有限公司太原市2026年住宅小区居民共有老旧庭院燃气管网及户内立管更新改造项目工程施工] AI补字段 ['监督部门联系方式'] ← https://prec.sxzwfw.gov.cn/jyxxgcgs/1069250.jhtml
    ✗ 监督部门联系方式: AI未提取
  [黄水河宁武县段河道治理工程勘察设计项目] AI补字段 ['监督部门联系方式'] ← https://prec.sxzwfw.gov.cn/jyxxgchxr/1067711.jhtml
    ✗ 监督部门联系方式: AI未提取
  [高平市燃气老化管网及设施更新改造工程（老化燃气管道更新改造EPC）] AI补字段 ['招标代理机构地址'] ← https://prec.sxzwfw.gov.cn/jyxxgczb/1060412.jhtml
    ✗ 招标代理机构地址: AI未提取
  [山西汾西矿业（集团）有限责任公司灵北煤矿矸石充填二期工程项目二次招标] AI补字段 ['标书发售时间', '招标代理机构', '招标代理机构地址', '招标代理机构联系人', '招标代理机构联系方式'] ← https://prec.sxzwfw.gov.cn/jyxxgczb/1062809.jhtml
    ✓ 标书发售时间: 2026年6月8日18:00 至 2026年6月13日18:00
    ✓ 招标代理机构: 山西焦煤集团招标有限公司
    ✓ 招标代理机构地址: 山西省太原市小店区龙城大街102 号文旅大厦 A 座4层
    ✓ 招标代理机构联系人: 朱虹宇
    ✓ 招标代理机构联系方式: 0351-7955111
  [杏花岭区2024年老旧小区改造项目（二期）设计施工总承包（EPC）(004标段四)] AI补字段 ['监督部门联系方式'] ← https://prec.sxzwfw.gov.cn/jyxxgcgs/1071595.jhtml
    ✗ 监督部门联系方式: AI未提取
  [中村镇张马村历山花卉融创基地] AI补字段 ['监督部门联系方式'] ← https://prec.sxzwfw.gov.cn/jyxxgchxr/1070266.jhtml
    ✗ 监督部门联系方式: AI未提取
  [晋中市松塔水库供水（二期）工程管材及管件采购03标] AI补字段 ['监督部门联系方式'] ← https://prec.sxzwfw.gov.cn/jyxxgchxr/1070208.jhtml
    ✗ 监督部门联系方式: AI未提取
  [阳曲县2025年“千万工程”精品示范村建设项目施工二标段项目] AI补字段 ['开标时间'] ← https://prec.sxzwfw.gov.cn/jyxxgczb/1072331.jhtml
    ✓ 开标时间: 2026-07-23 09:30:00
  [平陆县2026年村道水毁工程] AI补字段 ['招标人联系人'] ← https://prec.sxzwfw.gov.cn/jyxxgczb/1062514.jhtml
  [PDF公告] 发现PDF: https://ggzyjyzx.yuncheng.gov.cn:8083/upload/wj/2c9f80959e25d986019e96ce7a0b2044.pdf
  [PDF] 直接提取文字成功，长度=3358
    ✗ 招标人联系人: AI未提取
  [原平市2025年农村公路灾毁改造工程（裕隆社区-武彦等6条）施工项目] AI补字段 ['监督部门联系方式'] ← https://prec.sxzwfw.gov.cn/jyxxgchxr/1070610.jhtml
    ✗ 监督部门联系方式: AI未提取
  [山阴县第四中学校教学楼加固改造工程项目] AI补字段 ['监督部门联系方式'] ← https://prec.sxzwfw.gov.cn/jyxxgcgs/1071427.jhtml
    ✗ 监督部门联系方式: AI未提取
  [代县城市地下管网及设施建设改造工程-东北街片区（分区一）施工项目] AI补字段 ['监督部门联系方式'] ← https://prec.sxzwfw.gov.cn/jyxxgchxr/1068808.jhtml
    ✗ 监督部门联系方式: AI未提取
  [代县城市地下管网及设施建设改造工程-东北街片区（分区一）监理项目] AI补字段 ['监督部门联系方式'] ← https://prec.sxzwfw.gov.cn/jyxxgchxr/1068807.jhtml
    ✗ 监督部门联系方式: AI未提取
  [泽州县丹溪片区集中供热建设项目（EPC）总承包中标结果公告] AI补字段 ['监督部门联系方式'] ← https://prec.sxzwfw.gov.cn/jyxxgcgs/1070481.jhtml
    [AI] JSON解析失败(第1次): Expecting property name enclosed in double quotes: line 2 column 2 (char 3) | 原始: {
 监督部门联系方式: "泽州县住房和城乡建设管理局"
}
    [AI] JSON解析失败(第2次): Expecting value: line 1 column 1 (char 0) | 原始: ser部门联系方式
    ✗ 监督部门联系方式: AI未提取
  [高平市原村乡冯村村集中供热二网项目] AI补字段 ['监督部门联系方式'] ← https://prec.sxzwfw.gov.cn/jyxxgczb/1071190.jhtml
    ✗ 监督部门联系方式: AI未提取
  [柿庄镇输配站基础设施提升改造项目] AI补字段 ['招标人地址'] ← https://prec.sxzwfw.gov.cn/jyxxgczb/1064015.jhtml
    ✗ 招标人地址: AI未提取
  [省道366老马岭至里必段改建工程全过程项目管理咨询服务中标结果公告] AI补字段 ['监督部门联系方式'] ← https://prec.sxzwfw.gov.cn/jyxxgcgs/1072332.jhtml
    ✓ 监督部门联系方式: 晋城市交通运输局
  [万柏林区老旧供水管网改造工程（一期）大虎沟社区标段] AI补字段 ['开标时间', '标书发售时间', '招标代理机构联系人'] ← https://prec.sxzwfw.gov.cn/jyxxgczb/1055753.jhtml
    ✓ 开标时间: 2026年06月02日09时30分
    ✓ 标书发售时间: 2026年05月18日15时30分2026年05月25日15时30分
    ✓ 招标代理机构联系人: 潘晓辉
  [汾阳市三泉河（三泉镇段）山洪沟治理工程施工项目] AI补字段 ['招标人', '招标人地址', '招标人联系人', '招标人联系方式', '招标代理机构', '招标代理机构地址', '招标代理机构联系人', '招标代理机构联系方式'] ← https://prec.sxzwfw.gov.cn/jyxxgczb/1066088.jhtml
    ✓ 招标人: 汾阳市水资源保护中心
    ✓ 招标人地址: 汾阳市永和西大街 9 号
    ✓ 招标人联系人: 赵先生
    ✓ 招标人联系方式: 13753351906
    ✓ 招标代理机构: 远瓴（北京）国际工程咨询有限公司
    ✓ 招标代理机构地址: 太原市万柏林区和平南路丽景广场 405
    ✓ 招标代理机构联系人: 吴剑、薛芳、赵斌、张德杰、熊建平、邵博宇、顾振华
    ✓ 招标代理机构联系方式: 1513511
  [晋城市建筑垃圾资源化利用项目特许经营者（二次）招标] AI补字段 ['招标人', '招标人地址', '招标人联系人', '招标人联系方式', '招标代理机构', '招标代理机构地址', '招标代理机构联系人', '招标代理机构联系方式', '监督部门'] ← https://prec.sxzwfw.gov.cn/jyxxgczb/1065567.jhtml
    ✗ 招标人: AI未提取
    ✗ 招标人地址: AI未提取
    ✗ 招标人联系人: AI未提取
    ✗ 招标人联系方式: AI未提取
    ✗ 招标代理机构: AI未提取
    ✗ 招标代理机构地址: AI未提取
    ✗ 招标代理机构联系人: AI未提取
    ✗ 招标代理机构联系方式: AI未提取
    ✗ 监督部门: AI未提取
  [繁峙县资源路产业路108国道-上西庄公路改造工程施工项目] AI补字段 ['监督部门联系方式'] ← https://prec.sxzwfw.gov.cn/jyxxgchxr/1071396.jhtml
    ✗ 监督部门联系方式: AI未提取
  [杏花岭区2024年老旧小区改造项目（二期）设计施工总承包（EPC）(003标段三)] AI补字段 ['监督部门联系方式'] ← https://prec.sxzwfw.gov.cn/jyxxgcgs/1071593.jhtml
    ✗ 监督部门联系方式: AI未提取
  [杏花岭区2024年老旧小区改造项目（二期）设计施工总承包（EPC）(002标段二)] AI补字段 ['监督部门联系方式'] ← https://prec.sxzwfw.gov.cn/jyxxgcgs/1071592.jhtml
    ✗ 监督部门联系方式: AI未提取
  [杏花岭区2024年老旧小区改造项目（二期）设计施工总承包（EPC）(009标段九)] AI补字段 ['监督部门联系方式'] ← https://prec.sxzwfw.gov.cn/jyxxgcgs/1071563.jhtml
    ✗ 监督部门联系方式: AI未提取
  [杏花岭区2024年老旧小区改造项目（二期）设计施工总承包（EPC）(007标段七)] AI补字段 ['监督部门联系方式'] ← https://prec.sxzwfw.gov.cn/jyxxgcgs/1071561.jhtml
    ✗ 监督部门联系方式: AI未提取
  [杏花岭区2024年老旧小区改造项目（二期）设计施工总承包（EPC）(006标段六)] AI补字段 ['监督部门联系方式'] ← https://prec.sxzwfw.gov.cn/jyxxgcgs/1071560.jhtml
    ✗ 监督部门联系方式: AI未提取
  [杏花岭区2024年老旧小区改造项目（二期）设计施工总承包（EPC）(005标段五)] AI补字段 ['监督部门联系方式'] ← https://prec.sxzwfw.gov.cn/jyxxgcgs/1071559.jhtml
    ✗ 监督部门联系方式: AI未提取
  [保德县2026年农村公路改造工程施工项目] AI补字段 ['监督部门联系方式'] ← https://prec.sxzwfw.gov.cn/jyxxgchxr/1069015.jhtml
  [GET失败1/5] ProxyError: HTTPSConnectionPool(host='prec.sxzwfw.gov.cn', port=443): Max retries exceeded with url: /jyxxgchxr/1069015.jhtml (Caused by ProxyError('Unable to connect to proxy', OSError('Tunnel connection failed: 639 Internal Server Error'))) | https://prec.sxzwfw.gov.cn/jyxxgchxr/1069015.jhtml
  [GET失败2/5] ConnectionError: ('Connection aborted.', ConnectionResetError(104, 'Connection reset by peer')) | https://prec.sxzwfw.gov.cn/jyxxgchxr/1069015.jhtml
    ✗ 监督部门联系方式: AI未提取
  [岚县县城新建路地下管网改造项目施工] AI补字段 ['标书发售时间'] ← https://prec.sxzwfw.gov.cn/jyxxgczb/1071994.jhtml
    ✓ 标书发售时间: 2026年7月7日18时00分至2026年7月31日10时00分前
  [清徐县城乡供水一体化工程(一期)施工 远传阀控水表设备采购] AI补字段 ['监督部门', '监督部门联系方式'] ← https://prec.sxzwfw.gov.cn/jyxxgchxr/1071960.jhtml
    ✗ 监督部门: AI未提取
    ✗ 监督部门联系方式: AI未提取
  [山西省肿瘤医院医疗服务综合能力提升修缮工程（病房改造提升）项目施工（二次）] AI补字段 ['标书发售时间', '招标代理机构联系人'] ← https://prec.sxzwfw.gov.cn/jyxxgczb/1061675.jhtml
  [GET失败1/5] ReadTimeout: HTTPSConnectionPool(host='prec.sxzwfw.gov.cn', port=443): Read timed out. (read timeout=15) | https://prec.sxzwfw.gov.cn/jyxxgczb/1061675.jhtml
    ✓ 标书发售时间: 2026年06月03日17时30分 - 2026年06月09日17时30分
    ✓ 招标代理机构联系人: 迟岩
  [新绛经济技术开发区地下水污染风险管控与修复项目勘察] AI补字段 ['开标时间', '标书发售时间', '公告内容', '招标人', '招标人地址', '招标人联系人', '招标人联系方式', '招标代理机构', '招标代理机构地址', '招标代理机构联系人', '招标代理机构联系方式', '监督部门', '监督部门联系方式'] ← https://prec.sxzwfw.gov.cn/jyxxgczb/1072421.jhtml
  [GET失败1/5] ConnectionError: ('Connection aborted.', RemoteDisconnected('Remote end closed connection without response')) | https://prec.sxzwfw.gov.cn/jyxxgczb/1072421.jhtml
  [PDF公告] 发现PDF: https://ggzyjyzx.yuncheng.gov.cn:8083/upload/wj/2c9f80959f274add019f3bce3840272c.pdf
  [PDF] 下载: https://ggzyjyzx.yuncheng.gov.cn:8083/upload/wj/2c9f80959f274add019f3bce3840272c.pdf
  [PDF] 直接提取文字成功，长度=2201
    ✓ 开标时间: 2026年7月29日09时00分
    ✓ 标书发售时间: 2026年7月9日08时00分至2026年7月15日18时00分
    ✓ 公告内容: 新绛经济技术开发区地下水污染风险管控与修复项目勘察二次 招标公告 （招标编号：2026GC010589） 招标项目所在地区：运城市新绛县 一、招标条件 本招标项
    ✓ 招标人: 新绛经济技术开发区管理委员会
    ✓ 招标人地址: 山西省新绛县城北临夏县5 公里
    ✓ 招标人联系人: 邱先生
    ✓ 招标人联系方式: 0359-2366085
    ✓ 招标代理机构: 山西泽林工程项目管理有限公司
    ✓ 招标代理机构地址: 山西省运城市盐湖区禹西路1569 号金华国际大厦23 层
    ✓ 招标代理机构联系人: 黄女士
    ✓ 招标代理机构联系方式: 13620699079
    ✓ 监督部门: 新绛县住房和城乡建设管理局
    ✓ 监督部门联系方式: 0359-7523736
  [西塬湖水库（硝池滩）水生态修复综合治理项目设计] AI补字段 ['开标时间', '标书发售时间', '公告内容', '招标人', '招标人地址', '招标人联系人', '招标人联系方式', '招标代理机构', '招标代理机构地址', '招标代理机构联系人', '招标代理机构联系方式', '监督部门', '监督部门联系方式'] ← https://prec.sxzwfw.gov.cn/jyxxgczb/1072384.jhtml
  [GET失败1/5] ConnectionError: ('Connection aborted.', ConnectionResetError(104, 'Connection reset by peer')) | https://prec.sxzwfw.gov.cn/jyxxgczb/1072384.jhtml
  [PDF公告] 发现PDF: https://ggzyjyzx.yuncheng.gov.cn:8083/upload/wj/2c9f80959f274add019f3fa6413e2d50.pdf
  [PDF] 下载: https://ggzyjyzx.yuncheng.gov.cn:8083/upload/wj/2c9f80959f274add019f3fa6413e2d50.pdf
  [GET失败1/5] ReadTimeout: HTTPSConnectionPool(host='ggzyjyzx.yuncheng.gov.cn', port=8083): Read timed out. (read timeout=15) | https://ggzyjyzx.yuncheng.gov.cn:8083/upload/wj/2c9f80959f274add019f3fa6413e2d50.pdf
  [PDF] 直接提取文字成功，长度=1944
    ✓ 开标时间: 2026 年 7 月 30 日 09 时 00 分
    ✓ 标书发售时间: 2026年7月9日00时00分起至 2026年7月15日23时59分止
    ✓ 公告内容: 西塬湖水库（硝池滩）水生态修复综合治理项目设计招标公告 （招标编号：2026GC010701） 招标项目所在地区： 运城市盐湖区 一、招标条件 本西塬湖水库（硝
    ✓ 招标人: 运城市生态环境局盐湖分局
    ✓ 招标人地址: 山西省运城市盐湖区红旗东街3952号奥阳大厦
    ✓ 招标人联系人: 董先生
    ✓ 招标人联系方式: 18935097775
    ✓ 招标代理机构: 山西中鑫海工程项目管理有限公司
    ✓ 招标代理机构地址: 山西省运城市盐湖区人民南路华曦广场城央首府C-1-901
    ✓ 招标代理机构联系人: 王女士
    ✓ 招标代理机构联系方式: 15535909696
    ✓ 监督部门: 运城市盐湖区住房和城乡建设局
    ✓ 监督部门联系方式: 0359-2360628
  [北门滩水环境综合整治项目设计] AI补字段 ['开标时间', '标书发售时间', '公告内容', '招标人', '招标人地址', '招标人联系人', '招标人联系方式', '招标代理机构', '招标代理机构地址', '招标代理机构联系人', '招标代理机构联系方式', '监督部门', '监督部门联系方式'] ← https://prec.sxzwfw.gov.cn/jyxxgczb/1072382.jhtml
  [PDF公告] 发现PDF: https://ggzyjyzx.yuncheng.gov.cn:8083/upload/wj/2c9f80959f274add019f3c04da442815.pdf
  [PDF] 下载: https://ggzyjyzx.yuncheng.gov.cn:8083/upload/wj/2c9f80959f274add019f3c04da442815.pdf
  [PDF] 直接提取文字成功，长度=1911
    ✓ 开标时间: 2026 年 7 月 30 日 9:00:00
    ✓ 标书发售时间: 2026年7月9日00时00分起至 2026年7月15日23时59分止
    ✓ 公告内容: 北门滩水环境综合整治项目设计招标公告 （招标编号：2026GC010700） 招标项目所在地区： 运城市盐湖区 一、招标条件 本北门滩水环境综合整治项目设计（招
    ✓ 招标人: 运城市生态环境局盐湖分局
    ✓ 招标人地址: 山西省运城市盐湖区红旗东街3952号奥阳大厦
    ✓ 招标人联系人: 董先生
    ✓ 招标人联系方式: 18935097775
    ✓ 招标代理机构: 山西中鑫海工程项目管理有限公司
    ✓ 招标代理机构地址: 山西省运城市盐湖区人民南路华曦广场城央首府C-1-901
    ✓ 招标代理机构联系人: 王女士
    ✓ 招标代理机构联系方式: 15535909696
    ✓ 监督部门: 运城市盐湖区住房和城乡建设局
    ✓ 监督部门联系方式: 0359-2360628
  [吕梁市新城北川河治理工程二期工程2标段末端新旧河道连接工程施工项目] AI补字段 ['标书发售时间', '招标人', '招标人地址', '招标人联系人', '招标人联系方式', '招标代理机构', '招标代理机构地址', '招标代理机构联系人', '招标代理机构联系方式'] ← https://prec.sxzwfw.gov.cn/jyxxgczb/1072361.jhtml
    ✓ 标书发售时间: 2026年07月08日18时00分至2026年07月29日10时00分
    ✓ 招标人: 吕梁市新城两山防洪指挥部
    ✓ 招标人地址: 吕梁市离石区滨河北西路1号
    ✓ 招标人联系人: 付先生
    ✓ 招标人联系方式: 13935813347
    ✓ 招标代理机构: 山西鼎盛源项目管理有限责任公司
    ✓ 招标代理机构地址: 吕梁市离石区凤山街道文丰路69号（乔家沟八巷正对面）
    ✓ 招标代理机构联系人: 薛女士
    ✓ 招标代理机构联系方式: 13233589799
  [太原市易涝积水点周边收水设施更新改造项目施工项目] AI补字段 ['开标时间'] ← https://prec.sxzwfw.gov.cn/jyxxgczb/1072343.jhtml
    [AI] JSON解析失败(第1次): Invalid \escape: line 8 column 802 (char 1006) | 原始: {
  "项目名称": "太原项目易涝积水点周边收水设施更新改造项目施工项目",
  "开标时间": "2026-07-20 09:30:00",
  "标书发售时间": "2026-07-08 18
    ✓ 开标时间: 2026-07-20 09:30:00
  [河西镇河西村蔬菜园区项目] AI补字段 ['标书发售时间', '监督部门'] ← https://prec.sxzwfw.gov.cn/jyxxgczb/1072299.jhtml
    ✓ 标书发售时间: 2026年7月8日12时00分至2026年7月13日12时00分
    ✓ 监督部门: 高平市农业农村局
  [吕梁医疗卫生园区周边环路新增挡墙项目施工] AI补字段 ['开标时间', '标书发售时间'] ← https://prec.sxzwfw.gov.cn/jyxxgczb/1072285.jhtml
    ✓ 开标时间: 2026年7月30日10时00分
    ✓ 标书发售时间: 2026年7月8日17时00分至2026年7月30日10时00分
  [武乡县分水岭乡石盘村以工代赈河道治理综合项目施工] AI补字段 ['标书发售时间', '招标人', '招标人地址', '招标人联系人', '招标人联系方式', '招标代理机构', '招标代理机构地址', '招标代理机构联系人', '招标代理机构联系方式', '监督部门'] ← https://prec.sxzwfw.gov.cn/jyxxgczb/1072277.jhtml
    ✓ 标书发售时间: 2026年07月08日至2026年07月30日09时30分
    ✓ 招标人: 武乡县分水岭乡人民政府
    ✓ 招标人地址: 武乡县分水岭乡分水岭村
    ✓ 招标人联系人: 王先生
    ✓ 招标人联系方式: 0355-6368005
    ✓ 招标代理机构: 山西昌源工程项目管理有限公司
    ✓ 招标代理机构地址: 长治市潞州区英雄南路锦绣司马小区112号商铺二楼
    ✓ 招标代理机构联系人: 王女士
    ✓ 招标代理机构联系方式: 0355-3508890
    ✓ 监督部门: 山西省武乡县水利局
  [阳曲县2025年“千万工程”精品示范村建设项目施工一标段项目] AI补字段 ['开标时间'] ← https://prec.sxzwfw.gov.cn/jyxxgczb/1072258.jhtml
    ✓ 开标时间: 2026-07-22 09:30:00
  [郑庄区块阳城片区与蓝焰公司合作区煤层气试采项目（侯甲龙湾合作区东南部煤层气开发项目）龙湾增压站新建工程设备购置] AI补字段 ['招标人联系方式', '招标代理机构', '招标代理机构地址', '招标代理机构联系人', '招标代理机构联系方式'] ← https://prec.sxzwfw.gov.cn/jyxxgczb/1072221.jhtml
    ✓ 招标人联系方式: 山西蓝焰控股股份有限公司，地址：山西转型综合改革示范区学府产业园中心街6号，联系人：常先生
    ✗ 招标代理机构: AI未提取
    ✗ 招标代理机构地址: AI未提取
    ✗ 招标代理机构联系人: AI未提取
    ✗ 招标代理机构联系方式: AI未提取
  [陵川县秦家庄至司家河公路改造工程] AI补字段 ['招标人', '招标人地址', '招标人联系人', '招标人联系方式', '招标代理机构', '招标代理机构地址', '招标代理机构联系人', '招标代理机构联系方式'] ← https://prec.sxzwfw.gov.cn/jyxxgczb/1065887.jhtml
    ✓ 招标人: 陵川县交通事业发展中心
    ✗ 招标人地址: AI未提取
    ✗ 招标人联系人: AI未提取
    ✗ 招标人联系方式: AI未提取
    ✗ 招标代理机构: AI未提取
    ✗ 招标代理机构地址: AI未提取
    ✗ 招标代理机构联系人: AI未提取
    ✗ 招标代理机构联系方式: AI未提取
  [临猗县城区雨污分流改造项目（一期）南环路雨污分流改造监理] AI补字段 ['开标时间', '标书发售时间', '公告内容', '招标人', '招标人地址', '招标人联系人', '招标人联系方式', '招标代理机构', '招标代理机构地址', '招标代理机构联系人', '招标代理机构联系方式'] ← https://prec.sxzwfw.gov.cn/jyxxgczb/1065463.jhtml
  [GET失败1/5] ReadTimeout: HTTPSConnectionPool(host='prec.sxzwfw.gov.cn', port=443): Read timed out. (read timeout=15) | https://prec.sxzwfw.gov.cn/jyxxgczb/1065463.jhtml
  [PDF公告] 发现PDF: https://ggzyjyzx.yuncheng.gov.cn:8083/upload/wj/2c9f80959ec96301019ecf75cf8410f6.pdf
  [PDF] 下载: https://ggzyjyzx.yuncheng.gov.cn:8083/upload/wj/2c9f80959ec96301019ecf75cf8410f6.pdf
  [PDF] 直接提取文字成功，长度=2006
    ✓ 开标时间: 2026 年7 月8 日09 时00 分（北京时间）
    ✓ 标书发售时间: 2026 年6 月17 日08 时00 分至2026 年6 月23 日18 时00 分
    ✓ 公告内容: 临猗县城区雨污分流改造项目（一期）南环路雨污分流改造监理 招标公告 （项目编号：2026GC010562） 招标项目所在地区：运城市临猗县 一、招标条件 本临猗
    ✓ 招标人: 临猗县市政公用服务中心
    ✓ 招标人地址: 临猗县双塔南路1190 号
    ✓ 招标人联系人: 谢先生
    ✓ 招标人联系方式: 13835929284
    ✓ 招标代理机构: 中鼎誉润工程咨询有限公司
    ✓ 招标代理机构地址: 运城市红旗东街盐湖城小区
    ✓ 招标代理机构联系人: 张女士
    ✓ 招标代理机构联系方式: 0359-8333353
  [稷山县汾北城乡一体化供水工程监理二次] AI补字段 ['开标时间', '标书发售时间', '公告内容', '招标人', '招标人地址', '招标人联系人', '招标人联系方式', '招标代理机构', '招标代理机构地址', '招标代理机构联系人', '招标代理机构联系方式'] ← https://prec.sxzwfw.gov.cn/jyxxgczb/1064946.jhtml
  [GET失败1/5] ReadTimeout: HTTPSConnectionPool(host='prec.sxzwfw.gov.cn', port=443): Read timed out. (read timeout=15) | https://prec.sxzwfw.gov.cn/jyxxgczb/1064946.jhtml
  [PDF公告] 发现PDF: https://ggzyjyzx.yuncheng.gov.cn:8083/upload/wj/2c9f80959ec8c02f019ec905977300ce.pdf
  [PDF] 下载: https://ggzyjyzx.yuncheng.gov.cn:8083/upload/wj/2c9f80959ec8c02f019ec905977300ce.pdf
  [GET失败1/5] ConnectionError: ('Connection aborted.', ConnectionResetError(104, 'Connection reset by peer')) | https://ggzyjyzx.yuncheng.gov.cn:8083/upload/wj/2c9f80959ec8c02f019ec905977300ce.pdf
  [PDF] 直接提取文字成功，长度=1737
    [AI] JSON解析失败(第1次): Expecting ',' delimiter: line 9 column 16 (char 1983) | 原始: {
  "开标时间": "2026 年7 月7 日9 时00 分",
  "标书发售时间": "2026 年 6 月 15 日 17 时 00 分至 2026 年 6 月 23 日 17 时 00 分
    ✓ 开标时间: 2026 年7 月7 日9 时00 分
    ✓ 标书发售时间: 2026 年 6 月 15 日 17 时 00 分至 2026 年 6 月 23 日 17 时 00 分
    ✓ 公告内容: 稷山县汾北城乡一体化供水工程监理二次 招标公告 （招标项目编号：2026GC010465） 招标项目所在地区:运城市 稷山县 一、招标条件 本稷山县汾北城乡一体
    ✓ 招标人: 稷山县水利局
    ✓ 招标人地址: 稷山县稷王南路7 号
    ✓ 招标人联系人: 赵先生
    ✓ 招标人联系方式: 13293993113
    ✓ 招标代理机构: 山西渊诚工程管理有限公司
    ✓ 招标代理机构地址: 运城市盐湖区解放路与老西街交汇处南5050 米
    ✓ 招标代理机构联系人: 薛先生
    ✓ 招标代理机构联系方式: 13620691422
  [新绛经济技术开发区地下水污染风险管控与修复项目设计] AI补字段 ['开标时间', '标书发售时间', '公告内容', '招标人', '招标人地址', '招标人联系人', '招标人联系方式', '招标代理机构', '招标代理机构地址', '招标代理机构联系人', '招标代理机构联系方式'] ← https://prec.sxzwfw.gov.cn/jyxxgczb/1065310.jhtml
  [GET失败1/5] ConnectionError: ('Connection aborted.', ConnectionResetError(104, 'Connection reset by peer')) | https://prec.sxzwfw.gov.cn/jyxxgczb/1065310.jhtml
  [GET失败2/5] ReadTimeout: HTTPSConnectionPool(host='prec.sxzwfw.gov.cn', port=443): Read timed out. (read timeout=15) | https://prec.sxzwfw.gov.cn/jyxxgczb/1065310.jhtml
  [PDF公告] 发现PDF: https://ggzyjyzx.yuncheng.gov.cn:8083/upload/wj/2c9f80959ec96301019ecdf876b3041b.pdf
  [PDF] 下载: https://ggzyjyzx.yuncheng.gov.cn:8083/upload/wj/2c9f80959ec96301019ecdf876b3041b.pdf
  [PDF] 直接提取文字成功，长度=2099
    ✓ 开标时间: 2026年7月8日09时00分
    ✓ 标书发售时间: 2026年6月17日08时00分至2026年6月24日18时00分
    ✓ 公告内容: 新绛经济技术开发区地下水污染风险管控与修复项目设计 招标公告 （招标编号：2026GC010588 ） 招标项目所在地区：运城市新绛县 一、招标条件 本招标项目
    ✓ 招标人: 新绛经济技术开发区管理委员会
    ✓ 招标人地址: 山西省新绛县城北临夏县5公里
    ✓ 招标人联系人: 邱先生
    ✓ 招标人联系方式: 0359-2366085
    ✓ 招标代理机构: 山西泽林工程项目管理有限公司
    ✓ 招标代理机构地址: 山西省运城市盐湖区禹西路1569 号金华国际大厦23 层
    ✓ 招标代理机构联系人: 黄女士
    ✓ 招标代理机构联系方式: 13620699079
  [山西朔州山阴兰花口前煤业有限公司11号煤层开采项目监理] AI补字段 ['标书发售时间'] ← https://prec.sxzwfw.gov.cn/jyxxgczb/1065644.jhtml
  [GET失败1/5] ConnectionError: ('Connection aborted.', RemoteDisconnected('Remote end closed connection without response')) | https://prec.sxzwfw.gov.cn/jyxxgczb/1065644.jhtml
    ✓ 标书发售时间: 2026年06月17日17时00分至2026年06月25日17时00分
  [山西省储备粮（阳曲）直属库有限责任公司粮食绿色仓储提升项目施工] AI补字段 ['开标时间', '招标代理机构联系人', '监督部门'] ← https://prec.sxzwfw.gov.cn/jyxxgczb/1061349.jhtml
  [GET失败1/5] ReadTimeout: HTTPSConnectionPool(host='prec.sxzwfw.gov.cn', port=443): Read timed out. (read timeout=15) | https://prec.sxzwfw.gov.cn/jyxxgczb/1061349.jhtml
  [GET失败2/5] ConnectionError: ('Connection aborted.', ConnectionResetError(104, 'Connection reset by peer')) | https://prec.sxzwfw.gov.cn/jyxxgczb/1061349.jhtml
  [GET失败3/5] ReadTimeout: HTTPSConnectionPool(host='prec.sxzwfw.gov.cn', port=443): Read timed out. (read timeout=15) | https://prec.sxzwfw.gov.cn/jyxxgczb/1061349.jhtml
    ✓ 开标时间: 2026年06月16日09时30分
    ✓ 招标代理机构联系人: 郑小雪
    ✓ 监督部门: 阳曲县住房和城乡建设管理局
  [清徐县城乡供水一体化工程(一期)施工水表井采购] AI补字段 ['招标代理机构', '招标代理机构地址', '招标代理机构联系人', '招标代理机构联系方式'] ← https://prec.sxzwfw.gov.cn/jyxxgczb/1064902.jhtml
  [GET失败1/5] ReadTimeout: HTTPSConnectionPool(host='prec.sxzwfw.gov.cn', port=443): Read timed out. (read timeout=15) | https://prec.sxzwfw.gov.cn/jyxxgczb/1064902.jhtml
    ✓ 招标代理机构: 山西泰昊工程技术咨询有限公司
    ✓ 招标代理机构地址: 太原市小店区亲贤北街368号水工大厦630室
    ✓ 招标代理机构联系人: 李旭升
    ✓ 招标代理机构联系方式: 15235170426
  [规划一路（龙城大街—龙城南街）和规划二路（龙城大街—龙城南街）建设工程施工] AI补字段 ['招标代理机构联系人'] ← https://prec.sxzwfw.gov.cn/jyxxgczb/1065549.jhtml
  [GET失败1/5] ReadTimeout: HTTPSConnectionPool(host='prec.sxzwfw.gov.cn', port=443): Read timed out. (read timeout=15) | https://prec.sxzwfw.gov.cn/jyxxgczb/1065549.jhtml
    ✓ 招标代理机构联系人: 赵超丰
  [吴家堡南北规划路（康兴街一吴家堡北街）建设工程施工] AI补字段 ['招标代理机构', '招标代理机构地址', '招标代理机构联系人', '招标代理机构联系方式'] ← https://prec.sxzwfw.gov.cn/jyxxgczb/1065545.jhtml
    ✓ 招标代理机构: 山西通九州工程项目管理有限公司
    ✓ 招标代理机构地址: 太原市小店区龙城南街98号富力尚悦居办公楼五层513室
    ✓ 招标代理机构联系人: 于海霞
    ✓ 招标代理机构联系方式: 13994237536
  [山西省黎城县佛崖底滑坡地质灾害治理项目工程施工] AI补字段 ['开标时间', '标书发售时间'] ← https://prec.sxzwfw.gov.cn/jyxxgczb/1065269.jhtml
  [GET失败1/5] ReadTimeout: HTTPSConnectionPool(host='prec.sxzwfw.gov.cn', port=443): Read timed out. (read timeout=15) | https://prec.sxzwfw.gov.cn/jyxxgczb/1065269.jhtml
    ✓ 开标时间: 2026年07月07日09时30分
    ✓ 标书发售时间: 2026年06月16日至2026年07月07日
  [中阳县南川河城区段生态综合治理和雨污管网更新改造项目EPC总承包其它 第一标段] AI补字段 ['监督部门联系方式'] ← https://prec.sxzwfw.gov.cn/jyxxgchxr/1072279.jhtml
    ✓ 监督部门联系方式: 0358-3398049
  [中阳县南川河城区段生态综合治理和雨污管网更新改造项目EPC总承包其它第二标段] AI补字段 ['监督部门联系方式'] ← https://prec.sxzwfw.gov.cn/jyxxgchxr/1072278.jhtml
  [GET失败1/5] ReadTimeout: HTTPSConnectionPool(host='prec.sxzwfw.gov.cn', port=443): Read timed out. (read timeout=15) | https://prec.sxzwfw.gov.cn/jyxxgchxr/1072278.jhtml
    ✓ 监督部门联系方式: 0358-3398049
  [运城市排洪通道（姚暹渠盐湖段）改造工程互通项目] AI补字段 ['开标时间', '标书发售时间', '公告内容', '招标人', '招标人地址', '招标人联系人', '招标人联系方式', '招标代理机构', '招标代理机构地址', '招标代理机构联系人', '招标代理机构联系方式'] ← https://prec.sxzwfw.gov.cn/jyxxgczb/1064767.jhtml
  [GET失败1/5] ConnectionError: ('Connection aborted.', ConnectionResetError(104, 'Connection reset by peer')) | https://prec.sxzwfw.gov.cn/jyxxgczb/1064767.jhtml
  [GET失败2/5] ConnectionError: ('Connection aborted.', ConnectionResetError(104, 'Connection reset by peer')) | https://prec.sxzwfw.gov.cn/jyxxgczb/1064767.jhtml
  [GET失败3/5] ReadTimeout: HTTPSConnectionPool(host='prec.sxzwfw.gov.cn', port=443): Read timed out. (read timeout=15) | https://prec.sxzwfw.gov.cn/jyxxgczb/1064767.jhtml
  [PDF公告] 发现PDF: https://ggzyjyzx.yuncheng.gov.cn:8083/upload/wj/2c9f80959e25d986019ec00a02b67264.pdf
  [PDF] 下载: https://ggzyjyzx.yuncheng.gov.cn:8083/upload/wj/2c9f80959e25d986019ec00a02b67264.pdf
  [PDF] 直接提取文字成功，长度=2458
    ✓ 开标时间: 2026 年07 月07 日09 时00 分（北京时间）
    ✓ 标书发售时间: 2026 年06 月15 日08 时00 分至2026 年06 月22 日18 时00 分
    ✓ 公告内容: 运城市排洪通道（姚暹渠盐湖段）改造工程互通项目 招标公告 （项目编号：2026GC010582） 招标项目所在地区：运城市盐湖区 一、招标条件 运城市排洪通道（
    ✓ 招标人: 运城市盐湖区水务局
    ✓ 招标人地址: 盐湖区解放北路益农园约90 米
    ✓ 招标人联系人: 李先生
    ✓ 招标人联系方式: 0359-8605001
    ✓ 招标代理机构: 山西沐泓工程项目管理有限公司
    ✓ 招标代理机构地址: 运城市盐湖区铺安街天泰文化苑北区D 幢三单元2101 室
    ✓ 招标代理机构联系人: 王女士
    ✓ 招标代理机构联系方式: 0359-2226128/15364842299
  [运城经济技术开发区电子产业园1#2#标准厂房提升改造工程三次] AI补字段 ['开标时间', '标书发售时间', '公告内容', '招标人', '招标人地址', '招标人联系人', '招标人联系方式', '招标代理机构', '招标代理机构地址', '招标代理机构联系人', '招标代理机构联系方式'] ← https://prec.sxzwfw.gov.cn/jyxxgczb/1063958.jhtml
  [GET失败1/5] ConnectionError: ('Connection aborted.', ConnectionResetError(104, 'Connection reset by peer')) | https://prec.sxzwfw.gov.cn/jyxxgczb/1063958.jhtml
  [PDF公告] 发现PDF: https://ggzyjyzx.yuncheng.gov.cn:8083/upload/wj/2c9f80959e25d986019eb4ce2fb93d22.pdf
  [PDF] 下载: https://ggzyjyzx.yuncheng.gov.cn:8083/upload/wj/2c9f80959e25d986019eb4ce2fb93d22.pdf
  [GET失败1/5] ConnectionError: ('Connection aborted.', ConnectionResetError(104, 'Connection reset by peer')) | https://ggzyjyzx.yuncheng.gov.cn:8083/upload/wj/2c9f80959e25d986019eb4ce2fb93d22.pdf
  [PDF] 直接提取文字成功，长度=1921
    ✓ 开标时间: 2026 年07 月07 日09 时00 分
    ✓ 标书发售时间: 2026 年06 月12 日08 时00 分至2026 年06 月18 日18 时00 分
    ✓ 公告内容: 运城经济技术开发区电子产业园1#2#标准厂房提升改造工程三次 招标公告 （项目编号：2026GC010333） 招标项目所在地区：运城经济技术开发区 一、招标条
    ✓ 招标人: 运城经济开发区新城置业有限公司
    ✓ 招标人地址: 运城经济技术开发区军屯街以南、安东路以西、纬四路以北（公租房 项目综合楼5 楼）
    ✓ 招标人联系人: 刘先生
    ✓ 招标人联系方式: 0359-2560299
    ✓ 招标代理机构: 山西诚赢天下工程项目管理有限公司
    ✓ 招标代理机构地址: 山西省运城市盐湖区红旗东街金水湾1 号楼21 层
    ✓ 招标代理机构联系人: 张先生
    ✓ 招标代理机构联系方式: 0359-8333373
  [万荣县2026年农村公路建设工程（汉池至汉薛等4条路）] AI补字段 ['开标时间', '标书发售时间', '公告内容', '招标人', '招标人地址', '招标人联系人', '招标人联系方式', '招标代理机构', '招标代理机构地址', '招标代理机构联系人', '招标代理机构联系方式', '监督部门'] ← https://prec.sxzwfw.gov.cn/jyxxgczb/1064564.jhtml
  [PDF公告] 发现PDF: https://ggzyjyzx.yuncheng.gov.cn:8083/upload/wj/2c9f80959e25d986019ebb235969618c.pdf
  [PDF] 下载: https://ggzyjyzx.yuncheng.gov.cn:8083/upload/wj/2c9f80959e25d986019ebb235969618c.pdf
  [PDF] 直接提取文字成功，长度=3201
    ✓ 开标时间: 2026年7月7日09时00分
    ✓ 标书发售时间: 2026年6月15日00时00分起至2026年6月20日00时00分止
    ✓ 公告内容: 万荣县2026 年农村公路建设工程（汉池至汉薛等4 条路）招标公告 （招标编号：2026GC010576） 招标项目所在地区：运城市万荣县 一、招标条件 本万荣
    ✓ 招标人: 万荣县交通运输局
    ✓ 招标人地址: 万荣县城五一东街
    ✓ 招标人联系人: 王先生
    ✓ 招标人联系方式: 15935990567
    ✓ 招标代理机构: 山西三源工程项目管理有限公司
    ✓ 招标代理机构地址: 运城市盐湖区红旗东街康乐苑临街办公楼1 栋2 单元301 室
    ✓ 招标代理机构联系人: 崔先生
    ✓ 招标代理机构联系方式: 0359-2507779、18634834446
    ✓ 监督部门: 运城市交通运输局
  [长治市体育路(捉马大街-漳泽东街)道路建设工程施工] AI补字段 ['标书发售时间', '招标人', '招标人地址', '招标人联系人', '招标人联系方式', '招标代理机构', '招标代理机构地址', '招标代理机构联系人', '招标代理机构联系方式'] ← https://prec.sxzwfw.gov.cn/jyxxgczb/1065385.jhtml
    ✓ 标书发售时间: 2026年6月16日至2026年7月7日(北京时间)
    ✓ 招标人: 长治市市政建设中心
    ✓ 招标人地址: 长治市太行西街36号
    ✓ 招标人联系人: 王女士
    ✓ 招标人联系方式: 0355-5829645
    ✓ 招标代理机构: 山西卓元博盛建设工程项目管理有限公司
    ✓ 招标代理机构地址: 长治市保宁门西街309号世纪城第一座807号
    ✓ 招标代理机构联系人: 陈女士
    ✓ 招标代理机构联系方式: 18235546118
[AI报告] → /home/intsig/zwx/shanxi/log/20260708_ai_report.log
  AI补全完成：204 个字段
  AI调用统计：共 76 次
  输入 tokens : 107,939
  输出 tokens : 29,226
  合计 tokens : 137,165
[自检] → /home/intsig/zwx/shanxi/log/20260708_check.log
[索引] → /home/intsig/zwx/shanxi/output/山西_index.txt

============================================================
完成！共 677 条记录 → /home/intsig/zwx/shanxi/output/山西.csv
自检日志 → /home/intsig/zwx/shanxi/log/20260708_check.log
AI报告   → /home/intsig/zwx/shanxi/log/20260708_ai_report.log
============================================================
============================================================
运行结束: 2026-07-08 23:50:38
============================================================
============================================================
开始运行山西爬虫: 2026-07-09 22:00:01
当前目录: /home/intsig/zwx/shanxi
Python: /home/vipuser/miniconda3/envs/myenv/bin/python
脚本: /home/intsig/zwx/shanxi/shanxi_regex_ai.py
============================================================
============================================================
山西省公共资源交易平台爬虫 v4.3（历史回填 + 自检 + AI兜底 + IP代理池）
时间: 2026-07-09 22:00:02
输出: /home/intsig/zwx/shanxi/output/山西.csv
============================================================
初始化 Session...
  [GET失败1/3] ConnectionError: ('Connection aborted.', ConnectionResetError(104, 'Connection reset by peer')) | https://prec.sxzwfw.gov.cn/jyxx/index.jhtml
Session 初始化成功
代理开关: True
代理池状态: {'available': 29, 'bad_total': 1, 'bad_unique': 1, 'api_calls_used': 1, 'api_calls_limit': 200, 'min_size': 8, 'default_num': 30, 'default_time': 5, 'default_port': 2, 'auto_refresh': True}
[CSV] 加载增量总表 677 行：/home/intsig/zwx/shanxi/output/山西.csv

===== 第一步：招标计划 =====
  [列表] channelId=198 第1页...
  [列表] 总条数=6，当前已获取=6
  [列表] 共 6 条

  [招标计划] 垣曲中学学生公寓楼建设项目
  [GET失败1/3] ReadTimeout: HTTPSConnectionPool(host='prec.sxzwfw.gov.cn', port=443): Read timed out. (read timeout=15) | https://prec.sxzwfw.gov.cn/jyxxzbjh/1072792.jhtml
  [GET失败2/3] ConnectionError: ('Connection aborted.', ConnectionResetError(104, 'Connection reset by peer')) | https://prec.sxzwfw.gov.cn/jyxxzbjh/1072792.jhtml
  → 新增

  [招标计划] 马沟片区林地改造提升项目
  [GET失败1/3] ConnectionError: ('Connection aborted.', ConnectionResetError(104, 'Connection reset by peer')) | https://prec.sxzwfw.gov.cn/jyxxzbjh/1072745.jhtml
  → 已存在，补充字段

  [招标计划] 城市花园商业更新项目
  → 新增

  [招标计划] 汾西县托幼建设项目
  [GET失败1/3] ConnectionError: ('Connection aborted.', ConnectionResetError(104, 'Connection reset by peer')) | https://prec.sxzwfw.gov.cn/jyxxzbjh/1072616.jhtml
  [GET失败2/3] ConnectionError: ('Connection aborted.', ConnectionResetError(104, 'Connection reset by peer')) | https://prec.sxzwfw.gov.cn/jyxxzbjh/1072616.jhtml
  → 新增

  [招标计划] 市府街南金沙路东，市府街南张辽路东、市府街南北关路西、古北街南居然之家北等21块地块新能源汽车充电桩建设项目招标计划变更
  [GET失败1/3] ConnectionError: ('Connection aborted.', ConnectionResetError(104, 'Connection reset by peer')) | https://prec.sxzwfw.gov.cn/jyxxzbjh/1072583.jhtml
  → 已存在，补充字段

  [招标计划] 市府街南金沙路东，市府街南张辽路东、市府街南北关路西、古北街南居然之家北等21块地块新能源汽车充电桩建设项目
  → 已存在，补充字段

===== 第二步：招标公告频道 =====
  [列表] channelId=12 第1页...
  [列表] 总条数=35，当前已获取=10
  [列表] channelId=12 第2页...
  [列表] 总条数=35，当前已获取=20
  [列表] channelId=12 第3页...
  [列表] 总条数=35，当前已获取=30
  [列表] channelId=12 第4页...
  [列表] 总条数=35，当前已获取=35
  [列表] 共 35 条

  [撤销公告] 平遥25处古城直管公房修缮工程招标
  [历史搜索] 平遥25处古城直管公房修缮工程招标
  [历史回填] 搜索项目：平遥25处古城直管公房修缮工程招标
    ✓ 历史招标公告
  [POST失败1/3] ConnectionError: ('Connection aborted.', ConnectionResetError(104, 'Connection reset by peer')) | https://prec.sxzwfw.gov.cn/queryContent-jyxx.jspx
  [POST失败2/3] ConnectionError: ('Connection aborted.', ConnectionResetError(104, 'Connection reset by peer')) | https://prec.sxzwfw.gov.cn/queryContent-jyxx.jspx
  [POST失败3/3] ConnectionError: ('Connection aborted.', ConnectionResetError(104, 'Connection reset by peer')) | https://prec.sxzwfw.gov.cn/queryContent-jyxx.jspx
  → upsert 完成：撤销公告

  [招标公告] 晋城市实验托育中心建设项目总承包
  [GET失败1/3] ReadTimeout: HTTPSConnectionPool(host='prec.sxzwfw.gov.cn', port=443): Read timed out. (read timeout=15) | https://prec.sxzwfw.gov.cn/jyxxgczb/1072838.jhtml
  [历史搜索] 晋城市实验托育中心建设项目总承包
  [历史回填] 搜索项目：晋城市实验托育中心建设项目总承包
    ✓ 历史招标公告
  [POST失败1/3] ProxyError: HTTPSConnectionPool(host='prec.sxzwfw.gov.cn', port=443): Max retries exceeded with url: /queryContent-jyxx.jspx (Caused by ProxyError('Unable to connect to proxy', OSError('Tunnel connection failed: 618 Internal Server Error'))) | https://prec.sxzwfw.gov.cn/queryContent-jyxx.jspx
  [POST失败1/3] ConnectionError: ('Connection aborted.', ConnectionResetError(104, 'Connection reset by peer')) | https://prec.sxzwfw.gov.cn/queryContent-jyxx.jspx
  → upsert 完成：招标公告

  [跳过-控制价] 物产片区现状路环境整治工程招标控制价

  [招标公告] 大同市平城区、云冈区供热设备设施更新改造项目
  [GET失败1/3] ConnectionError: ('Connection aborted.', RemoteDisconnected('Remote end closed connection without response')) | https://prec.sxzwfw.gov.cn/jyxxgczb/1072833.jhtml
  [历史搜索] 大同市平城区、云冈区供热设备设施更新改造项目
  [历史回填] 搜索项目：大同市平城区、云冈区供热设备设施更新改造项目
  [GET失败1/3] ConnectionError: ('Connection aborted.', RemoteDisconnected('Remote end closed connection without response')) | https://prec.sxzwfw.gov.cn/jyxxzbjh/972879.jhtml
    ✓ 历史招标计划
  [POST失败1/3] ConnectionError: ('Connection aborted.', RemoteDisconnected('Remote end closed connection without response')) | https://prec.sxzwfw.gov.cn/queryContent-jyxx.jspx
    ✓ 历史招标公告
  [POST失败1/3] ConnectionError: ('Connection aborted.', RemoteDisconnected('Remote end closed connection without response')) | https://prec.sxzwfw.gov.cn/queryContent-jyxx.jspx
  [POST失败2/3] ProxyError: HTTPSConnectionPool(host='prec.sxzwfw.gov.cn', port=443): Max retries exceeded with url: /queryContent-jyxx.jspx (Caused by ProxyError('Unable to connect to proxy', RemoteDisconnected('Remote end closed connection without response'))) | https://prec.sxzwfw.gov.cn/queryContent-jyxx.jspx
  [POST失败1/3] ProxyError: HTTPSConnectionPool(host='prec.sxzwfw.gov.cn', port=443): Max retries exceeded with url: /queryContent_2-jyxx.jspx (Caused by ProxyError('Unable to connect to proxy', OSError('Tunnel connection failed: 639 Internal Server Error'))) | https://prec.sxzwfw.gov.cn/queryContent_2-jyxx.jspx
    ✓ 历史候选人监督部门
  [POST失败1/3] ProxyError: HTTPSConnectionPool(host='prec.sxzwfw.gov.cn', port=443): Max retries exceeded with url: /queryContent_2-jyxx.jspx (Caused by ProxyError('Unable to connect to proxy', OSError('Tunnel connection failed: 407 Proxy Authentication Required'))) | https://prec.sxzwfw.gov.cn/queryContent_2-jyxx.jspx
    ✓ 历史结果监督部门
  → upsert 完成：招标公告

  [招标公告] 平遥25处古城直管公房修缮工程
  [GET失败1/3] ConnectionError: ('Connection aborted.', RemoteDisconnected('Remote end closed connection without response')) | https://prec.sxzwfw.gov.cn/jyxxgczb/1072818.jhtml
  [GET失败2/3] ProxyError: HTTPSConnectionPool(host='prec.sxzwfw.gov.cn', port=443): Max retries exceeded with url: /jyxxgczb/1072818.jhtml (Caused by ProxyError('Unable to connect to proxy', OSError('Tunnel connection failed: 436 Proxy Authentication Failed'))) | https://prec.sxzwfw.gov.cn/jyxxgczb/1072818.jhtml
  [历史搜索] 平遥25处古城直管公房修缮工程
  [历史回填] 搜索项目：平遥25处古城直管公房修缮工程
  [POST失败1/3] ReadTimeout: HTTPSConnectionPool(host='prec.sxzwfw.gov.cn', port=443): Read timed out. (read timeout=18) | https://prec.sxzwfw.gov.cn/queryContent-jyxx.jspx
  [GET失败1/3] ReadTimeout: HTTPSConnectionPool(host='prec.sxzwfw.gov.cn', port=443): Read timed out. (read timeout=15) | https://prec.sxzwfw.gov.cn/jyxxzbjh/1065084.jhtml
  [GET失败2/3] ConnectionError: ('Connection aborted.', ConnectionResetError(104, 'Connection reset by peer')) | https://prec.sxzwfw.gov.cn/jyxxzbjh/1065084.jhtml
  [GET失败3/3] ConnectionError: ('Connection aborted.', ConnectionResetError(104, 'Connection reset by peer')) | https://prec.sxzwfw.gov.cn/jyxxzbjh/1065084.jhtml
    ✓ 历史招标计划
  [POST失败1/3] ConnectionError: ('Connection aborted.', ConnectionResetError(104, 'Connection reset by peer')) | https://prec.sxzwfw.gov.cn/queryContent-jyxx.jspx
    ✓ 历史招标公告
  → upsert 完成：招标公告

  [跳过-控制价] 2026年平城区“四好农村路”建设项目施工(1标段)招标控制价

  [招标公告] 大秦铁路股份有限公司临汾综合段白文、孟门、石楼、隰县、蒲县牵引变电所无人化改造工程建设单位管理甲供物资采购项目(1,2,3,
  [GET失败1/3] ProxyError: HTTPSConnectionPool(host='prec.sxzwfw.gov.cn', port=443): Max retries exceeded with url: /jyxxgczb/1072816.jhtml (Caused by ProxyError('Unable to connect to proxy', RemoteDisconnected('Remote end closed connection without response'))) | https://prec.sxzwfw.gov.cn/jyxxgczb/1072816.jhtml
  [GET失败2/3] ReadTimeout: HTTPSConnectionPool(host='prec.sxzwfw.gov.cn', port=443): Read timed out. (read timeout=15) | https://prec.sxzwfw.gov.cn/jyxxgczb/1072816.jhtml
  [历史搜索] 大秦铁路股份有限公司临汾综合段白文、孟门、石楼、隰县、蒲县牵引变电所无人化改造工程建设单位管理甲供物资采购项目(1,2,3,
  [历史回填] 搜索项目：大秦铁路股份有限公司临汾综合段白文、孟门、石楼、隰县、蒲县牵引变电所无人化改造工程建设单位管理甲供物资采购项目(1,2,3,
  [POST失败1/3] ConnectionError: ('Connection aborted.', ConnectionResetError(104, 'Connection reset by peer')) | https://prec.sxzwfw.gov.cn/queryContent-jyxx.jspx
    ✓ 历史招标公告
  [POST失败1/3] ConnectionError: ('Connection aborted.', RemoteDisconnected('Remote end closed connection without response')) | https://prec.sxzwfw.gov.cn/queryContent-jyxx.jspx
  → upsert 完成：招标公告

  [招标公告] 晋城市实验幼儿园建设项目总承包
  [历史搜索] 晋城市实验幼儿园建设项目总承包
  [历史回填] 搜索项目：晋城市实验幼儿园建设项目总承包
  [POST失败1/3] ProxyError: HTTPSConnectionPool(host='prec.sxzwfw.gov.cn', port=443): Max retries exceeded with url: /queryContent-jyxx.jspx (Caused by ProxyError('Unable to connect to proxy', OSError('Tunnel connection failed: 618 Internal Server Error'))) | https://prec.sxzwfw.gov.cn/queryContent-jyxx.jspx
  [POST失败2/3] ConnectionError: ('Connection aborted.', ConnectionResetError(104, 'Connection reset by peer')) | https://prec.sxzwfw.gov.cn/queryContent-jyxx.jspx
    ✓ 历史招标公告
  [POST失败1/3] ReadTimeout: HTTPSConnectionPool(host='prec.sxzwfw.gov.cn', port=443): Read timed out. (read timeout=18) | https://prec.sxzwfw.gov.cn/queryContent-jyxx.jspx
  [POST失败2/3] ConnectionError: ('Connection aborted.', RemoteDisconnected('Remote end closed connection without response')) | https://prec.sxzwfw.gov.cn/queryContent-jyxx.jspx
  → upsert 完成：招标公告

  [招标公告] 南大里区域养老服务中心项目(消防工程)
  [历史搜索] 南大里区域养老服务中心项目(消防工程)
  [历史回填] 搜索项目：南大里区域养老服务中心项目(消防工程)
    ✓ 历史招标公告
  [POST失败1/3] ConnectionError: ('Connection aborted.', ConnectionResetError(104, 'Connection reset by peer')) | https://prec.sxzwfw.gov.cn/queryContent-jyxx.jspx
  → upsert 完成：招标公告

  [跳过-控制价] 运城市集中供热区域联网工程安邑东路（河东街至市人民医院段）一次网施工招标控制价

  [招标公告] 杏花岭区公办托育综合服务中心项目太原市口腔医院装饰装修施工项目
  [历史搜索] 杏花岭区公办托育综合服务中心项目太原市口腔医院装饰装修施工项目
  [历史回填] 搜索项目：杏花岭区公办托育综合服务中心项目太原市口腔医院装饰装修施工项目
  [POST失败1/3] ReadTimeout: HTTPSConnectionPool(host='prec.sxzwfw.gov.cn', port=443): Read timed out. (read timeout=18) | https://prec.sxzwfw.gov.cn/queryContent-jyxx.jspx
  [GET失败1/3] ConnectionError: ('Connection aborted.', ConnectionResetError(104, 'Connection reset by peer')) | https://prec.sxzwfw.gov.cn/jyxxgczb/1072780.jhtml
  [GET失败2/3] ReadTimeout: HTTPSConnectionPool(host='prec.sxzwfw.gov.cn', port=443): Read timed out. (read timeout=15) | https://prec.sxzwfw.gov.cn/jyxxgczb/1072780.jhtml
  [GET失败3/3] ProxyError: HTTPSConnectionPool(host='prec.sxzwfw.gov.cn', port=443): Max retries exceeded with url: /jyxxgczb/1072780.jhtml (Caused by ProxyError('Unable to connect to proxy', OSError('Tunnel connection failed: 435 Proxy Authentication Failed'))) | https://prec.sxzwfw.gov.cn/jyxxgczb/1072780.jhtml
    ✓ 历史招标公告
  → upsert 完成：招标公告

  [未知公告] 杏花岭区公办托育综合服务中心项目太原市口腔医院装饰装修施工项目(1标段)最高投标限价
  [历史搜索] 杏花岭区公办托育综合服务中心项目太原市口腔医院装饰装修施工项目(1标段)最高投标限价
  [历史回填] 搜索项目：杏花岭区公办托育综合服务中心项目太原市口腔医院装饰装修施工项目(1标段)最高投标限价
  [POST失败1/3] ProxyError: HTTPSConnectionPool(host='prec.sxzwfw.gov.cn', port=443): Max retries exceeded with url: /queryContent-jyxx.jspx (Caused by ProxyError('Unable to connect to proxy', OSError('Tunnel connection failed: 436 Proxy Authentication Failed'))) | https://prec.sxzwfw.gov.cn/queryContent-jyxx.jspx
  → upsert 完成：未知公告

  [未知公告] 2026年太原市热力集团有限责任公司更新改造和维修工程所需双面螺旋埋弧焊接钢管、无缝钢管采购及服务第二标段项目(1标段)最高投标限价
  [历史搜索] 2026年太原市热力集团有限责任公司更新改造和维修工程所需双面螺旋埋弧焊接钢管、无缝钢管采购及服务第二标段项目(1标段)最高投标限价
  [历史回填] 搜索项目：2026年太原市热力集团有限责任公司更新改造和维修工程所需双面螺旋埋弧焊接钢管、无缝钢管采购及服务第二标段项目(1标段)最高投标限价
  [POST失败1/3] ProxyError: HTTPSConnectionPool(host='prec.sxzwfw.gov.cn', port=443): Max retries exceeded with url: /queryContent-jyxx.jspx (Caused by ProxyError('Unable to connect to proxy', OSError('Tunnel connection failed: 407 Proxy Authentication Required'))) | https://prec.sxzwfw.gov.cn/queryContent-jyxx.jspx
  [POST失败2/3] ReadTimeout: HTTPSConnectionPool(host='prec.sxzwfw.gov.cn', port=443): Read timed out. (read timeout=18) | https://prec.sxzwfw.gov.cn/queryContent-jyxx.jspx
  [POST失败1/3] ReadTimeout: HTTPSConnectionPool(host='prec.sxzwfw.gov.cn', port=443): Read timed out. (read timeout=18) | https://prec.sxzwfw.gov.cn/queryContent-jyxx.jspx
  [POST失败2/3] ReadTimeout: HTTPSConnectionPool(host='prec.sxzwfw.gov.cn', port=443): Read timed out. (read timeout=18) | https://prec.sxzwfw.gov.cn/queryContent-jyxx.jspx
  [POST失败1/3] ProxyError: HTTPSConnectionPool(host='prec.sxzwfw.gov.cn', port=443): Max retries exceeded with url: /queryContent-jyxx.jspx (Caused by ProxyError('Unable to connect to proxy', OSError('Tunnel connection failed: 435 Proxy Authentication Failed'))) | https://prec.sxzwfw.gov.cn/queryContent-jyxx.jspx
  → upsert 完成：未知公告

  [招标公告] 2026年太原市热力集团有限责任公司更新改造和维修工程所需双面螺旋埋弧焊接钢管、无缝钢管采购及服务第二标段项目
  [历史搜索] 2026年太原市热力集团有限责任公司更新改造和维修工程所需双面螺旋埋弧焊接钢管、无缝钢管采购及服务第二标段项目
  [历史回填] 搜索项目：2026年太原市热力集团有限责任公司更新改造和维修工程所需双面螺旋埋弧焊接钢管、无缝钢管采购及服务第二标段项目
    ✓ 历史招标公告
  → upsert 完成：招标公告

  [招标公告] 长治市长北污水处理厂设备更新及水质提升工程项目一、二号变电站改造、新建变电站电器设备采购
  [历史搜索] 长治市长北污水处理厂设备更新及水质提升工程项目一、二号变电站改造、新建变电站电器设备采购
  [历史回填] 搜索项目：长治市长北污水处理厂设备更新及水质提升工程项目一、二号变电站改造、新建变电站电器设备采购
  [POST失败1/3] ReadTimeout: HTTPSConnectionPool(host='prec.sxzwfw.gov.cn', port=443): Read timed out. (read timeout=18) | https://prec.sxzwfw.gov.cn/queryContent-jyxx.jspx
    ✓ 历史招标公告
  → upsert 完成：招标公告

  [招标公告] 运城市集中供热区域联网工程安邑东路（河东街至市人民医院段）一次网施工
  [历史搜索] 运城市集中供热区域联网工程安邑东路（河东街至市人民医院段）一次网施工
  [历史回填] 搜索项目：运城市集中供热区域联网工程安邑东路（河东街至市人民医院段）一次网施工
  [POST失败1/3] ReadTimeout: HTTPSConnectionPool(host='prec.sxzwfw.gov.cn', port=443): Read timed out. (read timeout=18) | https://prec.sxzwfw.gov.cn/queryContent-jyxx.jspx
  [GET失败1/3] ReadTimeout: HTTPSConnectionPool(host='prec.sxzwfw.gov.cn', port=443): Read timed out. (read timeout=15) | https://prec.sxzwfw.gov.cn/jyxxgczb/1072758.jhtml
    ✓ 历史招标公告
  [POST失败1/3] ConnectionError: ('Connection aborted.', ConnectionResetError(104, 'Connection reset by peer')) | https://prec.sxzwfw.gov.cn/queryContent-jyxx.jspx
  → upsert 完成：招标公告

  [招标公告] 2026年太原市热力集团有限责任公司更新改造和维修工程所需双面螺旋埋弧焊接钢管、无缝钢管采购及服务第一标段项目
  [历史搜索] 2026年太原市热力集团有限责任公司更新改造和维修工程所需双面螺旋埋弧焊接钢管、无缝钢管采购及服务第一标段项目
  [历史回填] 搜索项目：2026年太原市热力集团有限责任公司更新改造和维修工程所需双面螺旋埋弧焊接钢管、无缝钢管采购及服务第一标段项目
  [POST失败1/3] ConnectionError: ('Connection aborted.', RemoteDisconnected('Remote end closed connection without response')) | https://prec.sxzwfw.gov.cn/queryContent-jyxx.jspx
    ✓ 历史招标公告
  [POST失败1/3] ReadTimeout: HTTPSConnectionPool(host='prec.sxzwfw.gov.cn', port=443): Read timed out. (read timeout=18) | https://prec.sxzwfw.gov.cn/queryContent-jyxx.jspx
  → upsert 完成：招标公告

  [未知公告] 2026年太原市热力集团有限责任公司更新改造和维修工程所需双面螺旋埋弧焊接钢管、无缝钢管采购及服务第一标段项目(1标段)最高投标限价
  [历史搜索] 2026年太原市热力集团有限责任公司更新改造和维修工程所需双面螺旋埋弧焊接钢管、无缝钢管采购及服务第一标段项目(1标段)最高投标限价
  [历史回填] 搜索项目：2026年太原市热力集团有限责任公司更新改造和维修工程所需双面螺旋埋弧焊接钢管、无缝钢管采购及服务第一标段项目(1标段)最高投标限价
  → upsert 完成：未知公告

  [招标公告] 省道213线（原省道225线）壶关过境段改建工程一、二标段施工项目第二标段
  [历史搜索] 省道213线（原省道225线）壶关过境段改建工程一、二标段施工项目第二标段
  [历史回填] 搜索项目：省道213线（原省道225线）壶关过境段改建工程一、二标段施工项目第二标段
    ✓ 历史招标公告
  → upsert 完成：招标公告

  [跳过-控制价] 省道213线（原省道225线）壶关过境段改建工程一、二标段施工项目第二标段二次招标控制价

  [招标公告] 特优农业提质增效隰县梨果新品种引进示范项目
  [历史搜索] 特优农业提质增效隰县梨果新品种引进示范项目
  [历史回填] 搜索项目：特优农业提质增效隰县梨果新品种引进示范项目
    ✓ 历史招标公告
  → upsert 完成：招标公告

  [招标公告] 夏县庙前镇、埝掌镇生活污水处理支管网工程（一至五标段）
  [历史搜索] 夏县庙前镇、埝掌镇生活污水处理支管网工程（一至五标段）
  [历史回填] 搜索项目：夏县庙前镇、埝掌镇生活污水处理支管网工程（一至五标段）
    ✓ 历史招标公告
  → upsert 完成：招标公告

  [招标公告] 山西省长治监狱迁建项目岩土工程.勘察
  [历史搜索] 山西省长治监狱迁建项目岩土工程.勘察
  [历史回填] 搜索项目：山西省长治监狱迁建项目岩土工程.勘察
    ✓ 历史招标公告
  → upsert 完成：招标公告

  [跳过-控制价] 山西省长治监狱迁建项目岩土工程.勘察二次招标控制价

  [招标公告] 2026年阳高县农村公路修复养护工程施工
  [历史搜索] 2026年阳高县农村公路修复养护工程施工
  [历史回填] 搜索项目：2026年阳高县农村公路修复养护工程施工
    ✓ 历史招标公告
  → upsert 完成：招标公告

  [招标公告] 山大附中晋源学校东侧规划路工程施工项目
  [历史搜索] 山大附中晋源学校东侧规划路工程施工项目
  [历史回填] 搜索项目：山大附中晋源学校东侧规划路工程施工项目
    ✓ 历史招标公告
  → upsert 完成：招标公告

  [未知公告] 山大附中晋源学校东侧规划路工程施工项目(1标段)最高投标限价
  [历史搜索] 山大附中晋源学校东侧规划路工程施工项目(1标段)最高投标限价
  [历史回填] 搜索项目：山大附中晋源学校东侧规划路工程施工项目(1标段)最高投标限价
  → upsert 完成：未知公告

  [招标公告] 太原市热力集团集中供热城市生命线安全工程所需配套设备采购及服务第三标段项目
  [历史搜索] 太原市热力集团集中供热城市生命线安全工程所需配套设备采购及服务第三标段项目
  [历史回填] 搜索项目：太原市热力集团集中供热城市生命线安全工程所需配套设备采购及服务第三标段项目
    ✓ 历史招标公告
  → upsert 完成：招标公告

  [未知公告] 太原市热力集团集中供热城市生命线安全工程所需配套设备采购及服务第三标段项目(1标段)最高投标限价
  [历史搜索] 太原市热力集团集中供热城市生命线安全工程所需配套设备采购及服务第三标段项目(1标段)最高投标限价
  [历史回填] 搜索项目：太原市热力集团集中供热城市生命线安全工程所需配套设备采购及服务第三标段项目(1标段)最高投标限价
  → upsert 完成：未知公告

  [招标公告] 云州区污水处理厂扩容工程设备材料（暂估价）采购
  [历史搜索] 云州区污水处理厂扩容工程设备材料（暂估价）采购
  [历史回填] 搜索项目：云州区污水处理厂扩容工程设备材料（暂估价）采购
    ✓ 历史招标计划
    ✓ 历史招标公告
  → upsert 完成：招标公告

  [跳过-控制价] 朔城区张辽北路片区、怡西路片区等7个片区集中供热改造及配套生命线工程全过程咨询服务(1标段)招标控制价

  [跳过-控制价] 长治市上党区2026年“美丽蓝天”煤改电项目施工招标控制价

  [招标公告] 田悦化肥分公司造粒成品冷却系统节能改造项目EPC总承包工程
  [历史搜索] 田悦化肥分公司造粒成品冷却系统节能改造项目EPC总承包工程
  [历史回填] 搜索项目：田悦化肥分公司造粒成品冷却系统节能改造项目EPC总承包工程
    ✓ 历史招标公告
  → upsert 完成：招标公告

  [招标公告] 盐湖区市民文化活动中心建设项目
  [历史搜索] 盐湖区市民文化活动中心建设项目
  [历史回填] 搜索项目：盐湖区市民文化活动中心建设项目
    ✓ 历史招标公告
  → upsert 完成：招标公告

  [招标公告] 山阴经济技术开发区东区基础设施建设北侧路网工程监理
  [历史搜索] 山阴经济技术开发区东区基础设施建设北侧路网工程监理
  [历史回填] 搜索项目：山阴经济技术开发区东区基础设施建设北侧路网工程监理
    ✓ 历史招标公告
  → upsert 完成：招标公告

===== 第三步：变更公告 =====
  [列表] channelId=13 第1页...
  [列表] 总条数=7，当前已获取=7
  [列表] 共 7 条

  [变更公告] 2026年太原市热力集团有限责任公司更新改造和维修工程所需双面螺旋埋弧焊接钢管、无缝钢管采购及服务第一标段项目(1标段)最高投标限价
  [历史搜索] 2026年太原市热力集团有限责任公司更新改造和维修工程所需双面螺旋埋弧焊接钢管、无缝钢管采购及服务第一标段项目(1标段)最高投标限价
  [历史回填] 搜索项目：2026年太原市热力集团有限责任公司更新改造和维修工程所需双面螺旋埋弧焊接钢管、无缝钢管采购及服务第一标段项目(1标段)最高投标限价
  → upsert 完成：变更公告

  [变更公告] 翼城县全域旅游配套基础设施提升项目(木石四牌坊环境整治项目)木石四牌坊环境整治改造工程施工答疑公告
  [历史搜索] 翼城县全域旅游配套基础设施提升项目(木石四牌坊环境整治项目)木石四牌坊环境整治改造工程施工答疑公告
  [历史回填] 搜索项目：翼城县全域旅游配套基础设施提升项目(木石四牌坊环境整治项目)木石四牌坊环境整治改造工程施工答疑公告
  → upsert 完成：变更公告

  [变更公告] 新绛经济技术开发区地下水污染风险管控与修复项目勘察二次
  [历史搜索] 新绛经济技术开发区地下水污染风险管控与修复项目勘察二次
  [历史回填] 搜索项目：新绛经济技术开发区地下水污染风险管控与修复项目勘察二次
    ✓ 历史招标公告
  → upsert 完成：变更公告

  [变更公告] 沁县城市更新育才片区改造(回迁安置)项目勘察
  [历史搜索] 沁县城市更新育才片区改造(回迁安置)项目勘察
  [历史回填] 搜索项目：沁县城市更新育才片区改造(回迁安置)项目勘察
    ✓ 历史招标公告
  → upsert 完成：变更公告

  [变更公告] 沁县城市更新育才片区改造(回迁安置)项目初步设计
  [历史搜索] 沁县城市更新育才片区改造(回迁安置)项目初步设计
  [历史回填] 搜索项目：沁县城市更新育才片区改造(回迁安置)项目初步设计
    ✓ 历史招标公告
  → upsert 完成：变更公告

  [澄清公告] 交城县人民法院审判法庭建设项目施工招标
  [历史搜索] 交城县人民法院审判法庭建设项目施工招标
  [历史回填] 搜索项目：交城县人民法院审判法庭建设项目施工招标
    ✓ 历史招标公告
  → upsert 完成：澄清公告

  [变更公告] 中阳县城区段雨污分流及道路提升改造工程项目 （二期）施工二次第二标段招标
  [历史搜索] 中阳县城区段雨污分流及道路提升改造工程项目 （二期）施工二次第二标段招标
  [历史回填] 搜索项目：中阳县城区段雨污分流及道路提升改造工程项目 （二期）施工二次第二标段招标
  → upsert 完成：变更公告

===== 第四步：中标候选人公示 =====
  [列表] channelId=14 第1页...
  [列表] 总条数=19，当前已获取=10
  [列表] channelId=14 第2页...
  [列表] 总条数=19，当前已获取=19
  [列表] 共 19 条

  [中标候选人公示] 代县阳明堡镇2026年生态农业示范园配套道路及渠道修建项目项目
  [历史搜索] 代县阳明堡镇2026年生态农业示范园配套道路及渠道修建项目项目
  [历史回填] 搜索项目：代县阳明堡镇2026年生态农业示范园配套道路及渠道修建项目项目
    ✓ 历史候选人监督部门
  → upsert 完成：中标候选人公示

  [中标候选人公示] 山西省黑茶山国有林管理局吕梁山生态保护修复和水土流失综合治理项目（2026）作业设计编制
  [历史搜索] 山西省黑茶山国有林管理局吕梁山生态保护修复和水土流失综合治理项目（2026）作业设计编制
  [历史回填] 搜索项目：山西省黑茶山国有林管理局吕梁山生态保护修复和水土流失综合治理项目（2026）作业设计编制
    ✓ 历史招标公告
    ✓ 历史候选人监督部门
  → upsert 完成：中标候选人公示

  [中标候选人公示] 山西介休义棠青云煤业有限公司保水开采地面区域探查治理工程总承包项目
  [历史搜索] 山西介休义棠青云煤业有限公司保水开采地面区域探查治理工程总承包项目
  [历史回填] 搜索项目：山西介休义棠青云煤业有限公司保水开采地面区域探查治理工程总承包项目
    ✓ 历史招标公告
    ✓ 历史候选人监督部门
  → upsert 完成：中标候选人公示

  [中标候选人公示] 阳泉市郊区2026 年国土绿化综合治理项目施工二次第七标段
  [历史搜索] 阳泉市郊区2026 年国土绿化综合治理项目施工二次第七标段
  [历史回填] 搜索项目：阳泉市郊区2026 年国土绿化综合治理项目施工二次第七标段
    ✓ 历史候选人监督部门
  [POST失败1/3] ProxyError: HTTPSConnectionPool(host='prec.sxzwfw.gov.cn', port=443): Max retries exceeded with url: /queryContent-jyxx.jspx (Caused by ProxyError('Unable to connect to proxy', OSError('Tunnel connection failed: 618 Internal Server Error'))) | https://prec.sxzwfw.gov.cn/queryContent-jyxx.jspx
  → upsert 完成：中标候选人公示

  [中标候选人公示] 化章街（西温庄路—太原晋中界）两侧绿化带建设工程施工
  [GET失败1/3] ConnectionError: ('Connection aborted.', ConnectionResetError(104, 'Connection reset by peer')) | https://prec.sxzwfw.gov.cn/jyxxgchxr/1072728.jhtml
  [历史搜索] 化章街（西温庄路—太原晋中界）两侧绿化带建设工程施工
  [历史回填] 搜索项目：化章街（西温庄路—太原晋中界）两侧绿化带建设工程施工
  [POST失败1/3] ConnectionError: ('Connection aborted.', ConnectionResetError(104, 'Connection reset by peer')) | https://prec.sxzwfw.gov.cn/queryContent-jyxx.jspx
  [POST失败2/3] ReadTimeout: HTTPSConnectionPool(host='prec.sxzwfw.gov.cn', port=443): Read timed out. (read timeout=18) | https://prec.sxzwfw.gov.cn/queryContent-jyxx.jspx
  [POST失败3/3] ConnectionError: ('Connection aborted.', ConnectionResetError(104, 'Connection reset by peer')) | https://prec.sxzwfw.gov.cn/queryContent-jyxx.jspx
    ✓ 历史候选人监督部门
  → upsert 完成：中标候选人公示

  [中标候选人公示] 中信机电能源科技(山西)有限公司220千伏变电站输配电线路项目220千伏线路施工
  [历史搜索] 中信机电能源科技(山西)有限公司220千伏变电站输配电线路项目220千伏线路施工
  [历史回填] 搜索项目：中信机电能源科技(山西)有限公司220千伏变电站输配电线路项目220千伏线路施工
  [POST失败1/3] ConnectionError: ('Connection aborted.', ConnectionResetError(104, 'Connection reset by peer')) | https://prec.sxzwfw.gov.cn/queryContent-jyxx.jspx
    ✓ 历史招标公告
    ✓ 历史候选人监督部门
  → upsert 完成：中标候选人公示

  [中标候选人公示] 响水坡村供排污工程总承包二次招标
  [历史搜索] 响水坡村供排污工程总承包二次招标
  [历史回填] 搜索项目：响水坡村供排污工程总承包二次招标
  [POST失败1/3] ConnectionError: ('Connection aborted.', ConnectionResetError(104, 'Connection reset by peer')) | https://prec.sxzwfw.gov.cn/queryContent-jyxx.jspx
  [POST失败2/3] ReadTimeout: HTTPSConnectionPool(host='prec.sxzwfw.gov.cn', port=443): Read timed out. (read timeout=18) | https://prec.sxzwfw.gov.cn/queryContent-jyxx.jspx
    ✓ 历史招标公告
    ✓ 历史候选人监督部门
  → upsert 完成：中标候选人公示

  [中标候选人公示] 太原市第五中学校丽华校区建设项目设计
  [历史搜索] 太原市第五中学校丽华校区建设项目设计
  [历史回填] 搜索项目：太原市第五中学校丽华校区建设项目设计
  [POST失败1/3] ConnectionError: ('Connection aborted.', ConnectionResetError(104, 'Connection reset by peer')) | https://prec.sxzwfw.gov.cn/queryContent-jyxx.jspx
    ✓ 历史招标公告
  [POST失败1/3] ConnectionError: ('Connection aborted.', ConnectionResetError(104, 'Connection reset by peer')) | https://prec.sxzwfw.gov.cn/queryContent-jyxx.jspx
    ✓ 历史候选人监督部门
  → upsert 完成：中标候选人公示

  [中标候选人公示] 太原市西山地表水厂供水工程电石街等5项输配水管线工程钢管采购（二次）
  [历史搜索] 太原市西山地表水厂供水工程电石街等5项输配水管线工程钢管采购（二次）
  [历史回填] 搜索项目：太原市西山地表水厂供水工程电石街等5项输配水管线工程钢管采购（二次）
  [GET失败1/3] ConnectionError: ('Connection aborted.', ConnectionResetError(104, 'Connection reset by peer')) | https://prec.sxzwfw.gov.cn/jyxxgczb/1065768.jhtml
  [GET失败2/3] ConnectionError: ('Connection aborted.', ConnectionResetError(104, 'Connection reset by peer')) | https://prec.sxzwfw.gov.cn/jyxxgczb/1065768.jhtml
  [GET失败3/3] ConnectionError: ('Connection aborted.', RemoteDisconnected('Remote end closed connection without response')) | https://prec.sxzwfw.gov.cn/jyxxgczb/1065768.jhtml
    ✓ 历史招标公告
    ✓ 历史候选人监督部门
  [POST失败1/3] ProxyError: HTTPSConnectionPool(host='prec.sxzwfw.gov.cn', port=443): Max retries exceeded with url: /queryContent-jyxx.jspx (Caused by ProxyError('Unable to connect to proxy', OSError('Tunnel connection failed: 436 Proxy Authentication Failed'))) | https://prec.sxzwfw.gov.cn/queryContent-jyxx.jspx
  [POST失败2/3] ProxyError: HTTPSConnectionPool(host='prec.sxzwfw.gov.cn', port=443): Max retries exceeded with url: /queryContent-jyxx.jspx (Caused by ProxyError('Unable to connect to proxy', OSError('Tunnel connection failed: 407 Proxy Authentication Required'))) | https://prec.sxzwfw.gov.cn/queryContent-jyxx.jspx
  [POST失败3/3] ReadTimeout: HTTPSConnectionPool(host='prec.sxzwfw.gov.cn', port=443): Read timed out. (read timeout=18) | https://prec.sxzwfw.gov.cn/queryContent-jyxx.jspx
  → upsert 完成：中标候选人公示

  [中标候选人公示] 太原供水集团有限公司北张东路等给水管线改造工程球墨铸铁管采购
  [GET失败1/3] ReadTimeout: HTTPSConnectionPool(host='prec.sxzwfw.gov.cn', port=443): Read timed out. (read timeout=15) | https://prec.sxzwfw.gov.cn/jyxxgchxr/1072667.jhtml
  [历史搜索] 太原供水集团有限公司北张东路等给水管线改造工程球墨铸铁管采购
  [历史回填] 搜索项目：太原供水集团有限公司北张东路等给水管线改造工程球墨铸铁管采购
  [POST失败1/3] ReadTimeout: HTTPSConnectionPool(host='prec.sxzwfw.gov.cn', port=443): Read timed out. (read timeout=18) | https://prec.sxzwfw.gov.cn/queryContent-jyxx.jspx
  [GET失败1/3] ReadTimeout: HTTPSConnectionPool(host='prec.sxzwfw.gov.cn', port=443): Read timed out. (read timeout=15) | https://prec.sxzwfw.gov.cn/jyxxgczb/1065766.jhtml
    ✓ 历史招标公告
  [GET失败1/3] ReadTimeout: HTTPSConnectionPool(host='prec.sxzwfw.gov.cn', port=443): Read timed out. (read timeout=15) | https://prec.sxzwfw.gov.cn/jyxxgchxr/1072667.jhtml
  [GET失败2/3] ReadTimeout: HTTPSConnectionPool(host='prec.sxzwfw.gov.cn', port=443): Read timed out. (read timeout=15) | https://prec.sxzwfw.gov.cn/jyxxgchxr/1072667.jhtml
  [GET失败3/3] ConnectionError: ('Connection aborted.', RemoteDisconnected('Remote end closed connection without response')) | https://prec.sxzwfw.gov.cn/jyxxgchxr/1072667.jhtml
    ✓ 历史候选人监督部门
  → upsert 完成：中标候选人公示

  [中标候选人公示] 太原市第五中学校丽华校区建设项目勘察
  [历史搜索] 太原市第五中学校丽华校区建设项目勘察
  [历史回填] 搜索项目：太原市第五中学校丽华校区建设项目勘察
  [POST失败1/3] ReadTimeout: HTTPSConnectionPool(host='prec.sxzwfw.gov.cn', port=443): Read timed out. (read timeout=18) | https://prec.sxzwfw.gov.cn/queryContent-jyxx.jspx
    ✓ 历史招标公告
    ✓ 历史候选人监督部门
  [POST失败1/3] ReadTimeout: HTTPSConnectionPool(host='prec.sxzwfw.gov.cn', port=443): Read timed out. (read timeout=18) | https://prec.sxzwfw.gov.cn/queryContent-jyxx.jspx
  [POST失败2/3] ConnectionError: ('Connection aborted.', RemoteDisconnected('Remote end closed connection without response')) | https://prec.sxzwfw.gov.cn/queryContent-jyxx.jspx
  → upsert 完成：中标候选人公示

  [中标候选人公示] 文庙皇庙片区一文道建设工程设计
  [历史搜索] 文庙皇庙片区一文道建设工程设计
  [历史回填] 搜索项目：文庙皇庙片区一文道建设工程设计
  [POST失败1/3] ConnectionError: ('Connection aborted.', ConnectionResetError(104, 'Connection reset by peer')) | https://prec.sxzwfw.gov.cn/queryContent-jyxx.jspx
  [POST失败2/3] ReadTimeout: HTTPSConnectionPool(host='prec.sxzwfw.gov.cn', port=443): Read timed out. (read timeout=18) | https://prec.sxzwfw.gov.cn/queryContent-jyxx.jspx
    ✓ 历史招标公告
    ✓ 历史候选人监督部门
  → upsert 完成：中标候选人公示

  [中标候选人公示] 长治市天晚集路等27条路雨污分流改造工程（第三标段）施工项目
  [历史搜索] 长治市天晚集路等27条路雨污分流改造工程（第三标段）施工项目
  [历史回填] 搜索项目：长治市天晚集路等27条路雨污分流改造工程（第三标段）施工项目
  [POST失败1/3] ReadTimeout: HTTPSConnectionPool(host='prec.sxzwfw.gov.cn', port=443): Read timed out. (read timeout=18) | https://prec.sxzwfw.gov.cn/queryContent-jyxx.jspx
    ✓ 历史招标公告
    ✓ 历史候选人监督部门
  [POST失败1/3] ConnectionError: ('Connection aborted.', RemoteDisconnected('Remote end closed connection without response')) | https://prec.sxzwfw.gov.cn/queryContent-jyxx.jspx
  → upsert 完成：中标候选人公示

  [中标候选人公示] 武乡县新城区污水处理厂尾水人工湿地净化工程初步设计设计项目
  [历史搜索] 武乡县新城区污水处理厂尾水人工湿地净化工程初步设计设计项目
  [历史回填] 搜索项目：武乡县新城区污水处理厂尾水人工湿地净化工程初步设计设计项目
    ✓ 历史招标公告
    ✓ 历史候选人监督部门
  → upsert 完成：中标候选人公示

  [中标候选人公示] 忻州市通岗路、广裕街道路建设工程设计项目
  [历史搜索] 忻州市通岗路、广裕街道路建设工程设计项目
  [历史回填] 搜索项目：忻州市通岗路、广裕街道路建设工程设计项目
    ✓ 历史候选人监督部门
  → upsert 完成：中标候选人公示

  [中标候选人公示] 2026年泽州县昆玉小区等4个老旧小区更新改造工程初步设计
  [历史搜索] 2026年泽州县昆玉小区等4个老旧小区更新改造工程初步设计
  [历史回填] 搜索项目：2026年泽州县昆玉小区等4个老旧小区更新改造工程初步设计
    ✓ 历史招标计划
    ✓ 历史招标公告
    ✓ 历史候选人监督部门
  → upsert 完成：中标候选人公示

  [中标候选人公示] 朔州市平鲁区偏关河、汤溪河流域水土流失治理工程勘察设计
  [历史搜索] 朔州市平鲁区偏关河、汤溪河流域水土流失治理工程勘察设计
  [历史回填] 搜索项目：朔州市平鲁区偏关河、汤溪河流域水土流失治理工程勘察设计
    ✓ 历史招标公告
    ✓ 历史候选人监督部门
  → upsert 完成：中标候选人公示

  [中标候选人公示] 国际贸易有机蔬菜生产车间项目
  [历史搜索] 国际贸易有机蔬菜生产车间项目
  [历史回填] 搜索项目：国际贸易有机蔬菜生产车间项目
    ✓ 历史招标计划
    ✓ 历史招标公告
    ✓ 历史候选人监督部门
  → upsert 完成：中标候选人公示

  [中标候选人公示] 临汾市引沁入汾尧都专线水质提升工程建设总承包（EPC）项目监理服务
  [历史搜索] 临汾市引沁入汾尧都专线水质提升工程建设总承包（EPC）项目监理服务
  [历史回填] 搜索项目：临汾市引沁入汾尧都专线水质提升工程建设总承包（EPC）项目监理服务
  [POST失败1/3] ReadTimeout: HTTPSConnectionPool(host='prec.sxzwfw.gov.cn', port=443): Read timed out. (read timeout=18) | https://prec.sxzwfw.gov.cn/queryContent-jyxx.jspx
    ✓ 历史招标公告
    ✓ 历史候选人监督部门
  [POST失败1/3] ConnectionError: ('Connection aborted.', RemoteDisconnected('Remote end closed connection without response')) | https://prec.sxzwfw.gov.cn/queryContent-jyxx.jspx
  → upsert 完成：中标候选人公示

===== 第五步：中标结果公示 =====
  [列表] channelId=15 第1页...
  [列表] 总条数=9，当前已获取=9
  [列表] 共 9 条

  [中标结果公示] 2026年沁水县城边坡综合治理工程监理
  [历史搜索] 2026年沁水县城边坡综合治理工程监理
  [历史回填] 搜索项目：2026年沁水县城边坡综合治理工程监理
  [POST失败1/3] ConnectionError: ('Connection aborted.', ConnectionResetError(104, 'Connection reset by peer')) | https://prec.sxzwfw.gov.cn/queryContent-jyxx.jspx
    ✓ 历史招标公告
  [GET失败1/3] ReadTimeout: HTTPSConnectionPool(host='prec.sxzwfw.gov.cn', port=443): Read timed out. (read timeout=15) | https://prec.sxzwfw.gov.cn/jyxxgchxr/1071506.jhtml
    ✓ 历史候选人监督部门
  [GET失败1/3] ConnectionError: ('Connection aborted.', ConnectionResetError(104, 'Connection reset by peer')) | https://prec.sxzwfw.gov.cn/jyxxgcgs/1072733.jhtml
    ✓ 历史结果监督部门
  → upsert 完成：中标结果公示

  [中标结果公示] 山西新景矿煤业有限责任公司保安分区15号煤开采项目PC总承包
  [GET失败1/3] ConnectionError: ('Connection aborted.', RemoteDisconnected('Remote end closed connection without response')) | https://prec.sxzwfw.gov.cn/jyxxgcgs/1072714.jhtml
  [GET失败2/3] ReadTimeout: HTTPSConnectionPool(host='prec.sxzwfw.gov.cn', port=443): Read timed out. (read timeout=15) | https://prec.sxzwfw.gov.cn/jyxxgcgs/1072714.jhtml
  [GET失败3/3] ReadTimeout: HTTPSConnectionPool(host='prec.sxzwfw.gov.cn', port=443): Read timed out. (read timeout=15) | https://prec.sxzwfw.gov.cn/jyxxgcgs/1072714.jhtml
  [历史搜索] 山西新景矿煤业有限责任公司保安分区15号煤开采项目PC总承包
  [历史回填] 搜索项目：山西新景矿煤业有限责任公司保安分区15号煤开采项目PC总承包
    ✓ 历史招标计划
    ✓ 历史招标公告
  [POST失败1/3] ConnectionError: ('Connection aborted.', ConnectionResetError(104, 'Connection reset by peer')) | https://prec.sxzwfw.gov.cn/queryContent-jyxx.jspx
    ✓ 历史候选人监督部门
    ✓ 历史结果监督部门
  → upsert 完成：中标结果公示

  [中标结果公示] 高平市装备制造产业园区域换热站及配套工程项目(EPC)总承包
  [GET失败1/3] ReadTimeout: HTTPSConnectionPool(host='prec.sxzwfw.gov.cn', port=443): Read timed out. (read timeout=15) | https://prec.sxzwfw.gov.cn/jyxxgcgs/1072672.jhtml
  [历史搜索] 高平市装备制造产业园区域换热站及配套工程项目(EPC)总承包
  [历史回填] 搜索项目：高平市装备制造产业园区域换热站及配套工程项目(EPC)总承包
  [POST失败1/3] ConnectionError: ('Connection aborted.', ConnectionResetError(104, 'Connection reset by peer')) | https://prec.sxzwfw.gov.cn/queryContent-jyxx.jspx
  [GET失败1/3] ReadTimeout: HTTPSConnectionPool(host='prec.sxzwfw.gov.cn', port=443): Read timed out. (read timeout=15) | https://prec.sxzwfw.gov.cn/jyxxgczb/1061329.jhtml
    ✓ 历史招标公告
  [GET失败1/3] ConnectionError: ('Connection aborted.', RemoteDisconnected('Remote end closed connection without response')) | https://prec.sxzwfw.gov.cn/jyxxgchxr/1071497.jhtml
    ✓ 历史候选人监督部门
  [GET失败1/3] ProxyError: HTTPSConnectionPool(host='prec.sxzwfw.gov.cn', port=443): Max retries exceeded with url: /jyxxgcgs/1072672.jhtml (Caused by ProxyError('Unable to connect to proxy', RemoteDisconnected('Remote end closed connection without response'))) | https://prec.sxzwfw.gov.cn/jyxxgcgs/1072672.jhtml
    ✓ 历史结果监督部门
  → upsert 完成：中标结果公示

  [中标结果公示] 山西地方电力有限公司方山县10kV店坪线等线路新建及改造工程电杆采购
  [历史搜索] 山西地方电力有限公司方山县10kV店坪线等线路新建及改造工程电杆采购
  [历史回填] 搜索项目：山西地方电力有限公司方山县10kV店坪线等线路新建及改造工程电杆采购
  [POST失败1/3] ProxyError: HTTPSConnectionPool(host='prec.sxzwfw.gov.cn', port=443): Max retries exceeded with url: /queryContent-jyxx.jspx (Caused by ProxyError('Unable to connect to proxy', OSError('Tunnel connection failed: 645 Proxy Authentication In Black List'))) | https://prec.sxzwfw.gov.cn/queryContent-jyxx.jspx
  [POST失败2/3] ConnectionError: ('Connection aborted.', RemoteDisconnected('Remote end closed connection without response')) | https://prec.sxzwfw.gov.cn/queryContent-jyxx.jspx
    ✓ 历史招标公告
  [POST失败1/3] ReadTimeout: HTTPSConnectionPool(host='prec.sxzwfw.gov.cn', port=443): Read timed out. (read timeout=18) | https://prec.sxzwfw.gov.cn/queryContent-jyxx.jspx
  [POST失败2/3] ProxyError: HTTPSConnectionPool(host='prec.sxzwfw.gov.cn', port=443): Max retries exceeded with url: /queryContent-jyxx.jspx (Caused by ProxyError('Unable to connect to proxy', OSError('Tunnel connection failed: 436 Proxy Authentication Failed'))) | https://prec.sxzwfw.gov.cn/queryContent-jyxx.jspx
    ✓ 历史候选人监督部门
    ✓ 历史结果监督部门
  → upsert 完成：中标结果公示

  [中标结果公示] 太原市西山地表水厂供水工程一取水泵站(引黄原水)工程取水泵站水泵采购
  [历史搜索] 太原市西山地表水厂供水工程一取水泵站(引黄原水)工程取水泵站水泵采购
  [历史回填] 搜索项目：太原市西山地表水厂供水工程一取水泵站(引黄原水)工程取水泵站水泵采购
    ✓ 历史招标公告
    ✓ 历史候选人监督部门
    ✓ 历史结果监督部门
  → upsert 完成：中标结果公示

  [中标结果公示] 国道209线河津市过境改线工程施工
  [GET失败1/3] ProxyError: HTTPSConnectionPool(host='prec.sxzwfw.gov.cn', port=443): Max retries exceeded with url: /jyxxgcgs/1072653.jhtml (Caused by ProxyError('Unable to connect to proxy', OSError('Tunnel connection failed: 407 Proxy Authentication Required'))) | https://prec.sxzwfw.gov.cn/jyxxgcgs/1072653.jhtml
  [历史搜索] 国道209线河津市过境改线工程施工
  [历史回填] 搜索项目：国道209线河津市过境改线工程施工
  [GET失败1/3] ConnectionError: ('Connection aborted.', ConnectionResetError(104, 'Connection reset by peer')) | https://prec.sxzwfw.gov.cn/jyxxgczb/1062836.jhtml
  [GET失败2/3] ReadTimeout: HTTPSConnectionPool(host='prec.sxzwfw.gov.cn', port=443): Read timed out. (read timeout=15) | https://prec.sxzwfw.gov.cn/jyxxgczb/1062836.jhtml
    ✓ 历史招标公告
  [POST失败1/3] ReadTimeout: HTTPSConnectionPool(host='prec.sxzwfw.gov.cn', port=443): Read timed out. (read timeout=18) | https://prec.sxzwfw.gov.cn/queryContent-jyxx.jspx
    ✓ 历史候选人监督部门
    ✓ 历史结果监督部门
  → upsert 完成：中标结果公示

  [中标结果公示] 国道209线河津市过境改线工程施工
  [历史搜索] 国道209线河津市过境改线工程施工
  [历史回填] 搜索项目：国道209线河津市过境改线工程施工
  [GET失败1/3] ReadTimeout: HTTPSConnectionPool(host='prec.sxzwfw.gov.cn', port=443): Read timed out. (read timeout=15) | https://prec.sxzwfw.gov.cn/jyxxgczb/1062836.jhtml
  [GET失败2/3] ConnectionError: ('Connection aborted.', ConnectionResetError(104, 'Connection reset by peer')) | https://prec.sxzwfw.gov.cn/jyxxgczb/1062836.jhtml
    ✓ 历史招标公告
    ✓ 历史候选人监督部门
  [POST失败1/3] ReadTimeout: HTTPSConnectionPool(host='prec.sxzwfw.gov.cn', port=443): Read timed out. (read timeout=18) | https://prec.sxzwfw.gov.cn/queryContent-jyxx.jspx
  [POST失败2/3] ReadTimeout: HTTPSConnectionPool(host='prec.sxzwfw.gov.cn', port=443): Read timed out. (read timeout=18) | https://prec.sxzwfw.gov.cn/queryContent-jyxx.jspx
  [POST失败3/3] ReadTimeout: HTTPSConnectionPool(host='prec.sxzwfw.gov.cn', port=443): Read timed out. (read timeout=18) | https://prec.sxzwfw.gov.cn/queryContent-jyxx.jspx
  → upsert 完成：中标结果公示

  [中标结果公示] 安达燃气(金岩焦化--金晖焦化)燃气管道工程二期施工项目第一标段
  [GET失败1/3] ConnectionError: ('Connection aborted.', ConnectionResetError(104, 'Connection reset by peer')) | https://prec.sxzwfw.gov.cn/jyxxgcgs/1072607.jhtml
  [历史搜索] 安达燃气(金岩焦化--金晖焦化)燃气管道工程二期施工项目第一标段
  [历史回填] 搜索项目：安达燃气(金岩焦化--金晖焦化)燃气管道工程二期施工项目第一标段
  [POST失败1/3] ConnectionError: ('Connection aborted.', ConnectionResetError(104, 'Connection reset by peer')) | https://prec.sxzwfw.gov.cn/queryContent-jyxx.jspx
  → upsert 完成：中标结果公示

  [中标结果公示] 太忻一体化经济区(太原区)大盂至合成生物园区高压输气管线工程项目勘察、设计
  [历史搜索] 太忻一体化经济区(太原区)大盂至合成生物园区高压输气管线工程项目勘察、设计
  [历史回填] 搜索项目：太忻一体化经济区(太原区)大盂至合成生物园区高压输气管线工程项目勘察、设计
    ✓ 历史招标公告
    ✓ 历史候选人监督部门
    ✓ 历史结果监督部门
  → upsert 完成：中标结果公示
[索引] → /home/intsig/zwx/shanxi/output/山西_index.txt
[自检] → /home/intsig/zwx/shanxi/log/20260709_check.log

===== AI 兜底补充提取 =====
  [马村镇马村村高标准设施蔬菜基地项目] AI补字段 ['招标代理机构地址'] ← https://prec.sxzwfw.gov.cn/jyxxgczb/1069822.jhtml
    ✗ 招标代理机构地址: AI未提取
  [交城县人民法院审判法庭建设项目施工招标] AI补字段 ['开标时间', '标书发售时间', '监督部门联系方式'] ← https://prec.sxzwfw.gov.cn/jyxxgczb/1068968.jhtml
    ✓ 开标时间: 2026年07月21日10时00分
    ✓ 标书发售时间: 2026年06月29日17时00分至2026年07月21日10时00分
    ✓ 监督部门联系方式: 0358-3522513
  [太原市杏花岭区宇乔400MW/800MWh独立储能调频电站项目(EPC总承包）] AI补字段 ['监督部门联系方式'] ← https://prec.sxzwfw.gov.cn/jyxxgcgs/1071357.jhtml
    ✗ 监督部门联系方式: AI未提取
  [太原西山“骑行+”户外运动场地设施与服务保障设施建设项目施工] AI补字段 ['监督部门'] ← https://prec.sxzwfw.gov.cn/jyxxgcgs/1070917.jhtml
    ✗ 监督部门: AI未提取
  [华信振阳高新区200MW/400MWh独立储能项目EPC总承包] AI补字段 ['监督部门'] ← https://prec.sxzwfw.gov.cn/jyxxgcgs/1071264.jhtml
    ✗ 监督部门: AI未提取
  [原平市2025年农村公路灾毁改造工程（裕隆社区-武彦等6条）监理项目] AI补字段 ['监督部门联系方式'] ← https://prec.sxzwfw.gov.cn/jyxxgchxr/1069689.jhtml
    ✗ 监督部门联系方式: AI未提取
  [山西地方电力有限公司方山县10kV店坪线等线路新建及改造工程电杆采购] AI补字段 ['标书发售时间', '监督部门联系方式'] ← https://prec.sxzwfw.gov.cn/jyxxgczb/1061689.jhtml
    ✓ 标书发售时间: 2026-06-03 18:00至2026-06-08 18:00
    ✓ 监督部门联系方式: 0351—4117591
  [代县城市地下管网及设施建设改造工程-东北街片区（分区二）施工项目] AI补字段 ['监督部门联系方式'] ← https://prec.sxzwfw.gov.cn/jyxxgchxr/1069209.jhtml
    ✗ 监督部门联系方式: AI未提取
  [大同市晋北地区高原风沙源生态保护和修复项目桦林背林场2026年人工造林(1,2,3,4,5,6,8,9,10,11,12,] AI补字段 ['监督部门联系方式'] ← https://prec.sxzwfw.gov.cn/jyxxgczb/1069176.jhtml
  [GET失败1/5] ReadTimeout: HTTPSConnectionPool(host='prec.sxzwfw.gov.cn', port=443): Read timed out. (read timeout=15) | https://prec.sxzwfw.gov.cn/jyxxgczb/1069176.jhtml
    ✓ 监督部门联系方式: 0352-7789836
  [高平市炎谷丰高标准设施蔬菜基地项目(002二标段)] AI补字段 ['监督部门联系方式'] ← https://prec.sxzwfw.gov.cn/jyxxgchxr/1067695.jhtml
    ✗ 监督部门联系方式: AI未提取
  [太原天然气有限公司太原市2026年住宅小区居民共有老旧庭院燃气管网及户内立管更新改造项目工程施工] AI补字段 ['监督部门联系方式'] ← https://prec.sxzwfw.gov.cn/jyxxgcgs/1069250.jhtml
    ✗ 监督部门联系方式: AI未提取
  [黄水河宁武县段河道治理工程勘察设计项目] AI补字段 ['监督部门联系方式'] ← https://prec.sxzwfw.gov.cn/jyxxgchxr/1067711.jhtml
    ✗ 监督部门联系方式: AI未提取
  [高平市燃气老化管网及设施更新改造工程（老化燃气管道更新改造EPC）] AI补字段 ['招标代理机构地址'] ← https://prec.sxzwfw.gov.cn/jyxxgczb/1060412.jhtml
    ✗ 招标代理机构地址: AI未提取
  [杏花岭区2024年老旧小区改造项目（二期）设计施工总承包（EPC）(004标段四)] AI补字段 ['监督部门联系方式'] ← https://prec.sxzwfw.gov.cn/jyxxgcgs/1071595.jhtml
    ✗ 监督部门联系方式: AI未提取
  [国道209线河津市过境改线工程施工] AI补字段 ['开标时间', '标书发售时间', '公告内容', '招标人', '招标人地址', '招标人联系人', '招标人联系方式', '招标代理机构', '招标代理机构地址', '招标代理机构联系人', '招标代理机构联系方式'] ← https://prec.sxzwfw.gov.cn/jyxxgczb/1062836.jhtml
  [PDF公告] 发现PDF: https://ggzyjyzx.yuncheng.gov.cn:8083/upload/wj/2c9f80959e25d986019ea508ac16249f.pdf
  [PDF] 直接提取文字成功，长度=4510
    ✓ 开标时间: 2026年6月30日09时00分
    ✓ 标书发售时间: 2026年6月9日00时00分起至2026年6月16日00时00分
    ✓ 公告内容: 国道209 线河津市过境改线工程施工招标公告 （项目编号：2026GC010557） 招标项目所在地区：运城市河津市 一、招标条件 国道209 线河津市过境改线
    ✓ 招标人: 河津市交通运输局
    ✓ 招标人地址: 河津市复兴路1 号
    ✓ 招标人联系人: 孙先生
    ✓ 招标人联系方式: 13327485138
    ✓ 招标代理机构: 山西诚泰达工程项目管理有限公司
    ✓ 招标代理机构地址: 运城市盐湖区学苑路立交桥西侧恒大绿洲1 号楼三单元301 室
    ✓ 招标代理机构联系人: 王先生
    ✓ 招标代理机构联系方式: 17636003318
  [中村镇张马村历山花卉融创基地] AI补字段 ['监督部门联系方式'] ← https://prec.sxzwfw.gov.cn/jyxxgchxr/1070266.jhtml
    ✗ 监督部门联系方式: AI未提取
  [晋中市松塔水库供水（二期）工程管材及管件采购03标] AI补字段 ['监督部门联系方式'] ← https://prec.sxzwfw.gov.cn/jyxxgchxr/1070208.jhtml
    ✗ 监督部门联系方式: AI未提取
  [平陆县2026年村道水毁工程] AI补字段 ['招标人联系人'] ← https://prec.sxzwfw.gov.cn/jyxxgczb/1062514.jhtml
  [PDF公告] 发现PDF: https://ggzyjyzx.yuncheng.gov.cn:8083/upload/wj/2c9f80959e25d986019e96ce7a0b2044.pdf
  [PDF] 直接提取文字成功，长度=3358
    ✗ 招标人联系人: AI未提取
  [原平市2025年农村公路灾毁改造工程（裕隆社区-武彦等6条）施工项目] AI补字段 ['监督部门联系方式'] ← https://prec.sxzwfw.gov.cn/jyxxgchxr/1070610.jhtml
    ✗ 监督部门联系方式: AI未提取
  [山阴县第四中学校教学楼加固改造工程项目] AI补字段 ['监督部门联系方式'] ← https://prec.sxzwfw.gov.cn/jyxxgcgs/1071427.jhtml
    ✗ 监督部门联系方式: AI未提取
  [代县城市地下管网及设施建设改造工程-东北街片区（分区一）施工项目] AI补字段 ['监督部门联系方式'] ← https://prec.sxzwfw.gov.cn/jyxxgchxr/1068808.jhtml
  [GET失败1/5] ConnectionError: ('Connection aborted.', RemoteDisconnected('Remote end closed connection without response')) | https://prec.sxzwfw.gov.cn/jyxxgchxr/1068808.jhtml
  [GET失败2/5] ReadTimeout: HTTPSConnectionPool(host='prec.sxzwfw.gov.cn', port=443): Read timed out. (read timeout=15) | https://prec.sxzwfw.gov.cn/jyxxgchxr/1068808.jhtml
  [GET失败3/5] ConnectionError: ('Connection aborted.', ConnectionResetError(104, 'Connection reset by peer')) | https://prec.sxzwfw.gov.cn/jyxxgchxr/1068808.jhtml
  [GET失败4/5] ConnectionError: ('Connection aborted.', ConnectionResetError(104, 'Connection reset by peer')) | https://prec.sxzwfw.gov.cn/jyxxgchxr/1068808.jhtml
    ✗ 监督部门联系方式: AI未提取
  [代县城市地下管网及设施建设改造工程-东北街片区（分区一）监理项目] AI补字段 ['监督部门联系方式'] ← https://prec.sxzwfw.gov.cn/jyxxgchxr/1068807.jhtml
    ✗ 监督部门联系方式: AI未提取
  [泽州县丹溪片区集中供热建设项目（EPC）总承包中标结果公告] AI补字段 ['监督部门联系方式'] ← https://prec.sxzwfw.gov.cn/jyxxgcgs/1070481.jhtml
    ✓ 监督部门联系方式: 泽州县住房和城乡建设管理局
  [高平市原村乡冯村村集中供热二网项目] AI补字段 ['监督部门联系方式'] ← https://prec.sxzwfw.gov.cn/jyxxgczb/1071190.jhtml
    ✗ 监督部门联系方式: AI未提取
  [柿庄镇输配站基础设施提升改造项目] AI补字段 ['招标人地址'] ← https://prec.sxzwfw.gov.cn/jyxxgczb/1064015.jhtml
  [GET失败1/5] ConnectionError: ('Connection aborted.', ConnectionResetError(104, 'Connection reset by peer')) | https://prec.sxzwfw.gov.cn/jyxxgczb/1064015.jhtml
  [GET失败2/5] ConnectionError: ('Connection aborted.', ConnectionResetError(104, 'Connection reset by peer')) | https://prec.sxzwfw.gov.cn/jyxxgczb/1064015.jhtml
  [GET失败3/5] ConnectionError: ('Connection aborted.', ConnectionResetError(104, 'Connection reset by peer')) | https://prec.sxzwfw.gov.cn/jyxxgczb/1064015.jhtml
  [GET失败4/5] ConnectionError: ('Connection aborted.', ConnectionResetError(104, 'Connection reset by peer')) | https://prec.sxzwfw.gov.cn/jyxxgczb/1064015.jhtml
  [GET失败5/5] ReadTimeout: HTTPSConnectionPool(host='prec.sxzwfw.gov.cn', port=443): Read timed out. (read timeout=15) | https://prec.sxzwfw.gov.cn/jyxxgczb/1064015.jhtml
  [太忻一体化经济区(太原区)大盂至合成生物园区高压输气管线工程项目勘察、设计] AI补字段 ['标书发售时间', '招标人', '招标人地址', '招标人联系人', '招标人联系方式'] ← https://prec.sxzwfw.gov.cn/jyxxgczb/1062844.jhtml
    ✓ 标书发售时间: 2026年6月8日16时00分至2026年6月15日16时00分
    ✓ 招标人: 山西新安信工能源科技有限公司
    ✓ 招标人地址: 山西转型综合改革示范区阳曲产业园五龙口街170号昌达创智中心7层711-B
    ✓ 招标人联系人: 孙女士
    ✓ 招标人联系方式: 13934148559
  [晋城市建筑垃圾资源化利用项目特许经营者（二次）招标] AI补字段 ['招标人', '招标人地址', '招标人联系人', '招标人联系方式', '招标代理机构', '招标代理机构地址', '招标代理机构联系人', '招标代理机构联系方式', '监督部门'] ← https://prec.sxzwfw.gov.cn/jyxxgczb/1065567.jhtml
    ✗ 招标人: AI未提取
    ✗ 招标人地址: AI未提取
    ✗ 招标人联系人: AI未提取
    ✗ 招标人联系方式: AI未提取
    ✗ 招标代理机构: AI未提取
    ✗ 招标代理机构地址: AI未提取
    ✗ 招标代理机构联系人: AI未提取
    ✗ 招标代理机构联系方式: AI未提取
    ✗ 监督部门: AI未提取
  [高平市装备制造产业园区域换热站及配套工程项目(EPC)总承包] AI补字段 ['标书发售时间'] ← https://prec.sxzwfw.gov.cn/jyxxgczb/1061329.jhtml
    ✓ 标书发售时间: 2026年06月02日17:00至2026年06月07日17:00
  [太原市西山地表水厂供水工程一取水泵站(引黄原水)工程取水泵站水泵采购] AI补字段 ['招标代理机构联系人'] ← https://prec.sxzwfw.gov.cn/jyxxgczb/1064443.jhtml
    ✓ 招标代理机构联系人: 石亚琼
  [繁峙县资源路产业路108国道-上西庄公路改造工程施工项目] AI补字段 ['监督部门联系方式'] ← https://prec.sxzwfw.gov.cn/jyxxgchxr/1071396.jhtml
    ✗ 监督部门联系方式: AI未提取
  [杏花岭区2024年老旧小区改造项目（二期）设计施工总承包（EPC）(003标段三)] AI补字段 ['监督部门联系方式'] ← https://prec.sxzwfw.gov.cn/jyxxgcgs/1071593.jhtml
    ✗ 监督部门联系方式: AI未提取
  [杏花岭区2024年老旧小区改造项目（二期）设计施工总承包（EPC）(002标段二)] AI补字段 ['监督部门联系方式'] ← https://prec.sxzwfw.gov.cn/jyxxgcgs/1071592.jhtml
    ✗ 监督部门联系方式: AI未提取
  [杏花岭区2024年老旧小区改造项目（二期）设计施工总承包（EPC）(009标段九)] AI补字段 ['监督部门联系方式'] ← https://prec.sxzwfw.gov.cn/jyxxgcgs/1071563.jhtml
    ✓ 监督部门联系方式: 太原市杏花岭区住房和城乡建设局
  [杏花岭区2024年老旧小区改造项目（二期）设计施工总承包（EPC）(007标段七)] AI补字段 ['监督部门联系方式'] ← https://prec.sxzwfw.gov.cn/jyxxgcgs/1071561.jhtml
    ✗ 监督部门联系方式: AI未提取
  [杏花岭区2024年老旧小区改造项目（二期）设计施工总承包（EPC）(006标段六)] AI补字段 ['监督部门联系方式'] ← https://prec.sxzwfw.gov.cn/jyxxgcgs/1071560.jhtml
  [GET失败1/5] ConnectionError: ('Connection aborted.', RemoteDisconnected('Remote end closed connection without response')) | https://prec.sxzwfw.gov.cn/jyxxgcgs/1071560.jhtml
    ✗ 监督部门联系方式: AI未提取
  [杏花岭区2024年老旧小区改造项目（二期）设计施工总承包（EPC）(005标段五)] AI补字段 ['监督部门联系方式'] ← https://prec.sxzwfw.gov.cn/jyxxgcgs/1071559.jhtml
    ✗ 监督部门联系方式: AI未提取
  [保德县2026年农村公路改造工程施工项目] AI补字段 ['监督部门联系方式'] ← https://prec.sxzwfw.gov.cn/jyxxgchxr/1069015.jhtml
    ✓ 监督部门联系方式: 忻州市交通运输局
  [清徐县城乡供水一体化工程(一期)施工 远传阀控水表设备采购] AI补字段 ['监督部门', '监督部门联系方式'] ← https://prec.sxzwfw.gov.cn/jyxxgchxr/1071960.jhtml
    [AI] JSON解析失败(第1次): Expecting ':' delimiter: line 3 column 6 (char 21) | 原始: {
  "监督部门": "",
  " "监督部门联系方式": ""
}
    ✗ 监督部门: AI未提取
    ✗ 监督部门联系方式: AI未提取
  [新绛经济技术开发区地下水污染风险管控与修复项目勘察二次] AI补字段 ['开标时间', '标书发售时间', '公告内容', '招标人', '招标人地址', '招标人联系人', '招标人联系方式', '招标代理机构', '招标代理机构地址', '招标代理机构联系人', '招标代理机构联系方式', '监督部门', '监督部门联系方式'] ← https://prec.sxzwfw.gov.cn/jyxxgczb/1072421.jhtml
  [PDF公告] 发现PDF: https://ggzyjyzx.yuncheng.gov.cn:8083/upload/wj/2c9f80959f274add019f3bce3840272c.pdf
  [PDF] 直接提取文字成功，长度=2201
    ✓ 开标时间: 2026年7月29日09时00分
    ✓ 标书发售时间: 2026年7月9日08时00分至2026年7月15日18时00分
    ✓ 公告内容: 新绛经济技术开发区地下水污染风险管控与修复项目勘察二次 招标公告 （招标编号：2026GC010589） 招标项目所在地区：运城市新绛县 一、招标条件 本招标项
    ✓ 招标人: 新绛经济技术开发区管理委员会
    ✓ 招标人地址: 山西省新绛县城北临夏县5 公里
    ✓ 招标人联系人: 邱先生
    ✓ 招标人联系方式: 0359-2366085
    ✓ 招标代理机构: 山西泽林工程项目管理有限公司
    ✓ 招标代理机构地址: 山西省运城市盐湖区禹西路1569 号金华国际大厦23 层
    ✓ 招标代理机构联系人: 黄女士
    ✓ 招标代理机构联系方式: 13620699079
    ✓ 监督部门: 新绛县住房和城乡建设管理局
    ✓ 监督部门联系方式: 0359-7523736
  [郑庄区块阳城片区与蓝焰公司合作区煤层气试采项目（侯甲龙湾合作区东南部煤层气开发项目）龙湾增压站新建工程设备购置] AI补字段 ['招标代理机构', '招标代理机构地址', '招标代理机构联系人', '招标代理机构联系方式'] ← https://prec.sxzwfw.gov.cn/jyxxgczb/1072221.jhtml
    ✗ 招标代理机构: AI未提取
    ✗ 招标代理机构地址: AI未提取
    ✗ 招标代理机构联系人: AI未提取
    ✗ 招标代理机构联系方式: AI未提取
  [陵川县秦家庄至司家河公路改造工程] AI补字段 ['招标人地址', '招标人联系人', '招标人联系方式', '招标代理机构', '招标代理机构地址', '招标代理机构联系人', '招标代理机构联系方式'] ← https://prec.sxzwfw.gov.cn/jyxxgczb/1065887.jhtml
    ✗ 招标人地址: AI未提取
    ✗ 招标人联系人: AI未提取
    ✗ 招标人联系方式: AI未提取
    ✗ 招标代理机构: AI未提取
    ✗ 招标代理机构地址: AI未提取
    ✗ 招标代理机构联系人: AI未提取
    ✗ 招标代理机构联系方式: AI未提取
  [南大里区域养老服务中心项目(消防工程)] AI补字段 ['开标时间', '标书发售时间', '公告内容', '招标人', '招标人地址', '招标人联系人', '招标人联系方式', '招标代理机构', '招标代理机构地址', '招标代理机构联系人', '招标代理机构联系方式', '监督部门', '监督部门联系方式'] ← https://prec.sxzwfw.gov.cn/jyxxgczb/1072800.jhtml
  [PDF公告] 发现PDF: https://ggzyjyzx.yuncheng.gov.cn:8083/upload/wj/2c9f80959f4135b2019f45fc11470b62.pdf
  [PDF] 下载: https://ggzyjyzx.yuncheng.gov.cn:8083/upload/wj/2c9f80959f4135b2019f45fc11470b62.pdf
  [PDF] 直接提取文字成功，长度=2153
    ✓ 开标时间: 2026年7月31日9时00分
    ✓ 标书发售时间: 2026年7月10日00时00分起至2026年7月17日00时00分止
    ✓ 公告内容: 第 1 页 南大里区域养老服务中心项目（消防工程）招标公告 （招标编号：2026GC010708） 招标项目所在地区：夏县 一、招标条件 本南大里区域养老服务中
    ✓ 招标人: 夏县南大里乡人民政府
    ✓ 招标人地址: 夏县南大里乡
    ✓ 招标人联系人: 宁先生
    ✓ 招标人联系方式: 17836376868
    ✓ 招标代理机构: 山西森鹏项目管理有限公司
    ✓ 招标代理机构地址: 运城市盐湖区恒大绿洲5号楼3单元601室
    ✓ 招标代理机构联系人: 张女士
    ✓ 招标代理机构联系方式: 19135825352
    ✓ 监督部门: 夏县住房和城乡建设管理局
    ✓ 监督部门联系方式: 0359-8532041
  [长治市长北污水处理厂设备更新及水质提升工程项目一、二号变电站改造、新建变电站电器设备采购] AI补字段 ['招标代理机构', '招标代理机构地址', '招标代理机构联系人', '招标代理机构联系方式'] ← https://prec.sxzwfw.gov.cn/jyxxgczb/1072767.jhtml
    ✓ 招标代理机构: 山西华厦建设工程咨询有限公司
    ✓ 招标代理机构地址: 山西省太原市小店区平阳路街道八一街8号（平阳路290号）
    ✓ 招标代理机构联系人: 崔晓雄、王思杰、张旭洁
    ✓ 招标代理机构联系方式: 0351-7672889、155155475653、17703408796
  [运城市集中供热区域联网工程安邑东路（河东街至市人民医院段）一次网施工] AI补字段 ['开标时间', '标书发售时间', '公告内容', '招标人', '招标人地址', '招标人联系人', '招标人联系方式', '招标代理机构', '招标代理机构地址', '招标代理机构联系人', '招标代理机构联系方式', '监督部门', '监督部门联系方式'] ← https://prec.sxzwfw.gov.cn/jyxxgczb/1072758.jhtml
  [PDF公告] 发现PDF: https://ggzyjyzx.yuncheng.gov.cn:8083/upload/wj/2c9f80959f4135b2019f44ad219a0427.pdf
  [PDF] 下载: https://ggzyjyzx.yuncheng.gov.cn:8083/upload/wj/2c9f80959f4135b2019f44ad219a0427.pdf
  [PDF] 直接提取文字成功，长度=2079
    ✓ 开标时间: 2026年7月31日9时00分
    ✓ 标书发售时间: 2026年7月10日09时00分起至2026年7月17日9时00分止
    ✓ 公告内容: 运城市集中供热区域联网工程安邑东路（河东街至市 人民医院段）一次网施工 招标公告 （招标编号：2026GC010712） 招标项目所在地区：运城市 一、招标条件
    ✓ 招标人: 运城市热力有限公司
    ✓ 招标人地址: 运城经济技术开发区机场大道中段关铝物流园东门左侧运城市热力有限公司办公楼
    ✓ 招标人联系人: 张先生
    ✓ 招标人联系方式: 0359—2095049
    ✓ 招标代理机构: 山西恒盛昌工程项目管理有限公司
    ✓ 招标代理机构地址: 山西省运城市唯科大厦7 楼（运城市体育馆东）
    ✓ 招标代理机构联系人: 寇康波 扆石磊 李宁宁 许毅
    ✓ 招标代理机构联系方式: 18636365127 0359-3665888
    ✓ 监督部门: 运城市住房和城乡建设局
    ✓ 监督部门联系方式: 0359-2222905
  [省道213线（原省道225线）壶关过境段改建工程一、二标段施工项目第二标段] AI补字段 ['开标时间', '标书发售时间', '招标人地址'] ← https://prec.sxzwfw.gov.cn/jyxxgczb/1072738.jhtml
  [GET失败1/5] ProxyError: HTTPSConnectionPool(host='prec.sxzwfw.gov.cn', port=443): Max retries exceeded with url: /jyxxgczb/1072738.jhtml (Caused by ProxyError('Unable to connect to proxy', OSError('Tunnel connection failed: 435 Proxy Authentication Failed'))) | https://prec.sxzwfw.gov.cn/jyxxgczb/1072738.jhtml
    ✓ 开标时间: 2026年07月31日09时30分
    ✓ 标书发售时间: 2026年07月09日至2026年07月31日
    ✓ 招标人地址: 山西省壶关县城南新区
  [夏县庙前镇、埝掌镇生活污水处理支管网工程（一至五标段）] AI补字段 ['开标时间', '标书发售时间', '公告内容', '招标人', '招标人地址', '招标人联系人', '招标人联系方式', '招标代理机构', '招标代理机构地址', '招标代理机构联系人', '招标代理机构联系方式', '监督部门', '监督部门联系方式'] ← https://prec.sxzwfw.gov.cn/jyxxgczb/1072722.jhtml
  [GET失败1/5] ConnectionError: ('Connection aborted.', RemoteDisconnected('Remote end closed connection without response')) | https://prec.sxzwfw.gov.cn/jyxxgczb/1072722.jhtml
  [PDF公告] 发现PDF: https://ggzyjyzx.yuncheng.gov.cn:8083/upload/wj/2c9f80959f4135b2019f44eca2bd0609.pdf
  [PDF] 下载: https://ggzyjyzx.yuncheng.gov.cn:8083/upload/wj/2c9f80959f4135b2019f44eca2bd0609.pdf
  [GET失败1/5] ConnectionError: ('Connection aborted.', ConnectionResetError(104, 'Connection reset by peer')) | https://ggzyjyzx.yuncheng.gov.cn:8083/upload/wj/2c9f80959f4135b2019f44eca2bd0609.pdf
  [PDF] 直接提取文字成功，长度=4385
    ✓ 开标时间: 2026 年 7 月 31 日 9 时00 分
    ✓ 标书发售时间: 2026 年 7 月 9 日 15 时00 分起至2026 年 7 月 14 日 15 时00 分止
    ✓ 公告内容: 夏县庙前镇、埝掌镇生活污水处理支管网工程（一至五标段） 招标公告 （招标编号：2026GC010707） 招标项目所在地区：夏县 一、招标条件 本夏县庙前镇、埝
    ✓ 招标人: 夏县住房和城乡建设管理局
    ✓ 招标人地址: 夏县新建北路8 号
    ✓ 招标人联系人: 张先生
    ✓ 招标人联系方式: 0359-8532041
    ✓ 招标代理机构: 山西鑫信盛工程项目管理有限公司
    ✓ 招标代理机构地址: 运城市盐湖区禹都大道中段智汇大厦北110 米新新桥社区居家养老服务中心院内3 巷1 号
    ✓ 招标代理机构联系人: 王先生
    ✓ 招标代理机构联系方式: 0359-2313888 17635581955
    ✓ 监督部门: 运城市住房和城乡建设局
    ✓ 监督部门联系方式: 0359-2222905
  [山西省长治监狱迁建项目岩土工程.勘察] AI补字段 ['开标时间', '标书发售时间'] ← https://prec.sxzwfw.gov.cn/jyxxgczb/1072721.jhtml
    ✓ 开标时间: 2026年7月30日09时30分
    ✓ 标书发售时间: 2026年7月9日至2026年7月30日
  [田悦化肥分公司造粒成品冷却系统节能改造项目EPC总承包工程] AI补字段 ['标书发售时间', '监督部门'] ← https://prec.sxzwfw.gov.cn/jyxxgczb/1072599.jhtml
  [GET失败1/5] ReadTimeout: HTTPSConnectionPool(host='prec.sxzwfw.gov.cn', port=443): Read timed out. (read timeout=15) | https://prec.sxzwfw.gov.cn/jyxxgczb/1072599.jhtml
    ✓ 标书发售时间: 2026年07月09日17时00分至2026年07月16日17时00分
    ✓ 监督部门: 阳城县工业和信息化局、山西兰花集团法律事务中心
  [盐湖区市民文化活动中心建设项目] AI补字段 ['开标时间', '标书发售时间', '公告内容', '招标人', '招标人地址', '招标人联系人', '招标人联系方式', '招标代理机构', '招标代理机构地址', '招标代理机构联系人', '招标代理机构联系方式', '监督部门', '监督部门联系方式'] ← https://prec.sxzwfw.gov.cn/jyxxgczb/1072590.jhtml
  [GET失败1/5] ConnectionError: ('Connection aborted.', RemoteDisconnected('Remote end closed connection without response')) | https://prec.sxzwfw.gov.cn/jyxxgczb/1072590.jhtml
  [PDF公告] 发现PDF: https://ggzyjyzx.yuncheng.gov.cn:8083/upload/wj/2c9f80959f4135b2019f414a75bb000e.pdf
  [PDF] 下载: https://ggzyjyzx.yuncheng.gov.cn:8083/upload/wj/2c9f80959f4135b2019f414a75bb000e.pdf
  [PDF] 直接提取文字成功，长度=2199
    ✓ 开标时间: 2026年7月30日9时00分
    ✓ 标书发售时间: 2026年7月09日09时00分起至2026年7月16日09时00分止
    ✓ 公告内容: 盐湖区市民文化活动中心建设项目二次 招标公告 （招标编号：2026GC010536） 招标项目所在地区：盐湖高新技术产业开发区 一、招标条件 本盐湖区市民文化活
    ✓ 招标人: 运城市盐湖区文化和旅游局
    ✓ 招标人地址: 运城市盐湖区市府街30号
    ✓ 招标人联系人: 梁女士
    ✓ 招标人联系方式: 0359-8820126
    ✓ 招标代理机构: 山西润泉招标代理有限公司
    ✓ 招标代理机构地址: 运城市河东东街学府嘉园星座4单元902室
    ✓ 招标代理机构联系人: 丁先生
    ✓ 招标代理机构联系方式: 0359-2255789 17635579555
    ✓ 监督部门: 运城市盐湖区住房和城乡建设局
    ✓ 监督部门联系方式: 0359-2360628
  [沁县城市更新育才片区改造(回迁安置)项目勘察] AI补字段 ['招标人', '招标人地址', '招标人联系人', '招标人联系方式', '招标代理机构地址', '招标代理机构联系人', '招标代理机构联系方式'] ← https://prec.sxzwfw.gov.cn/jyxxgczb/1067703.jhtml
    ✓ 招标人: 山西沁州产融投资发展有限公司
    ✓ 招标人地址: 长治市沁县沁州南路 8 号
    ✓ 招标人联系人: 曹先生
    ✓ 招标人联系方式: 0355-5502111
    ✓ 招标代理机构地址: 山西省长治市长治高新技术产业开发区老顶山物流园清控太行云谷 33 栋 1 号房
    ✓ 招标代理机构联系人: 郝女士
    ✓ 招标代理机构联系方式: 0355-7469666
  [沁县城市更新育才片区改造(回迁安置)项目初步设计] AI补字段 ['标书发售时间'] ← https://prec.sxzwfw.gov.cn/jyxxgczb/1068118.jhtml
  [GET失败1/5] ReadTimeout: HTTPSConnectionPool(host='prec.sxzwfw.gov.cn', port=443): Read timed out. (read timeout=15) | https://prec.sxzwfw.gov.cn/jyxxgczb/1068118.jhtml
  [GET失败2/5] ReadTimeout: HTTPSConnectionPool(host='prec.sxzwfw.gov.cn', port=443): Read timed out. (read timeout=15) | https://prec.sxzwfw.gov.cn/jyxxgczb/1068118.jhtml
  [GET失败3/5] ConnectionError: ('Connection aborted.', ConnectionResetError(104, 'Connection reset by peer')) | https://prec.sxzwfw.gov.cn/jyxxgczb/1068118.jhtml
    ✓ 标书发售时间: 2026年06月25日至2026年07月16日
  [代县阳明堡镇2026年生态农业示范园配套道路及渠道修建项目项目] AI补字段 ['监督部门联系方式'] ← https://prec.sxzwfw.gov.cn/jyxxgchxr/1072768.jhtml
  [GET失败1/5] ConnectionError: ('Connection aborted.', ConnectionResetError(104, 'Connection reset by peer')) | https://prec.sxzwfw.gov.cn/jyxxgchxr/1072768.jhtml
  [GET失败2/5] ConnectionError: ('Connection aborted.', ConnectionResetError(104, 'Connection reset by peer')) | https://prec.sxzwfw.gov.cn/jyxxgchxr/1072768.jhtml
  [GET失败3/5] ConnectionError: ('Connection aborted.', ConnectionResetError(104, 'Connection reset by peer')) | https://prec.sxzwfw.gov.cn/jyxxgchxr/1072768.jhtml
  [GET失败4/5] ProxyError: HTTPSConnectionPool(host='prec.sxzwfw.gov.cn', port=443): Max retries exceeded with url: /jyxxgchxr/1072768.jhtml (Caused by ProxyError('Unable to connect to proxy', RemoteDisconnected('Remote end closed connection without response'))) | https://prec.sxzwfw.gov.cn/jyxxgchxr/1072768.jhtml
    ✓ 监督部门联系方式: 代县农业农村局
  [山西介休义棠青云煤业有限公司保水开采地面区域探查治理工程总承包项目] AI补字段 ['标书发售时间', '监督部门联系方式'] ← https://prec.sxzwfw.gov.cn/jyxxgczb/1064608.jhtml
    ✓ 标书发售时间: 2026-06-12 22:00:00至2026-06-17 22:00:00
    ✗ 监督部门联系方式: AI未提取
  [阳泉市郊区2026 年国土绿化综合治理项目施工二次第七标段] AI补字段 ['监督部门'] ← https://prec.sxzwfw.gov.cn/jyxxgchxr/1072730.jhtml
  [GET失败1/5] ProxyError: HTTPSConnectionPool(host='prec.sxzwfw.gov.cn', port=443): Max retries exceeded with url: /jyxxgchxr/1072730.jhtml (Caused by ProxyError('Unable to connect to proxy', OSError('Tunnel connection failed: 436 Proxy Authentication Failed'))) | https://prec.sxzwfw.gov.cn/jyxxgchxr/1072730.jhtml
  [GET失败2/5] ReadTimeout: HTTPSConnectionPool(host='prec.sxzwfw.gov.cn', port=443): Read timed out. (read timeout=15) | https://prec.sxzwfw.gov.cn/jyxxgchxr/1072730.jhtml
  [GET失败3/5] ReadTimeout: HTTPSConnectionPool(host='prec.sxzwfw.gov.cn', port=443): Read timed out. (read timeout=15) | https://prec.sxzwfw.gov.cn/jyxxgchxr/1072730.jhtml
    ✓ 监督部门: 阳泉市规划和自然资源局
  [化章街（西温庄路—太原晋中界）两侧绿化带建设工程施工] AI补字段 ['监督部门联系方式'] ← https://prec.sxzwfw.gov.cn/jyxxgchxr/1072728.jhtml
    ✗ 监督部门联系方式: AI未提取
  [中信机电能源科技(山西)有限公司220千伏变电站输配电线路项目220千伏线路施工] AI补字段 ['开标时间', '标书发售时间', '公告内容', '招标人', '招标人地址', '招标人联系人', '招标人联系方式', '招标代理机构', '招标代理机构地址', '招标代理机构联系人', '招标代理机构联系方式', '监督部门'] ← https://prec.sxzwfw.gov.cn/jyxxgczb/1063204.jhtml
  [PDF公告] 发现PDF: https://ggzyjyzx.yuncheng.gov.cn:8083/upload/wj/2c9f80959e25d986019eaa0e923e2a1f.pdf
  [PDF] 下载: https://ggzyjyzx.yuncheng.gov.cn:8083/upload/wj/2c9f80959e25d986019eaa0e923e2a1f.pdf
  [GET失败1/5] ReadTimeout: HTTPSConnectionPool(host='ggzyjyzx.yuncheng.gov.cn', port=8083): Read timed out. (read timeout=15) | https://ggzyjyzx.yuncheng.gov.cn:8083/upload/wj/2c9f80959e25d986019eaa0e923e2a1f.pdf
  [GET失败2/5] ConnectionError: ('Connection aborted.', ConnectionResetError(104, 'Connection reset by peer')) | https://ggzyjyzx.yuncheng.gov.cn:8083/upload/wj/2c9f80959e25d986019eaa0e923e2a1f.pdf
  [PDF] 直接提取文字成功，长度=2428
    ✓ 开标时间: 2026年07月01日09时00分
    ✓ 标书发售时间: 2026年06月10日00时00分起至2026年06月17日23时59分止
    ✓ 公告内容: “中信机电能源科技（山西）有限公司 220 千伏变电站输配电线路项目220 千伏线路施工招标公告 （招标编号：2026GC010550） 招标项目所在地区：运城
    ✓ 招标人: 中信机电能源科技（山西）有限公司
    ✓ 招标人地址: 山西省运城市绛县开发区华信大道东商住楼B 段北起第16-18 间
    ✓ 招标人联系人: 谭先生
    ✓ 招标人联系方式: 18635973315
    ✓ 招标代理机构: 中信国际招标有限公司
    ✓ 招标代理机构地址: 北京市朝阳区东三环中路59 号楼18 �层（实际楼层15 层）1801、1802、1803 室
    ✓ 招标代理机构联系人: 闫璐璐 李雪 李金
    ✓ 招标代理机构联系方式: 13213003292
    ✓ 监督部门: 绛县能源局
  [响水坡村供排污工程总承包二次招标] AI补字段 ['标书发售时间'] ← https://prec.sxzwfw.gov.cn/jyxxgczb/1062931.jhtml
    ✓ 标书发售时间: 2026年6月8日17：00至2026年6月13日17：00
  [太原市第五中学校丽华校区建设项目设计] AI补字段 ['标书发售时间', '招标代理机构联系人'] ← https://prec.sxzwfw.gov.cn/jyxxgczb/1065484.jhtml
  [GET失败1/5] ConnectionError: ('Connection aborted.', RemoteDisconnected('Remote end closed connection without response')) | https://prec.sxzwfw.gov.cn/jyxxgczb/1065484.jhtml
  [GET失败2/5] ReadTimeout: HTTPSConnectionPool(host='prec.sxzwfw.gov.cn', port=443): Read timed out. (read timeout=15) | https://prec.sxzwfw.gov.cn/jyxxgczb/1065484.jhtml
    ✓ 标书发售时间: 2026年06月16日17时30分-2026年06月24日17时30分
    ✓ 招标代理机构联系人: 薛乘风
  [太原市西山地表水厂供水工程电石街等5项输配水管线工程钢管采购（二次）] AI补字段 ['开标时间', '标书发售时间', '公告内容', '招标人', '招标人地址', '招标人联系人', '招标人联系方式', '招标代理机构', '招标代理机构地址', '招标代理机构联系人', '招标代理机构联系方式', '监督部门', '监督部门联系方式'] ← https://prec.sxzwfw.gov.cn/jyxxgczb/1065768.jhtml
    ✓ 开标时间: 2026年07月08日09时30分
    ✓ 标书发售时间: 2026年06月17日15时30分至2026年06月23日17时00分
    ✓ 公告内容: （招标编号：E1401000267024455001001） 招标项目所在地区：山西省太原市 一、招标条件 本招标项目太原市西山地表水厂供水工程电石街等5项输配
    ✓ 招标人: 太原供水集团有限公司
    ✓ 招标人地址: 太原市杏花岭区北大街109号
    ✓ 招标人联系人: 赵小峰
    ✓ 招标人联系方式: 0351-3020169
    ✓ 招标代理机构: 华安项目管理咨询有限公司
    ✓ 招标代理机构地址: 太原市长风街705号和信商座19层
    ✓ 招标代理机构联系人: 石亚琼
    ✓ 招标代理机构联系方式: 0351-2715153
    ✓ 监督部门: 万柏林区住房和城乡建设局
    ✓ 监督部门联系方式: 0351-6048670
  [太原供水集团有限公司北张东路等给水管线改造工程球墨铸铁管采购] AI补字段 ['招标代理机构联系人'] ← https://prec.sxzwfw.gov.cn/jyxxgczb/1065766.jhtml
    ✓ 招标代理机构联系人: 石亚琼
  [太原市第五中学校丽华校区建设项目勘察] AI补字段 ['标书发售时间', '招标代理机构联系人'] ← https://prec.sxzwfw.gov.cn/jyxxgczb/1065483.jhtml
    ✓ 标书发售时间: 2026年06月16日17时30分-2026年06月24日17时30分（北京时间）
    ✓ 招标代理机构联系人: 薛乘风
  [文庙皇庙片区一文道建设工程设计] AI补字段 ['招标代理机构联系人'] ← https://prec.sxzwfw.gov.cn/jyxxgczb/1065854.jhtml
  [GET失败1/5] ReadTimeout: HTTPSConnectionPool(host='prec.sxzwfw.gov.cn', port=443): Read timed out. (read timeout=15) | https://prec.sxzwfw.gov.cn/jyxxgczb/1065854.jhtml
  [GET失败2/5] ReadTimeout: HTTPSConnectionPool(host='prec.sxzwfw.gov.cn', port=443): Read timed out. (read timeout=15) | https://prec.sxzwfw.gov.cn/jyxxgczb/1065854.jhtml
  [GET失败3/5] ConnectionError: ('Connection aborted.', ConnectionResetError(104, 'Connection reset by peer')) | https://prec.sxzwfw.gov.cn/jyxxgczb/1065854.jhtml
    ✓ 招标代理机构联系人: 王晨星
  [长治市天晚集路等27条路雨污分流改造工程（第三标段）施工项目] AI补字段 ['标书发售时间'] ← https://prec.sxzwfw.gov.cn/jyxxgczb/1060356.jhtml
  [GET失败1/5] ReadTimeout: HTTPSConnectionPool(host='prec.sxzwfw.gov.cn', port=443): Read timed out. (read timeout=15) | https://prec.sxzwfw.gov.cn/jyxxgczb/1060356.jhtml
  [GET失败2/5] ConnectionError: ('Connection aborted.', ConnectionResetError(104, 'Connection reset by peer')) | https://prec.sxzwfw.gov.cn/jyxxgczb/1060356.jhtml
  [GET失败3/5] ReadTimeout: HTTPSConnectionPool(host='prec.sxzwfw.gov.cn', port=443): Read timed out. (read timeout=15) | https://prec.sxzwfw.gov.cn/jyxxgczb/1060356.jhtml
    ✓ 标书发售时间: 2026年05月29日至2026年06月24日(北京时间)
  [武乡县新城区污水处理厂尾水人工湿地净化工程初步设计设计项目] AI补字段 ['招标人', '招标人地址', '招标人联系人', '招标人联系方式', '招标代理机构', '招标代理机构地址', '招标代理机构联系人', '招标代理机构联系方式'] ← https://prec.sxzwfw.gov.cn/jyxxgczb/1065426.jhtml
  [GET失败1/5] ConnectionError: ('Connection aborted.', ConnectionResetError(104, 'Connection reset by peer')) | https://prec.sxzwfw.gov.cn/jyxxgczb/1065426.jhtml
  [GET失败2/5] ReadTimeout: HTTPSConnectionPool(host='prec.sxzwfw.gov.cn', port=443): Read timed out. (read timeout=15) | https://prec.sxzwfw.gov.cn/jyxxgczb/1065426.jhtml
    ✓ 招标人: 长治市生态环境局武乡分局
    ✗ 招标人地址: AI未提取
    ✗ 招标人联系人: AI未提取
    ✗ 招标人联系方式: AI未提取
    ✗ 招标代理机构: AI未提取
    ✗ 招标代理机构地址: AI未提取
    ✗ 招标代理机构联系人: AI未提取
    ✗ 招标代理机构联系方式: AI未提取
  [忻州市通岗路、广裕街道路建设工程设计项目] AI补字段 ['监督部门联系方式'] ← https://prec.sxzwfw.gov.cn/jyxxgchxr/1072587.jhtml
  [GET失败1/5] ConnectionError: ('Connection aborted.', ConnectionResetError(104, 'Connection reset by peer')) | https://prec.sxzwfw.gov.cn/jyxxgchxr/1072587.jhtml
  [GET失败2/5] ConnectionError: ('Connection aborted.', ConnectionResetError(104, 'Connection reset by peer')) | https://prec.sxzwfw.gov.cn/jyxxgchxr/1072587.jhtml
    ✗ 监督部门联系方式: AI未提取
  [2026年泽州县昆玉小区等4个老旧小区更新改造工程初步设计] AI补字段 ['招标人', '招标人地址', '招标人联系人', '招标人联系方式', '招标代理机构', '招标代理机构地址', '招标代理机构联系人', '招标代理机构联系方式'] ← https://prec.sxzwfw.gov.cn/jyxxgczb/1065464.jhtml
    ✓ 招标人: 泽州县住房和城乡建设管理局
    ✗ 招标人地址: AI未提取
    ✗ 招标人联系人: AI未提取
    ✗ 招标人联系方式: AI未提取
    ✗ 招标代理机构: AI未提取
    ✗ 招标代理机构地址: AI未提取
    ✗ 招标代理机构联系人: AI未提取
    ✗ 招标代理机构联系方式: AI未提取
[AI报告] → /home/intsig/zwx/shanxi/log/20260709_ai_report.log
  AI补全完成：149 个字段
  AI调用统计：共 66 次
  输入 tokens : 99,951
  输出 tokens : 25,095
  合计 tokens : 125,046
[自检] → /home/intsig/zwx/shanxi/log/20260709_check.log
[索引] → /home/intsig/zwx/shanxi/output/山西_index.txt

============================================================
完成！共 723 条记录 → /home/intsig/zwx/shanxi/output/山西.csv
自检日志 → /home/intsig/zwx/shanxi/log/20260709_check.log
AI报告   → /home/intsig/zwx/shanxi/log/20260709_ai_report.log
============================================================
============================================================
运行结束: 2026-07-09 23:21:55
============================================================
============================================================
开始运行山西爬虫: 2026-07-10 22:00:01
当前目录: /home/intsig/zwx/shanxi
Python: /home/vipuser/miniconda3/envs/myenv/bin/python
脚本: /home/intsig/zwx/shanxi/shanxi_regex_ai.py
============================================================
============================================================
山西省公共资源交易平台爬虫 v4.3（历史回填 + 自检 + AI兜底 + IP代理池）
时间: 2026-07-10 22:00:02
输出: /home/intsig/zwx/shanxi/output/山西.csv
============================================================
初始化 Session...
  [GET失败1/3] ConnectionError: ('Connection aborted.', ConnectionResetError(104, 'Connection reset by peer')) | https://prec.sxzwfw.gov.cn/jyxx/index.jhtml
  [GET失败2/3] ConnectionError: ('Connection aborted.', ConnectionResetError(104, 'Connection reset by peer')) | https://prec.sxzwfw.gov.cn/jyxx/index.jhtml
Session 初始化成功
代理开关: True
代理池状态: {'available': 28, 'bad_total': 2, 'bad_unique': 2, 'api_calls_used': 1, 'api_calls_limit': 200, 'min_size': 8, 'default_num': 30, 'default_time': 5, 'default_port': 2, 'auto_refresh': True}
[CSV] 加载增量总表 723 行：/home/intsig/zwx/shanxi/output/山西.csv

===== 第一步：招标计划 =====
  [列表] channelId=198 第1页...
  [POST失败1/3] ConnectionError: ('Connection aborted.', ConnectionResetError(104, 'Connection reset by peer')) | https://prec.sxzwfw.gov.cn/queryContent-jyxx.jspx
  [列表] 总条数=21，当前已获取=10
  [列表] channelId=198 第2页...
  [POST失败1/3] ReadTimeout: HTTPSConnectionPool(host='prec.sxzwfw.gov.cn', port=443): Read timed out. (read timeout=18) | https://prec.sxzwfw.gov.cn/queryContent_2-jyxx.jspx
  [列表] 总条数=21，当前已获取=20
  [列表] channelId=198 第3页...
  [列表] 总条数=21，当前已获取=21
  [列表] 共 21 条

  [招标计划] 忻州境内2026年普通国省道灾毁恢复重建工程
  → 新增

  [招标计划] 300MW全钒液流电池生产制造项目
  → 新增

  [招标计划] 原平市公安局执法办案中心提质增效建设项目
  → 新增

  [招标计划] 阳城县2026年和美乡村建设项目
  [GET失败1/3] ConnectionError: ('Connection aborted.', ConnectionResetError(104, 'Connection reset by peer')) | https://prec.sxzwfw.gov.cn/jyxxzbjh/1073162.jhtml
  → 已存在，补充字段

  [招标计划] 山西天泽煤化工集团股份公司煤气化厂锅炉升级改造项目
  → 新增

  [招标计划] 奥家湾乡石灰岩矿区生态修复治理项目
  [GET失败1/3] ConnectionError: ('Connection aborted.', ConnectionResetError(104, 'Connection reset by peer')) | https://prec.sxzwfw.gov.cn/jyxxzbjh/1073134.jhtml
  → 新增

  [招标计划] 疆来晋城高平200MW/400MWh独立储能项目
  → 新增

  [招标计划] 临汾市襄汾县2026年农村环境整治资金项目
  [GET失败1/3] ConnectionError: ('Connection aborted.', RemoteDisconnected('Remote end closed connection without response')) | https://prec.sxzwfw.gov.cn/jyxxzbjh/1073104.jhtml
  → 新增

  [招标计划] 山西省朔州市山阴县县域充换电基础设施补短板试点建设项目
  → 新增

  [招标计划] 长子县雨污分流及错接混接系统化改造工程
  → 新增

  [招标计划] 盂县县城周边国省县道交通安全设施完善项目
  [GET失败1/3] ReadTimeout: HTTPSConnectionPool(host='prec.sxzwfw.gov.cn', port=443): Read timed out. (read timeout=15) | https://prec.sxzwfw.gov.cn/jyxxzbjh/1073059.jhtml
  → 新增

  [招标计划] 石楼县红军东征研学（留村）项目
  → 新增

  [招标计划] 山西阳泉矿区七元煤矿项目煤矿用履带式定向钻机
  → 新增

  [招标计划] 浮山县城市供水安全提升及智慧水务建设项目
  → 新增

  [招标计划] 贾得乡特 色 蔬菜种植扶持项目 (一 期 )
  [GET失败1/3] ConnectionError: ('Connection aborted.', ConnectionResetError(104, 'Connection reset by peer')) | https://prec.sxzwfw.gov.cn/jyxxzbjh/1073008.jhtml
  → 新增

  [招标计划] 山西阳泉矿区七元煤矿项目职工浴室工程
  → 已存在，补充字段

  [招标计划] 大同市十八中配套二路二期道路建设工程
  → 新增

  [招标计划] 山西运城农业职业技术学院农机装备产教融合实训基地
  [GET失败1/3] ProxyError: HTTPSConnectionPool(host='prec.sxzwfw.gov.cn', port=443): Max retries exceeded with url: /jyxxzbjh/1072980.jhtml (Caused by ProxyError('Unable to connect to proxy', OSError('Tunnel connection failed: 639 Internal Server Error'))) | https://prec.sxzwfw.gov.cn/jyxxzbjh/1072980.jhtml
  → 新增

  [招标计划] 隰县老城区地下管网改造工程项目招标计划变更
  → 新增

  [招标计划] 山西阳泉矿区七元煤矿项目煤矿用履带式定向
  → 已存在，补充字段

  [招标计划] 高平市城乡一体化农村管网（供排污）提升改造工程
  [GET失败1/3] ConnectionError: ('Connection aborted.', ConnectionResetError(104, 'Connection reset by peer')) | https://prec.sxzwfw.gov.cn/jyxxzbjh/1072919.jhtml
  → 新增

===== 第二步：招标公告频道 =====
  [列表] channelId=12 第1页...
  [列表] 总条数=45，当前已获取=10
  [列表] channelId=12 第2页...
  [列表] 总条数=45，当前已获取=20
  [列表] channelId=12 第3页...
  [POST失败1/3] ProxyError: HTTPSConnectionPool(host='prec.sxzwfw.gov.cn', port=443): Max retries exceeded with url: /queryContent_3-jyxx.jspx (Caused by ProxyError('Unable to connect to proxy', OSError('Tunnel connection failed: 618 Internal Server Error'))) | https://prec.sxzwfw.gov.cn/queryContent_3-jyxx.jspx
  [列表] 总条数=45，当前已获取=30
  [列表] channelId=12 第4页...
  [列表] 总条数=45，当前已获取=40
  [列表] channelId=12 第5页...
  [列表] 总条数=45，当前已获取=45
  [列表] 共 45 条

  [招标公告] 五台山风景名胜区石咀热源厂及管网配套工程项目输送机等设备（暂估价）采购
  [GET失败1/3] ReadTimeout: HTTPSConnectionPool(host='prec.sxzwfw.gov.cn', port=443): Read timed out. (read timeout=15) | https://prec.sxzwfw.gov.cn/jyxxgczb/1073225.jhtml
  [历史搜索] 五台山风景名胜区石咀热源厂及管网配套工程项目输送机等设备（暂估价）采购
  [历史回填] 搜索项目：五台山风景名胜区石咀热源厂及管网配套工程项目输送机等设备（暂估价）采购
    ✓ 历史招标公告
  → upsert 完成：招标公告

  [招标公告] 五台山风景名胜区石咀热源厂及管网配套工程项目汽车衡等设备（暂估价）采购
  [历史搜索] 五台山风景名胜区石咀热源厂及管网配套工程项目汽车衡等设备（暂估价）采购
  [历史回填] 搜索项目：五台山风景名胜区石咀热源厂及管网配套工程项目汽车衡等设备（暂估价）采购
    ✓ 历史招标公告
  [POST失败1/3] ConnectionError: ('Connection aborted.', RemoteDisconnected('Remote end closed connection without response')) | https://prec.sxzwfw.gov.cn/queryContent-jyxx.jspx
  [POST失败2/3] ProxyError: HTTPSConnectionPool(host='prec.sxzwfw.gov.cn', port=443): Max retries exceeded with url: /queryContent-jyxx.jspx (Caused by ProxyError('Unable to connect to proxy', OSError('Tunnel connection failed: 436 Proxy Authentication Failed'))) | https://prec.sxzwfw.gov.cn/queryContent-jyxx.jspx
  [POST失败3/3] ReadTimeout: HTTPSConnectionPool(host='prec.sxzwfw.gov.cn', port=443): Read timed out. (read timeout=18) | https://prec.sxzwfw.gov.cn/queryContent-jyxx.jspx
  → upsert 完成：招标公告

  [招标公告] 白水河流域（泽州路以西）排口整治及溢流污染控制工程监理
  [GET失败1/3] ReadTimeout: HTTPSConnectionPool(host='prec.sxzwfw.gov.cn', port=443): Read timed out. (read timeout=15) | https://prec.sxzwfw.gov.cn/jyxxgczb/1073218.jhtml
  [历史搜索] 白水河流域（泽州路以西）排口整治及溢流污染控制工程监理
  [历史回填] 搜索项目：白水河流域（泽州路以西）排口整治及溢流污染控制工程监理
  [POST失败1/3] ReadTimeout: HTTPSConnectionPool(host='prec.sxzwfw.gov.cn', port=443): Read timed out. (read timeout=18) | https://prec.sxzwfw.gov.cn/queryContent-jyxx.jspx
  [POST失败2/3] ReadTimeout: HTTPSConnectionPool(host='prec.sxzwfw.gov.cn', port=443): Read timed out. (read timeout=18) | https://prec.sxzwfw.gov.cn/queryContent-jyxx.jspx
  [GET失败1/3] ProxyError: HTTPSConnectionPool(host='prec.sxzwfw.gov.cn', port=443): Max retries exceeded with url: /jyxxgczb/1073218.jhtml (Caused by ProxyError('Unable to connect to proxy', OSError('Tunnel connection failed: 407 Proxy Authentication Required'))) | https://prec.sxzwfw.gov.cn/jyxxgczb/1073218.jhtml
    ✓ 历史招标公告
  → upsert 完成：招标公告

  [招标公告] 白水河流域（泽州路以西）排口整治及溢流污染控制工程总承包
  [历史搜索] 白水河流域（泽州路以西）排口整治及溢流污染控制工程总承包
  [历史回填] 搜索项目：白水河流域（泽州路以西）排口整治及溢流污染控制工程总承包
    ✓ 历史招标公告
  [POST失败1/3] ConnectionError: ('Connection aborted.', ConnectionResetError(104, 'Connection reset by peer')) | https://prec.sxzwfw.gov.cn/queryContent-jyxx.jspx
  [POST失败2/3] ConnectionError: ('Connection aborted.', ConnectionResetError(104, 'Connection reset by peer')) | https://prec.sxzwfw.gov.cn/queryContent-jyxx.jspx
  [POST失败1/3] ConnectionError: ('Connection aborted.', ConnectionResetError(104, 'Connection reset by peer')) | https://prec.sxzwfw.gov.cn/queryContent-jyxx.jspx
  [POST失败1/3] ConnectionError: ('Connection aborted.', ConnectionResetError(104, 'Connection reset by peer')) | https://prec.sxzwfw.gov.cn/queryContent-jyxx.jspx
  [POST失败2/3] ProxyError: HTTPSConnectionPool(host='prec.sxzwfw.gov.cn', port=443): Max retries exceeded with url: /queryContent-jyxx.jspx (Caused by ProxyError('Unable to connect to proxy', OSError('Tunnel connection failed: 407 Proxy Authentication Required'))) | https://prec.sxzwfw.gov.cn/queryContent-jyxx.jspx
  [POST失败3/3] ConnectionError: ('Connection aborted.', ConnectionResetError(104, 'Connection reset by peer')) | https://prec.sxzwfw.gov.cn/queryContent-jyxx.jspx
  → upsert 完成：招标公告

  [招标公告] 五台山风景名胜区石咀热源厂及管网配套工程项目冷渣机等设备（暂估价）采购
  [历史搜索] 五台山风景名胜区石咀热源厂及管网配套工程项目冷渣机等设备（暂估价）采购
  [历史回填] 搜索项目：五台山风景名胜区石咀热源厂及管网配套工程项目冷渣机等设备（暂估价）采购
  [GET失败1/3] ProxyError: HTTPSConnectionPool(host='prec.sxzwfw.gov.cn', port=443): Max retries exceeded with url: /jyxxgczb/1073207.jhtml (Caused by ProxyError('Unable to connect to proxy', OSError('Tunnel connection failed: 618 Internal Server Error'))) | https://prec.sxzwfw.gov.cn/jyxxgczb/1073207.jhtml
    ✓ 历史招标公告
  → upsert 完成：招标公告

  [招标公告] 神池县县道尚仁线K17+592-K30+900段县乡道路改造工程施工
  [GET失败1/3] ConnectionError: ('Connection aborted.', ConnectionResetError(104, 'Connection reset by peer')) | https://prec.sxzwfw.gov.cn/jyxxgczb/1073202.jhtml
  [历史搜索] 神池县县道尚仁线K17+592-K30+900段县乡道路改造工程施工
  [历史回填] 搜索项目：神池县县道尚仁线K17+592-K30+900段县乡道路改造工程施工
  [POST失败1/3] ConnectionError: ('Connection aborted.', RemoteDisconnected('Remote end closed connection without response')) | https://prec.sxzwfw.gov.cn/queryContent-jyxx.jspx
  → upsert 完成：招标公告

  [招标公告] 省道S255（蒲县至光华段）、S362（光华至襄汾段）升级改造工程电力迁改工程设计施工总承包
  [历史搜索] 省道S255（蒲县至光华段）、S362（光华至襄汾段）升级改造工程电力迁改工程设计施工总承包
  [历史回填] 搜索项目：省道S255（蒲县至光华段）、S362（光华至襄汾段）升级改造工程电力迁改工程设计施工总承包
    ✓ 历史招标计划
    ✓ 历史招标公告
  [POST失败1/3] ConnectionError: ('Connection aborted.', ConnectionResetError(104, 'Connection reset by peer')) | https://prec.sxzwfw.gov.cn/queryContent-jyxx.jspx
  [POST失败1/3] ConnectionError: ('Connection aborted.', RemoteDisconnected('Remote end closed connection without response')) | https://prec.sxzwfw.gov.cn/queryContent-jyxx.jspx
  [POST失败2/3] ConnectionError: ('Connection aborted.', RemoteDisconnected('Remote end closed connection without response')) | https://prec.sxzwfw.gov.cn/queryContent-jyxx.jspx
  → upsert 完成：招标公告

  [招标公告] 五台山风景名胜区石咀热源厂及管网配套工程项目给煤机等设备（暂估价）采购
  [历史搜索] 五台山风景名胜区石咀热源厂及管网配套工程项目给煤机等设备（暂估价）采购
  [历史回填] 搜索项目：五台山风景名胜区石咀热源厂及管网配套工程项目给煤机等设备（暂估价）采购
  [POST失败1/3] ConnectionError: ('Connection aborted.', ConnectionResetError(104, 'Connection reset by peer')) | https://prec.sxzwfw.gov.cn/queryContent-jyxx.jspx
  [POST失败1/3] ConnectionError: ('Connection aborted.', ConnectionResetError(104, 'Connection reset by peer')) | https://prec.sxzwfw.gov.cn/queryContent-jyxx.jspx
    ✓ 历史招标公告
  [POST失败1/3] ReadTimeout: HTTPSConnectionPool(host='prec.sxzwfw.gov.cn', port=443): Read timed out. (read timeout=18) | https://prec.sxzwfw.gov.cn/queryContent-jyxx.jspx
  → upsert 完成：招标公告

  [招标公告] 运城市平陆县亚洲开发银行贷款黄河流域绿色农田建设和农业高质量发展项目-冷库、温室、烘干场土建及货物
  [GET失败1/3] ConnectionError: ('Connection aborted.', ConnectionResetError(104, 'Connection reset by peer')) | https://prec.sxzwfw.gov.cn/jyxxgczb/1073171.jhtml
  [历史搜索] 运城市平陆县亚洲开发银行贷款黄河流域绿色农田建设和农业高质量发展项目-冷库、温室、烘干场土建及货物
  [历史回填] 搜索项目：运城市平陆县亚洲开发银行贷款黄河流域绿色农田建设和农业高质量发展项目-冷库、温室、烘干场土建及货物
    ✓ 历史招标公告
  [POST失败1/3] ConnectionError: ('Connection aborted.', ConnectionResetError(104, 'Connection reset by peer')) | https://prec.sxzwfw.gov.cn/queryContent-jyxx.jspx
  [POST失败1/3] ConnectionError: ('Connection aborted.', ConnectionResetError(104, 'Connection reset by peer')) | https://prec.sxzwfw.gov.cn/queryContent-jyxx.jspx
  → upsert 完成：招标公告

  [招标公告] 运城市平陆县亚洲开发银行贷款黄河流域绿色农田建设和农业高质量发展项目监理
  [GET失败1/3] ConnectionError: ('Connection aborted.', RemoteDisconnected('Remote end closed connection without response')) | https://prec.sxzwfw.gov.cn/jyxxgczb/1073170.jhtml
  [历史搜索] 运城市平陆县亚洲开发银行贷款黄河流域绿色农田建设和农业高质量发展项目监理
  [历史回填] 搜索项目：运城市平陆县亚洲开发银行贷款黄河流域绿色农田建设和农业高质量发展项目监理
    ✓ 历史招标计划
    ✓ 历史招标公告
  [POST失败1/3] ReadTimeout: HTTPSConnectionPool(host='prec.sxzwfw.gov.cn', port=443): Read timed out. (read timeout=18) | https://prec.sxzwfw.gov.cn/queryContent-jyxx.jspx
  [POST失败1/3] ReadTimeout: HTTPSConnectionPool(host='prec.sxzwfw.gov.cn', port=443): Read timed out. (read timeout=18) | https://prec.sxzwfw.gov.cn/queryContent-jyxx.jspx
  [POST失败2/3] ProxyError: HTTPSConnectionPool(host='prec.sxzwfw.gov.cn', port=443): Max retries exceeded with url: /queryContent-jyxx.jspx (Caused by ProxyError('Unable to connect to proxy', OSError('Tunnel connection failed: 435 Proxy Authentication Failed'))) | https://prec.sxzwfw.gov.cn/queryContent-jyxx.jspx
  → upsert 完成：招标公告

  [招标公告] 阳曲现代农业示范区光伏及配套设施建设项目监理
  [GET失败1/3] ReadTimeout: HTTPSConnectionPool(host='prec.sxzwfw.gov.cn', port=443): Read timed out. (read timeout=15) | https://prec.sxzwfw.gov.cn/jyxxgczb/1073163.jhtml
  [历史搜索] 阳曲现代农业示范区光伏及配套设施建设项目监理
  [历史回填] 搜索项目：阳曲现代农业示范区光伏及配套设施建设项目监理
  [POST失败1/3] ProxyError: HTTPSConnectionPool(host='prec.sxzwfw.gov.cn', port=443): Max retries exceeded with url: /queryContent-jyxx.jspx (Caused by ProxyError('Unable to connect to proxy', OSError('Tunnel connection failed: 435 Proxy Authentication Failed'))) | https://prec.sxzwfw.gov.cn/queryContent-jyxx.jspx
  [POST失败2/3] ReadTimeout: HTTPSConnectionPool(host='prec.sxzwfw.gov.cn', port=443): Read timed out. (read timeout=18) | https://prec.sxzwfw.gov.cn/queryContent-jyxx.jspx
  [POST失败3/3] ProxyError: HTTPSConnectionPool(host='prec.sxzwfw.gov.cn', port=443): Max retries exceeded with url: /queryContent-jyxx.jspx (Caused by ProxyError('Unable to connect to proxy', OSError('Tunnel connection failed: 436 Proxy Authentication Failed'))) | https://prec.sxzwfw.gov.cn/queryContent-jyxx.jspx
  [POST失败1/3] ReadTimeout: HTTPSConnectionPool(host='prec.sxzwfw.gov.cn', port=443): Read timed out. (read timeout=18) | https://prec.sxzwfw.gov.cn/queryContent-jyxx.jspx
  [POST失败2/3] ProxyError: HTTPSConnectionPool(host='prec.sxzwfw.gov.cn', port=443): Max retries exceeded with url: /queryContent-jyxx.jspx (Caused by ProxyError('Unable to connect to proxy', OSError('Tunnel connection failed: 407 Proxy Authentication Required'))) | https://prec.sxzwfw.gov.cn/queryContent-jyxx.jspx
  [POST失败3/3] ReadTimeout: HTTPSConnectionPool(host='prec.sxzwfw.gov.cn', port=443): Read timed out. (read timeout=18) | https://prec.sxzwfw.gov.cn/queryContent-jyxx.jspx
  [POST失败1/3] ConnectionError: ('Connection aborted.', ConnectionResetError(104, 'Connection reset by peer')) | https://prec.sxzwfw.gov.cn/queryContent-jyxx.jspx
  [POST失败2/3] ConnectionError: ('Connection aborted.', ConnectionResetError(104, 'Connection reset by peer')) | https://prec.sxzwfw.gov.cn/queryContent-jyxx.jspx
  [POST失败3/3] ReadTimeout: HTTPSConnectionPool(host='prec.sxzwfw.gov.cn', port=443): Read timed out. (read timeout=18) | https://prec.sxzwfw.gov.cn/queryContent-jyxx.jspx
  [POST失败1/3] ReadTimeout: HTTPSConnectionPool(host='prec.sxzwfw.gov.cn', port=443): Read timed out. (read timeout=18) | https://prec.sxzwfw.gov.cn/queryContent-jyxx.jspx
  [POST失败1/3] ConnectionError: ('Connection aborted.', RemoteDisconnected('Remote end closed connection without response')) | https://prec.sxzwfw.gov.cn/queryContent-jyxx.jspx
  → upsert 完成：招标公告

  [招标公告] 静乐县2026年大会项目区小流域综合治理提质增效项目施工
  [历史搜索] 静乐县2026年大会项目区小流域综合治理提质增效项目施工
  [历史回填] 搜索项目：静乐县2026年大会项目区小流域综合治理提质增效项目施工
  [POST失败1/3] ReadTimeout: HTTPSConnectionPool(host='prec.sxzwfw.gov.cn', port=443): Read timed out. (read timeout=18) | https://prec.sxzwfw.gov.cn/queryContent-jyxx.jspx
  [POST失败2/3] ConnectionError: ('Connection aborted.', ConnectionResetError(104, 'Connection reset by peer')) | https://prec.sxzwfw.gov.cn/queryContent-jyxx.jspx
  [POST失败3/3] ConnectionError: ('Connection aborted.', RemoteDisconnected('Remote end closed connection without response')) | https://prec.sxzwfw.gov.cn/queryContent-jyxx.jspx
  [POST失败1/3] ConnectionError: ('Connection aborted.', ConnectionResetError(104, 'Connection reset by peer')) | https://prec.sxzwfw.gov.cn/queryContent-jyxx.jspx
  [POST失败2/3] ConnectionError: ('Connection aborted.', ConnectionResetError(104, 'Connection reset by peer')) | https://prec.sxzwfw.gov.cn/queryContent-jyxx.jspx
  [POST失败3/3] ConnectionError: ('Connection aborted.', ConnectionResetError(104, 'Connection reset by peer')) | https://prec.sxzwfw.gov.cn/queryContent-jyxx.jspx
  [POST失败1/3] ConnectionError: ('Connection aborted.', RemoteDisconnected('Remote end closed connection without response')) | https://prec.sxzwfw.gov.cn/queryContent-jyxx.jspx
  [POST失败2/3] ConnectionError: ('Connection aborted.', ConnectionResetError(104, 'Connection reset by peer')) | https://prec.sxzwfw.gov.cn/queryContent-jyxx.jspx
  → upsert 完成：招标公告

  [招标公告] 蒲县蒲城镇城关村高标准生态种养殖项目施工
  [历史搜索] 蒲县蒲城镇城关村高标准生态种养殖项目施工
  [历史回填] 搜索项目：蒲县蒲城镇城关村高标准生态种养殖项目施工
    ✓ 历史招标公告
  [POST失败1/3] ReadTimeout: HTTPSConnectionPool(host='prec.sxzwfw.gov.cn', port=443): Read timed out. (read timeout=18) | https://prec.sxzwfw.gov.cn/queryContent-jyxx.jspx
  → upsert 完成：招标公告

  [招标公告] 晋城市主城区再生水综合利用及配套设施项目（西线）工程监理
  [GET失败1/3] ConnectionError: ('Connection aborted.', ConnectionResetError(104, 'Connection reset by peer')) | https://prec.sxzwfw.gov.cn/jyxxgczb/1073141.jhtml
  [历史搜索] 晋城市主城区再生水综合利用及配套设施项目（西线）工程监理
  [历史回填] 搜索项目：晋城市主城区再生水综合利用及配套设施项目（西线）工程监理
  [POST失败1/3] ReadTimeout: HTTPSConnectionPool(host='prec.sxzwfw.gov.cn', port=443): Read timed out. (read timeout=18) | https://prec.sxzwfw.gov.cn/queryContent-jyxx.jspx
    ✓ 历史招标公告
  [POST失败1/3] ProxyError: HTTPSConnectionPool(host='prec.sxzwfw.gov.cn', port=443): Max retries exceeded with url: /queryContent-jyxx.jspx (Caused by ProxyError('Unable to connect to proxy', OSError('Tunnel connection failed: 618 Internal Server Error'))) | https://prec.sxzwfw.gov.cn/queryContent-jyxx.jspx
  [POST失败1/3] ConnectionError: ('Connection aborted.', ConnectionResetError(104, 'Connection reset by peer')) | https://prec.sxzwfw.gov.cn/queryContent-jyxx.jspx
  → upsert 完成：招标公告

  [招标公告] 山西转型综改示范区南部潇河片区小牛线西延及大运路再生水管道建设工程施工图设计
  [GET失败1/3] ConnectionError: ('Connection aborted.', ConnectionResetError(104, 'Connection reset by peer')) | https://prec.sxzwfw.gov.cn/jyxxgczb/1073140.jhtml
  [历史搜索] 山西转型综改示范区南部潇河片区小牛线西延及大运路再生水管道建设工程施工图设计
  [历史回填] 搜索项目：山西转型综改示范区南部潇河片区小牛线西延及大运路再生水管道建设工程施工图设计
    ✓ 历史招标公告
  [POST失败1/3] ConnectionError: ('Connection aborted.', ConnectionResetError(104, 'Connection reset by peer')) | https://prec.sxzwfw.gov.cn/queryContent-jyxx.jspx
  [POST失败1/3] ConnectionError: ('Connection aborted.', ConnectionResetError(104, 'Connection reset by peer')) | https://prec.sxzwfw.gov.cn/queryContent-jyxx.jspx
  → upsert 完成：招标公告

  [招标公告] 国道108线太原晋中界至太谷任村一级公路新建工程施工监理
  [历史搜索] 国道108线太原晋中界至太谷任村一级公路新建工程施工监理
  [历史回填] 搜索项目：国道108线太原晋中界至太谷任村一级公路新建工程施工监理
  [POST失败1/3] ProxyError: HTTPSConnectionPool(host='prec.sxzwfw.gov.cn', port=443): Max retries exceeded with url: /queryContent-jyxx.jspx (Caused by ProxyError('Unable to connect to proxy', OSError('Tunnel connection failed: 618 Internal Server Error'))) | https://prec.sxzwfw.gov.cn/queryContent-jyxx.jspx
  [POST失败1/3] ProxyError: HTTPSConnectionPool(host='prec.sxzwfw.gov.cn', port=443): Max retries exceeded with url: /queryContent-jyxx.jspx (Caused by ProxyError('Unable to connect to proxy', OSError('Tunnel connection failed: 618 Internal Server Error'))) | https://prec.sxzwfw.gov.cn/queryContent-jyxx.jspx
    ✓ 历史招标公告
  [POST失败1/3] ReadTimeout: HTTPSConnectionPool(host='prec.sxzwfw.gov.cn', port=443): Read timed out. (read timeout=18) | https://prec.sxzwfw.gov.cn/queryContent-jyxx.jspx
  → upsert 完成：招标公告

  [未知公告] 阳泉市郊区西南舁乡大洼村农村公路建设工程(大洼新村-东南舁标段)线路1施工
  [历史搜索] 阳泉市郊区西南舁乡大洼村农村公路建设工程(大洼新村-东南舁标段)线路1施工
  [历史回填] 搜索项目：阳泉市郊区西南舁乡大洼村农村公路建设工程(大洼新村-东南舁标段)线路1施工
  [POST失败1/3] ReadTimeout: HTTPSConnectionPool(host='prec.sxzwfw.gov.cn', port=443): Read timed out. (read timeout=18) | https://prec.sxzwfw.gov.cn/queryContent-jyxx.jspx
  [POST失败2/3] ProxyError: HTTPSConnectionPool(host='prec.sxzwfw.gov.cn', port=443): Max retries exceeded with url: /queryContent-jyxx.jspx (Caused by ProxyError('Unable to connect to proxy', OSError('Tunnel connection failed: 436 Proxy Authentication Failed'))) | https://prec.sxzwfw.gov.cn/queryContent-jyxx.jspx
  [POST失败1/3] ReadTimeout: HTTPSConnectionPool(host='prec.sxzwfw.gov.cn', port=443): Read timed out. (read timeout=18) | https://prec.sxzwfw.gov.cn/queryContent-jyxx.jspx
  → upsert 完成：未知公告

  [未知公告] 山西阳泉矿区泊里煤矿项目一号风井场地10kV变电所电气设备采购招标暂停公告
  [历史搜索] 山西阳泉矿区泊里煤矿项目一号风井场地10kV变电所电气设备采购招标暂停公告
  [历史回填] 搜索项目：山西阳泉矿区泊里煤矿项目一号风井场地10kV变电所电气设备采购招标暂停公告
  [POST失败1/3] ProxyError: HTTPSConnectionPool(host='prec.sxzwfw.gov.cn', port=443): Max retries exceeded with url: /queryContent-jyxx.jspx (Caused by ProxyError('Unable to connect to proxy', OSError('Tunnel connection failed: 407 Proxy Authentication Required'))) | https://prec.sxzwfw.gov.cn/queryContent-jyxx.jspx
  [POST失败1/3] ReadTimeout: HTTPSConnectionPool(host='prec.sxzwfw.gov.cn', port=443): Read timed out. (read timeout=18) | https://prec.sxzwfw.gov.cn/queryContent-jyxx.jspx
  [POST失败2/3] ConnectionError: ('Connection aborted.', ConnectionResetError(104, 'Connection reset by peer')) | https://prec.sxzwfw.gov.cn/queryContent-jyxx.jspx
  [POST失败1/3] ConnectionError: ('Connection aborted.', ConnectionResetError(104, 'Connection reset by peer')) | https://prec.sxzwfw.gov.cn/queryContent-jyxx.jspx
  [POST失败2/3] ConnectionError: ('Connection aborted.', ConnectionResetError(104, 'Connection reset by peer')) | https://prec.sxzwfw.gov.cn/queryContent-jyxx.jspx
  [POST失败3/3] ProxyError: HTTPSConnectionPool(host='prec.sxzwfw.gov.cn', port=443): Max retries exceeded with url: /queryContent-jyxx.jspx (Caused by ProxyError('Unable to connect to proxy', RemoteDisconnected('Remote end closed connection without response'))) | https://prec.sxzwfw.gov.cn/queryContent-jyxx.jspx
  → upsert 完成：未知公告

  [招标公告] 偏关县文笔大街给排水老旧管网更新改造工程监理
  [历史搜索] 偏关县文笔大街给排水老旧管网更新改造工程监理
  [历史回填] 搜索项目：偏关县文笔大街给排水老旧管网更新改造工程监理
  [POST失败1/3] ProxyError: HTTPSConnectionPool(host='prec.sxzwfw.gov.cn', port=443): Max retries exceeded with url: /queryContent-jyxx.jspx (Caused by ProxyError('Unable to connect to proxy', OSError('Tunnel connection failed: 407 Proxy Authentication Required'))) | https://prec.sxzwfw.gov.cn/queryContent-jyxx.jspx
  [POST失败2/3] ConnectionError: ('Connection aborted.', ConnectionResetError(104, 'Connection reset by peer')) | https://prec.sxzwfw.gov.cn/queryContent-jyxx.jspx
  [POST失败3/3] ConnectionError: ('Connection aborted.', RemoteDisconnected('Remote end closed connection without response')) | https://prec.sxzwfw.gov.cn/queryContent-jyxx.jspx
    ✓ 历史招标公告
  [POST失败1/3] ConnectionError: ('Connection aborted.', ConnectionResetError(104, 'Connection reset by peer')) | https://prec.sxzwfw.gov.cn/queryContent-jyxx.jspx
  [POST失败2/3] ProxyError: HTTPSConnectionPool(host='prec.sxzwfw.gov.cn', port=443): Max retries exceeded with url: /queryContent-jyxx.jspx (Caused by ProxyError('Unable to connect to proxy', OSError('Tunnel connection failed: 618 Internal Server Error'))) | https://prec.sxzwfw.gov.cn/queryContent-jyxx.jspx
  → upsert 完成：招标公告

  [招标公告] 山西粤能望方山100MW风力发电项目EPC总承包监理
  [GET失败1/3] ConnectionError: ('Connection aborted.', RemoteDisconnected('Remote end closed connection without response')) | https://prec.sxzwfw.gov.cn/jyxxgczb/1073116.jhtml
  [历史搜索] 山西粤能望方山100MW风力发电项目EPC总承包监理
  [历史回填] 搜索项目：山西粤能望方山100MW风力发电项目EPC总承包监理
  [POST失败1/3] ConnectionError: ('Connection aborted.', ConnectionResetError(104, 'Connection reset by peer')) | https://prec.sxzwfw.gov.cn/queryContent-jyxx.jspx
  [POST失败2/3] ConnectionError: ('Connection aborted.', ConnectionResetError(104, 'Connection reset by peer')) | https://prec.sxzwfw.gov.cn/queryContent-jyxx.jspx
    ✓ 历史招标公告
  → upsert 完成：招标公告

  [终止公告] 山西蓝焰煤层气集团有限责任公司晋城矿区煤层气加密井建设项目（二期）煤层气井录井技术服务
  [历史搜索] 山西蓝焰煤层气集团有限责任公司晋城矿区煤层气加密井建设项目（二期）煤层气井录井技术服务
  [历史回填] 搜索项目：山西蓝焰煤层气集团有限责任公司晋城矿区煤层气加密井建设项目（二期）煤层气井录井技术服务
  [POST失败1/3] ConnectionError: ('Connection aborted.', ConnectionResetError(104, 'Connection reset by peer')) | https://prec.sxzwfw.gov.cn/queryContent-jyxx.jspx
    ✓ 历史招标公告
    ✓ 历史候选人监督部门
    ✓ 历史结果监督部门
  → upsert 完成：终止公告

  [招标公告] 太原供水集团有限公司北张东路等给水管线改造工程阀门采购项目
  [历史搜索] 太原供水集团有限公司北张东路等给水管线改造工程阀门采购项目
  [历史回填] 搜索项目：太原供水集团有限公司北张东路等给水管线改造工程阀门采购项目
    ✓ 历史招标公告
  → upsert 完成：招标公告

  [未知公告] 太原供水集团有限公司北张东路等给水管线改造工程阀门采购项目(1标段)最高投标限价
  [历史搜索] 太原供水集团有限公司北张东路等给水管线改造工程阀门采购项目(1标段)最高投标限价
  [历史回填] 搜索项目：太原供水集团有限公司北张东路等给水管线改造工程阀门采购项目(1标段)最高投标限价
  → upsert 完成：未知公告

  [招标公告] 2026年太原市建成区集中供热设备更新工程（第二批）不锈钢软水设备采购及服务项目
  [历史搜索] 2026年太原市建成区集中供热设备更新工程（第二批）不锈钢软水设备采购及服务项目
  [历史回填] 搜索项目：2026年太原市建成区集中供热设备更新工程（第二批）不锈钢软水设备采购及服务项目
  [POST失败1/3] ConnectionError: ('Connection aborted.', ConnectionResetError(104, 'Connection reset by peer')) | https://prec.sxzwfw.gov.cn/queryContent-jyxx.jspx
  [POST失败2/3] ReadTimeout: HTTPSConnectionPool(host='prec.sxzwfw.gov.cn', port=443): Read timed out. (read timeout=18) | https://prec.sxzwfw.gov.cn/queryContent-jyxx.jspx
  [GET失败1/3] ConnectionError: ('Connection aborted.', ConnectionResetError(104, 'Connection reset by peer')) | https://prec.sxzwfw.gov.cn/jyxxgczb/1073082.jhtml
    ✓ 历史招标公告
  [POST失败1/3] ConnectionError: ('Connection aborted.', RemoteDisconnected('Remote end closed connection without response')) | https://prec.sxzwfw.gov.cn/queryContent-jyxx.jspx
  [POST失败2/3] ReadTimeout: HTTPSConnectionPool(host='prec.sxzwfw.gov.cn', port=443): Read timed out. (read timeout=18) | https://prec.sxzwfw.gov.cn/queryContent-jyxx.jspx
  [POST失败1/3] ReadTimeout: HTTPSConnectionPool(host='prec.sxzwfw.gov.cn', port=443): Read timed out. (read timeout=18) | https://prec.sxzwfw.gov.cn/queryContent-jyxx.jspx
  → upsert 完成：招标公告

  [未知公告] 2026年太原市建成区集中供热设备更新工程（第二批）不锈钢软水设备采购及服务项目(1标段)最高投标限价
  [历史搜索] 2026年太原市建成区集中供热设备更新工程（第二批）不锈钢软水设备采购及服务项目(1标段)最高投标限价
  [历史回填] 搜索项目：2026年太原市建成区集中供热设备更新工程（第二批）不锈钢软水设备采购及服务项目(1标段)最高投标限价
  [POST失败1/3] ProxyError: HTTPSConnectionPool(host='prec.sxzwfw.gov.cn', port=443): Max retries exceeded with url: /queryContent-jyxx.jspx (Caused by ProxyError('Unable to connect to proxy', OSError('Tunnel connection failed: 436 Proxy Authentication Failed'))) | https://prec.sxzwfw.gov.cn/queryContent-jyxx.jspx
  [POST失败1/3] ProxyError: HTTPSConnectionPool(host='prec.sxzwfw.gov.cn', port=443): Max retries exceeded with url: /queryContent-jyxx.jspx (Caused by ProxyError('Unable to connect to proxy', OSError('Tunnel connection failed: 643 Proxy Authentication Failed'))) | https://prec.sxzwfw.gov.cn/queryContent-jyxx.jspx
  [POST失败2/3] ReadTimeout: HTTPSConnectionPool(host='prec.sxzwfw.gov.cn', port=443): Read timed out. (read timeout=18) | https://prec.sxzwfw.gov.cn/queryContent-jyxx.jspx
  [POST失败3/3] ReadTimeout: HTTPSConnectionPool(host='prec.sxzwfw.gov.cn', port=443): Read timed out. (read timeout=18) | https://prec.sxzwfw.gov.cn/queryContent-jyxx.jspx
  → upsert 完成：未知公告

  [延期公告] 山西路桥科研生产基地建设项目生产加工车间建设工程招标
  [历史搜索] 山西路桥科研生产基地建设项目生产加工车间建设工程招标
  [历史回填] 搜索项目：山西路桥科研生产基地建设项目生产加工车间建设工程招标
  [POST失败1/3] ReadTimeout: HTTPSConnectionPool(host='prec.sxzwfw.gov.cn', port=443): Read timed out. (read timeout=18) | https://prec.sxzwfw.gov.cn/queryContent-jyxx.jspx
  [POST失败1/3] ReadTimeout: HTTPSConnectionPool(host='prec.sxzwfw.gov.cn', port=443): Read timed out. (read timeout=18) | https://prec.sxzwfw.gov.cn/queryContent-jyxx.jspx
  [POST失败2/3] ConnectionError: ('Connection aborted.', ConnectionResetError(104, 'Connection reset by peer')) | https://prec.sxzwfw.gov.cn/queryContent-jyxx.jspx
  → upsert 完成：延期公告

  [招标公告] 沁县2026年较大人口自然村通硬化路工程建设项目（第一批）施工
  [GET失败1/3] ConnectionError: ('Connection aborted.', ConnectionResetError(104, 'Connection reset by peer')) | https://prec.sxzwfw.gov.cn/jyxxgczb/1073073.jhtml
  [历史搜索] 沁县2026年较大人口自然村通硬化路工程建设项目（第一批）施工
  [历史回填] 搜索项目：沁县2026年较大人口自然村通硬化路工程建设项目（第一批）施工
    ✓ 历史招标公告
  [POST失败1/3] ReadTimeout: HTTPSConnectionPool(host='prec.sxzwfw.gov.cn', port=443): Read timed out. (read timeout=18) | https://prec.sxzwfw.gov.cn/queryContent-jyxx.jspx
  → upsert 完成：招标公告

  [跳过-控制价] 沁县2026年较大人口自然村通硬化路工程建设项目（第一批）施工招标控制价

  [招标公告] 中部引黄孝义市市域配套水网工程监理项目
  [历史搜索] 中部引黄孝义市市域配套水网工程监理项目
  [历史回填] 搜索项目：中部引黄孝义市市域配套水网工程监理项目
  [POST失败1/3] ConnectionError: ('Connection aborted.', ConnectionResetError(104, 'Connection reset by peer')) | https://prec.sxzwfw.gov.cn/queryContent-jyxx.jspx
  [POST失败2/3] ReadTimeout: HTTPSConnectionPool(host='prec.sxzwfw.gov.cn', port=443): Read timed out. (read timeout=18) | https://prec.sxzwfw.gov.cn/queryContent-jyxx.jspx
    ✓ 历史招标公告
  → upsert 完成：招标公告

  [跳过-控制价] 中部引黄孝义市市域配套水网工程监理项目招标控制价

  [招标公告] 马庄城改项目回迁安置小区连接道路工程—电力通道工程项目
  [历史搜索] 马庄城改项目回迁安置小区连接道路工程—电力通道工程项目
  [历史回填] 搜索项目：马庄城改项目回迁安置小区连接道路工程—电力通道工程项目
    ✓ 历史招标公告
  → upsert 完成：招标公告

  [未知公告] 马庄城改项目回迁安置小区连接道路工程—电力通道工程项目(1标段)最高投标限价
  [历史搜索] 马庄城改项目回迁安置小区连接道路工程—电力通道工程项目(1标段)最高投标限价
  [历史回填] 搜索项目：马庄城改项目回迁安置小区连接道路工程—电力通道工程项目(1标段)最高投标限价
  [POST失败1/3] ReadTimeout: HTTPSConnectionPool(host='prec.sxzwfw.gov.cn', port=443): Read timed out. (read timeout=18) | https://prec.sxzwfw.gov.cn/queryContent-jyxx.jspx
  → upsert 完成：未知公告

  [跳过-控制价] 武乡县大有乡峪口村基础设施以工代赈项目施工招标控制价

  [招标公告] 长治市屯留区农控高端智慧设施蔬菜产业园配套基础设施项目EPC总承包
  [历史搜索] 长治市屯留区农控高端智慧设施蔬菜产业园配套基础设施项目EPC总承包
  [历史回填] 搜索项目：长治市屯留区农控高端智慧设施蔬菜产业园配套基础设施项目EPC总承包
  [GET失败1/3] ConnectionError: ('Connection aborted.', RemoteDisconnected('Remote end closed connection without response')) | https://prec.sxzwfw.gov.cn/jyxxgczb/1073010.jhtml
    ✓ 历史招标公告
  → upsert 完成：招标公告

  [跳过-控制价] 长治市屯留区农控高端智慧设施蔬菜产业园配套基础设施项目EPC总承包招标控制价

  [跳过-控制价] 壶关县龙泉镇农村生活污水治理项目设计招标控制价

  [招标公告] 运城市人民医院医养结合服务能力建设项目（EPC总承包）监理
  [历史搜索] 运城市人民医院医养结合服务能力建设项目（EPC总承包）监理
  [历史回填] 搜索项目：运城市人民医院医养结合服务能力建设项目（EPC总承包）监理
  [POST失败1/3] ConnectionError: ('Connection aborted.', RemoteDisconnected('Remote end closed connection without response')) | https://prec.sxzwfw.gov.cn/queryContent-jyxx.jspx
  [POST失败1/3] ReadTimeout: HTTPSConnectionPool(host='prec.sxzwfw.gov.cn', port=443): Read timed out. (read timeout=18) | https://prec.sxzwfw.gov.cn/queryContent-jyxx.jspx
    ✓ 历史招标公告
  → upsert 完成：招标公告

  [跳过-控制价] 盐湖区公共实训基地建设项目建筑安装工程招标控制价

  [招标公告] 运城市人民医院医养结合服务能力建设项目（EPC总承包）
  [历史搜索] 运城市人民医院医养结合服务能力建设项目（EPC总承包）
  [历史回填] 搜索项目：运城市人民医院医养结合服务能力建设项目（EPC总承包）
  [POST失败1/3] ReadTimeout: HTTPSConnectionPool(host='prec.sxzwfw.gov.cn', port=443): Read timed out. (read timeout=18) | https://prec.sxzwfw.gov.cn/queryContent-jyxx.jspx
    ✓ 历史招标公告
  [POST失败1/3] ConnectionError: ('Connection aborted.', RemoteDisconnected('Remote end closed connection without response')) | https://prec.sxzwfw.gov.cn/queryContent-jyxx.jspx
  [POST失败2/3] ConnectionError: ('Connection aborted.', ConnectionResetError(104, 'Connection reset by peer')) | https://prec.sxzwfw.gov.cn/queryContent-jyxx.jspx
  → upsert 完成：招标公告

  [跳过-控制价] 临猗县郇阳灌区超采区水源置换工程（二期北干7-11支）招标控制价

  [招标公告] 安泽经济技术开发区化工园区事故应急池项目总承包（EPC）
  [历史搜索] 安泽经济技术开发区化工园区事故应急池项目总承包（EPC）
  [历史回填] 搜索项目：安泽经济技术开发区化工园区事故应急池项目总承包（EPC）
  [GET失败1/3] ConnectionError: ('Connection aborted.', ConnectionResetError(104, 'Connection reset by peer')) | https://prec.sxzwfw.gov.cn/jyxxzbjh/1065420.jhtml
  [GET失败2/3] ReadTimeout: HTTPSConnectionPool(host='prec.sxzwfw.gov.cn', port=443): Read timed out. (read timeout=15) | https://prec.sxzwfw.gov.cn/jyxxzbjh/1065420.jhtml
    ✓ 历史招标计划
  [POST失败1/3] ProxyError: HTTPSConnectionPool(host='prec.sxzwfw.gov.cn', port=443): Max retries exceeded with url: /queryContent-jyxx.jspx (Caused by ProxyError('Unable to connect to proxy', OSError('Tunnel connection failed: 618 Internal Server Error'))) | https://prec.sxzwfw.gov.cn/queryContent-jyxx.jspx
  [POST失败2/3] ConnectionError: ('Connection aborted.', RemoteDisconnected('Remote end closed connection without response')) | https://prec.sxzwfw.gov.cn/queryContent-jyxx.jspx
  [GET失败1/3] ConnectionError: ('Connection aborted.', RemoteDisconnected('Remote end closed connection without response')) | https://prec.sxzwfw.gov.cn/jyxxgczb/1072963.jhtml
    ✓ 历史招标公告
  [POST失败1/3] ReadTimeout: HTTPSConnectionPool(host='prec.sxzwfw.gov.cn', port=443): Read timed out. (read timeout=18) | https://prec.sxzwfw.gov.cn/queryContent-jyxx.jspx
  [POST失败2/3] ProxyError: HTTPSConnectionPool(host='prec.sxzwfw.gov.cn', port=443): Max retries exceeded with url: /queryContent-jyxx.jspx (Caused by ProxyError('Unable to connect to proxy', OSError('Tunnel connection failed: 436 Proxy Authentication Failed'))) | https://prec.sxzwfw.gov.cn/queryContent-jyxx.jspx
  → upsert 完成：招标公告

  [招标公告] 大同市新荣区城区地下管网改造提升项目第一标段工程总承包暂估价材料采购第一标段
  [历史搜索] 大同市新荣区城区地下管网改造提升项目第一标段工程总承包暂估价材料采购第一标段
  [历史回填] 搜索项目：大同市新荣区城区地下管网改造提升项目第一标段工程总承包暂估价材料采购第一标段
  [POST失败1/3] ReadTimeout: HTTPSConnectionPool(host='prec.sxzwfw.gov.cn', port=443): Read timed out. (read timeout=18) | https://prec.sxzwfw.gov.cn/queryContent-jyxx.jspx
    ✓ 历史招标公告
  [POST失败1/3] ConnectionError: ('Connection aborted.', ConnectionResetError(104, 'Connection reset by peer')) | https://prec.sxzwfw.gov.cn/queryContent-jyxx.jspx
  → upsert 完成：招标公告

  [招标公告] 武乡县贾豁乡美丽村庄河道治理以工代赈项目总承包
  [GET失败1/3] ConnectionError: ('Connection aborted.', RemoteDisconnected('Remote end closed connection without response')) | https://prec.sxzwfw.gov.cn/jyxxgczb/1072921.jhtml
  [历史搜索] 武乡县贾豁乡美丽村庄河道治理以工代赈项目总承包
  [历史回填] 搜索项目：武乡县贾豁乡美丽村庄河道治理以工代赈项目总承包
  [POST失败1/3] ConnectionError: ('Connection aborted.', RemoteDisconnected('Remote end closed connection without response')) | https://prec.sxzwfw.gov.cn/queryContent-jyxx.jspx
  [POST失败2/3] ConnectionError: ('Connection aborted.', ConnectionResetError(104, 'Connection reset by peer')) | https://prec.sxzwfw.gov.cn/queryContent-jyxx.jspx
  [POST失败3/3] ReadTimeout: HTTPSConnectionPool(host='prec.sxzwfw.gov.cn', port=443): Read timed out. (read timeout=18) | https://prec.sxzwfw.gov.cn/queryContent-jyxx.jspx
    ✓ 历史招标公告
  [POST失败1/3] ReadTimeout: HTTPSConnectionPool(host='prec.sxzwfw.gov.cn', port=443): Read timed out. (read timeout=18) | https://prec.sxzwfw.gov.cn/queryContent-jyxx.jspx
  [POST失败2/3] ProxyError: HTTPSConnectionPool(host='prec.sxzwfw.gov.cn', port=443): Max retries exceeded with url: /queryContent-jyxx.jspx (Caused by ProxyError('Unable to connect to proxy', OSError('Tunnel connection failed: 436 Proxy Authentication Failed'))) | https://prec.sxzwfw.gov.cn/queryContent-jyxx.jspx
  [POST失败3/3] ConnectionError: ('Connection aborted.', ConnectionResetError(104, 'Connection reset by peer')) | https://prec.sxzwfw.gov.cn/queryContent-jyxx.jspx
  → upsert 完成：招标公告

  [招标公告] 山阴经济技术开发区东区基础设施建设北侧路网工程施工
  [GET失败1/3] ConnectionError: ('Connection aborted.', ConnectionResetError(104, 'Connection reset by peer')) | https://prec.sxzwfw.gov.cn/jyxxgczb/1072906.jhtml
  [GET失败2/3] ReadTimeout: HTTPSConnectionPool(host='prec.sxzwfw.gov.cn', port=443): Read timed out. (read timeout=15) | https://prec.sxzwfw.gov.cn/jyxxgczb/1072906.jhtml
  [历史搜索] 山阴经济技术开发区东区基础设施建设北侧路网工程施工
  [历史回填] 搜索项目：山阴经济技术开发区东区基础设施建设北侧路网工程施工
  [POST失败1/3] ReadTimeout: HTTPSConnectionPool(host='prec.sxzwfw.gov.cn', port=443): Read timed out. (read timeout=18) | https://prec.sxzwfw.gov.cn/queryContent-jyxx.jspx
  [POST失败2/3] ReadTimeout: HTTPSConnectionPool(host='prec.sxzwfw.gov.cn', port=443): Read timed out. (read timeout=18) | https://prec.sxzwfw.gov.cn/queryContent-jyxx.jspx
  [POST失败3/3] ConnectionError: ('Connection aborted.', RemoteDisconnected('Remote end closed connection without response')) | https://prec.sxzwfw.gov.cn/queryContent-jyxx.jspx
  [POST失败1/3] ReadTimeout: HTTPSConnectionPool(host='prec.sxzwfw.gov.cn', port=443): Read timed out. (read timeout=18) | https://prec.sxzwfw.gov.cn/queryContent-jyxx.jspx
  [POST失败2/3] ReadTimeout: HTTPSConnectionPool(host='prec.sxzwfw.gov.cn', port=443): Read timed out. (read timeout=18) | https://prec.sxzwfw.gov.cn/queryContent-jyxx.jspx
  [POST失败1/3] ReadTimeout: HTTPSConnectionPool(host='prec.sxzwfw.gov.cn', port=443): Read timed out. (read timeout=18) | https://prec.sxzwfw.gov.cn/queryContent-jyxx.jspx
  [POST失败2/3] ReadTimeout: HTTPSConnectionPool(host='prec.sxzwfw.gov.cn', port=443): Read timed out. (read timeout=18) | https://prec.sxzwfw.gov.cn/queryContent-jyxx.jspx
  [POST失败1/3] ReadTimeout: HTTPSConnectionPool(host='prec.sxzwfw.gov.cn', port=443): Read timed out. (read timeout=18) | https://prec.sxzwfw.gov.cn/queryContent-jyxx.jspx
  → upsert 完成：招标公告

  [跳过-控制价] 运城经济技术开发区汤里街（司马温公路-港南大道）道路工程雨水工程及（K0+517.09-K0+620段）道路工程施工项目招标控制价

===== 第三步：变更公告 =====
  [列表] channelId=13 第1页...
  [列表] 总条数=3，当前已获取=3
  [列表] 共 3 条

  [澄清公告] 郑庄区块阳城片区与蓝焰公司合作区煤层气试采项目（侯甲龙湾合作区东南部煤层气开发项目）龙湾增压站新建工程设备购置第二标段答疑
  [历史搜索] 郑庄区块阳城片区与蓝焰公司合作区煤层气试采项目（侯甲龙湾合作区东南部煤层气开发项目）龙湾增压站新建工程设备购置第二标段答疑
  [历史回填] 搜索项目：郑庄区块阳城片区与蓝焰公司合作区煤层气试采项目（侯甲龙湾合作区东南部煤层气开发项目）龙湾增压站新建工程设备购置第二标段答疑
  [POST失败1/3] ConnectionError: ('Connection aborted.', ConnectionResetError(104, 'Connection reset by peer')) | https://prec.sxzwfw.gov.cn/queryContent-jyxx.jspx
  → upsert 完成：澄清公告

  [变更公告] 临猗县郇阳灌区超采区水源置换工程（二期北干7-11支）
  [历史搜索] 临猗县郇阳灌区超采区水源置换工程（二期北干7-11支）
  [历史回填] 搜索项目：临猗县郇阳灌区超采区水源置换工程（二期北干7-11支）
  [POST失败1/3] ReadTimeout: HTTPSConnectionPool(host='prec.sxzwfw.gov.cn', port=443): Read timed out. (read timeout=18) | https://prec.sxzwfw.gov.cn/queryContent-jyxx.jspx
  [POST失败2/3] ReadTimeout: HTTPSConnectionPool(host='prec.sxzwfw.gov.cn', port=443): Read timed out. (read timeout=18) | https://prec.sxzwfw.gov.cn/queryContent-jyxx.jspx
  [POST失败3/3] ConnectionError: ('Connection aborted.', ConnectionResetError(104, 'Connection reset by peer')) | https://prec.sxzwfw.gov.cn/queryContent-jyxx.jspx
  [POST失败1/3] ConnectionError: ('Connection aborted.', ConnectionResetError(104, 'Connection reset by peer')) | https://prec.sxzwfw.gov.cn/queryContent-jyxx.jspx
  [POST失败2/3] ConnectionError: ('Connection aborted.', ConnectionResetError(104, 'Connection reset by peer')) | https://prec.sxzwfw.gov.cn/queryContent-jyxx.jspx
  [POST失败1/3] ConnectionError: ('Connection aborted.', ConnectionResetError(104, 'Connection reset by peer')) | https://prec.sxzwfw.gov.cn/queryContent-jyxx.jspx
  → upsert 完成：变更公告

  [变更公告] 南大里区域养老服务中心项目(消防工程)
  [历史搜索] 南大里区域养老服务中心项目(消防工程)
  [历史回填] 搜索项目：南大里区域养老服务中心项目(消防工程)
  [POST失败1/3] ConnectionError: ('Connection aborted.', ConnectionResetError(104, 'Connection reset by peer')) | https://prec.sxzwfw.gov.cn/queryContent-jyxx.jspx
    ✓ 历史招标公告
  → upsert 完成：变更公告

===== 第四步：中标候选人公示 =====
  [列表] channelId=14 第1页...
  [列表] 总条数=33，当前已获取=10
  [列表] channelId=14 第2页...
  [POST失败1/3] ConnectionError: ('Connection aborted.', ConnectionResetError(104, 'Connection reset by peer')) | https://prec.sxzwfw.gov.cn/queryContent_2-jyxx.jspx
  [POST失败2/3] ReadTimeout: HTTPSConnectionPool(host='prec.sxzwfw.gov.cn', port=443): Read timed out. (read timeout=18) | https://prec.sxzwfw.gov.cn/queryContent_2-jyxx.jspx
  [POST失败3/3] ConnectionError: ('Connection aborted.', ConnectionResetError(104, 'Connection reset by peer')) | https://prec.sxzwfw.gov.cn/queryContent_2-jyxx.jspx
  [列表] 请求失败
  [列表] 共 10 条

  [中标候选人公示] 大同境内2026年普通国省道灾毁恢复重建工程施工
  [历史搜索] 大同境内2026年普通国省道灾毁恢复重建工程施工
  [历史回填] 搜索项目：大同境内2026年普通国省道灾毁恢复重建工程施工
  [GET失败1/3] ConnectionError: ('Connection aborted.', RemoteDisconnected('Remote end closed connection without response')) | https://prec.sxzwfw.gov.cn/jyxxgczb/1065922.jhtml
  [GET失败2/3] ReadTimeout: HTTPSConnectionPool(host='prec.sxzwfw.gov.cn', port=443): Read timed out. (read timeout=15) | https://prec.sxzwfw.gov.cn/jyxxgczb/1065922.jhtml
  [GET失败3/3] ConnectionError: HTTPSConnectionPool(host='prec.sxzwfw.gov.cn', port=443): Read timed out. | https://prec.sxzwfw.gov.cn/jyxxgczb/1065922.jhtml
    ✓ 历史招标公告
  [POST失败1/3] ReadTimeout: HTTPSConnectionPool(host='prec.sxzwfw.gov.cn', port=443): Read timed out. (read timeout=18) | https://prec.sxzwfw.gov.cn/queryContent-jyxx.jspx
  [POST失败2/3] ConnectionError: ('Connection aborted.', ConnectionResetError(104, 'Connection reset by peer')) | https://prec.sxzwfw.gov.cn/queryContent-jyxx.jspx
  [POST失败1/3] ConnectionError: ('Connection aborted.', ConnectionResetError(104, 'Connection reset by peer')) | https://prec.sxzwfw.gov.cn/queryContent-jyxx.jspx
  [POST失败2/3] ConnectionError: HTTPSConnectionPool(host='prec.sxzwfw.gov.cn', port=443): Read timed out. | https://prec.sxzwfw.gov.cn/queryContent-jyxx.jspx
    ✓ 历史候选人监督部门
  [POST失败1/3] ReadTimeout: HTTPSConnectionPool(host='prec.sxzwfw.gov.cn', port=443): Read timed out. (read timeout=18) | https://prec.sxzwfw.gov.cn/queryContent-jyxx.jspx
  [POST失败2/3] ConnectionError: ('Connection aborted.', RemoteDisconnected('Remote end closed connection without response')) | https://prec.sxzwfw.gov.cn/queryContent-jyxx.jspx
  → upsert 完成：中标候选人公示

  [中标候选人公示] 晋中境内2026年普通国省道地质灾害处治工程施工
  [GET失败1/3] ReadTimeout: HTTPSConnectionPool(host='prec.sxzwfw.gov.cn', port=443): Read timed out. (read timeout=15) | https://prec.sxzwfw.gov.cn/jyxxgchxr/1073195.jhtml
  [GET失败2/3] ConnectionError: ('Connection aborted.', ConnectionResetError(104, 'Connection reset by peer')) | https://prec.sxzwfw.gov.cn/jyxxgchxr/1073195.jhtml
  [历史搜索] 晋中境内2026年普通国省道地质灾害处治工程施工
  [历史回填] 搜索项目：晋中境内2026年普通国省道地质灾害处治工程施工
  [POST失败1/3] ReadTimeout: HTTPSConnectionPool(host='prec.sxzwfw.gov.cn', port=443): Read timed out. (read timeout=18) | https://prec.sxzwfw.gov.cn/queryContent-jyxx.jspx
  [POST失败2/3] ConnectionError: ('Connection aborted.', ConnectionResetError(104, 'Connection reset by peer')) | https://prec.sxzwfw.gov.cn/queryContent-jyxx.jspx
    ✓ 历史招标公告
  [GET失败1/3] ReadTimeout: HTTPSConnectionPool(host='prec.sxzwfw.gov.cn', port=443): Read timed out. (read timeout=15) | https://prec.sxzwfw.gov.cn/jyxxgchxr/1073195.jhtml
    ✓ 历史候选人监督部门
  → upsert 完成：中标候选人公示

  [中标候选人公示] 晋中境内2026年普通国省道灾毁恢复重建工程施工
  [GET失败1/3] ReadTimeout: HTTPSConnectionPool(host='prec.sxzwfw.gov.cn', port=443): Read timed out. (read timeout=15) | https://prec.sxzwfw.gov.cn/jyxxgchxr/1073194.jhtml
  [历史搜索] 晋中境内2026年普通国省道灾毁恢复重建工程施工
  [历史回填] 搜索项目：晋中境内2026年普通国省道灾毁恢复重建工程施工
    ✓ 历史招标公告
  [GET失败1/3] ReadTimeout: HTTPSConnectionPool(host='prec.sxzwfw.gov.cn', port=443): Read timed out. (read timeout=15) | https://prec.sxzwfw.gov.cn/jyxxgchxr/1073194.jhtml
  [GET失败2/3] ReadTimeout: HTTPSConnectionPool(host='prec.sxzwfw.gov.cn', port=443): Read timed out. (read timeout=15) | https://prec.sxzwfw.gov.cn/jyxxgchxr/1073194.jhtml
    ✓ 历史候选人监督部门
  → upsert 完成：中标候选人公示

  [中标候选人公示] 山西省亳清河幸福河湖建设项目(垣曲段)勘察设计
  [GET失败1/3] ProxyError: HTTPSConnectionPool(host='prec.sxzwfw.gov.cn', port=443): Max retries exceeded with url: /jyxxgchxr/1073169.jhtml (Caused by ProxyError('Unable to connect to proxy', OSError('Tunnel connection failed: 407 Proxy Authentication Required'))) | https://prec.sxzwfw.gov.cn/jyxxgchxr/1073169.jhtml
  [历史搜索] 山西省亳清河幸福河湖建设项目(垣曲段)勘察设计
  [历史回填] 搜索项目：山西省亳清河幸福河湖建设项目(垣曲段)勘察设计
    ✓ 历史招标公告
    ✓ 历史候选人监督部门
  → upsert 完成：中标候选人公示

  [中标候选人公示] 阳泉市城区义井镇义东沟村南苑东区、西区棚户区（城中村）改造工程（东区一期工程）配套基础设施项目监理二次
  [历史搜索] 阳泉市城区义井镇义东沟村南苑东区、西区棚户区（城中村）改造工程（东区一期工程）配套基础设施项目监理二次
  [历史回填] 搜索项目：阳泉市城区义井镇义东沟村南苑东区、西区棚户区（城中村）改造工程（东区一期工程）配套基础设施项目监理二次
    ✓ 历史候选人监督部门
  → upsert 完成：中标候选人公示

  [中标候选人公示] 山西转型综合改革示范区储能充换电停车场示范项目设计施工总承包中标候选人公示更正
  [GET失败1/3] ReadTimeout: HTTPSConnectionPool(host='prec.sxzwfw.gov.cn', port=443): Read timed out. (read timeout=15) | https://prec.sxzwfw.gov.cn/jyxxgchxr/1073127.jhtml
  [GET失败2/3] ConnectionError: ('Connection aborted.', ConnectionResetError(104, 'Connection reset by peer')) | https://prec.sxzwfw.gov.cn/jyxxgchxr/1073127.jhtml
  [历史搜索] 山西转型综合改革示范区储能充换电停车场示范项目设计施工总承包中标候选人公示更正
  [历史回填] 搜索项目：山西转型综合改革示范区储能充换电停车场示范项目设计施工总承包中标候选人公示更正
    ✓ 历史候选人监督部门
  → upsert 完成：中标候选人公示

  [中标候选人公示] 云境•高山度假村项目（一期）
  [历史搜索] 云境•高山度假村项目（一期）
  [历史回填] 搜索项目：云境•高山度假村项目（一期）
    ✓ 历史招标公告
    ✓ 历史候选人监督部门
  → upsert 完成：中标候选人公示

  [中标候选人公示] 右玉县人民医院综合楼配套工程仪器购置(1,
  [历史搜索] 右玉县人民医院综合楼配套工程仪器购置(1,
  [历史回填] 搜索项目：右玉县人民医院综合楼配套工程仪器购置(1,
    ✓ 历史招标公告
    ✓ 历史候选人监督部门
  → upsert 完成：中标候选人公示

  [中标候选人公示] 大秦铁路股份有限公司侯马北工务段南同蒲线K841+940-K843+233路堑护坡大修整治工程施工总价承包项目(1标段)中标候选人公示更正
  [历史搜索] 大秦铁路股份有限公司侯马北工务段南同蒲线K841+940-K843+233路堑护坡大修整治工程施工总价承包项目(1标段)中标候选人公示更正
  [历史回填] 搜索项目：大秦铁路股份有限公司侯马北工务段南同蒲线K841+940-K843+233路堑护坡大修整治工程施工总价承包项目(1标段)中标候选人公示更正
  → upsert 完成：中标候选人公示

  [中标候选人公示] 泽州县丹河(北焦庄至龙门湖段)河道生态修复治理工程勘察设计二次
  [历史搜索] 泽州县丹河(北焦庄至龙门湖段)河道生态修复治理工程勘察设计二次
  [历史回填] 搜索项目：泽州县丹河(北焦庄至龙门湖段)河道生态修复治理工程勘察设计二次
    ✓ 历史招标公告
  [POST失败1/3] ConnectionError: ('Connection aborted.', RemoteDisconnected('Remote end closed connection without response')) | https://prec.sxzwfw.gov.cn/queryContent-jyxx.jspx
  [POST失败2/3] ConnectionError: ('Connection aborted.', ConnectionResetError(104, 'Connection reset by peer')) | https://prec.sxzwfw.gov.cn/queryContent-jyxx.jspx
  [POST失败3/3] ConnectionError: ('Connection aborted.', ConnectionResetError(104, 'Connection reset by peer')) | https://prec.sxzwfw.gov.cn/queryContent-jyxx.jspx
  → upsert 完成：中标候选人公示

===== 第五步：中标结果公示 =====
  [列表] channelId=15 第1页...
  [POST失败1/3] ConnectionError: ('Connection aborted.', RemoteDisconnected('Remote end closed connection without response')) | https://prec.sxzwfw.gov.cn/queryContent-jyxx.jspx
  [POST失败2/3] ReadTimeout: HTTPSConnectionPool(host='prec.sxzwfw.gov.cn', port=443): Read timed out. (read timeout=18) | https://prec.sxzwfw.gov.cn/queryContent-jyxx.jspx
  [POST失败3/3] ConnectionError: ('Connection aborted.', ConnectionResetError(104, 'Connection reset by peer')) | https://prec.sxzwfw.gov.cn/queryContent-jyxx.jspx
  [列表] 请求失败
  [列表] 共 0 条
[索引] → /home/intsig/zwx/shanxi/output/山西_index.txt
[自检] → /home/intsig/zwx/shanxi/log/20260710_check.log

===== AI 兜底补充提取 =====
  [中部引黄孝义市市域配套水网工程监理项目] AI补字段 ['标书发售时间', '监督部门联系方式'] ← https://prec.sxzwfw.gov.cn/jyxxgczb/1073057.jhtml
    ✓ 标书发售时间: 2026年07月10日17时00分至2026年07月31日10时00分
    ✓ 监督部门联系方式: 0358-7830647
  [马村镇马村村高标准设施蔬菜基地项目] AI补字段 ['招标代理机构地址'] ← https://prec.sxzwfw.gov.cn/jyxxgczb/1069822.jhtml
  [GET失败1/5] ReadTimeout: HTTPSConnectionPool(host='prec.sxzwfw.gov.cn', port=443): Read timed out. (read timeout=15) | https://prec.sxzwfw.gov.cn/jyxxgczb/1069822.jhtml
    ✗ 招标代理机构地址: AI未提取
  [太原市杏花岭区宇乔400MW/800MWh独立储能调频电站项目(EPC总承包）] AI补字段 ['监督部门联系方式'] ← https://prec.sxzwfw.gov.cn/jyxxgcgs/1071357.jhtml
  [GET失败1/5] ConnectionError: ('Connection aborted.', RemoteDisconnected('Remote end closed connection without response')) | https://prec.sxzwfw.gov.cn/jyxxgcgs/1071357.jhtml
  [GET失败2/5] ConnectionError: ('Connection aborted.', RemoteDisconnected('Remote end closed connection without response')) | https://prec.sxzwfw.gov.cn/jyxxgcgs/1071357.jhtml
  [GET失败3/5] ConnectionError: ('Connection aborted.', ConnectionResetError(104, 'Connection reset by peer')) | https://prec.sxzwfw.gov.cn/jyxxgcgs/1071357.jhtml
    ✗ 监督部门联系方式: AI未提取
  [太原西山“骑行+”户外运动场地设施与服务保障设施建设项目施工] AI补字段 ['监督部门'] ← https://prec.sxzwfw.gov.cn/jyxxgcgs/1070917.jhtml
    ✗ 监督部门: AI未提取
  [华信振阳高新区200MW/400MWh独立储能项目EPC总承包] AI补字段 ['监督部门'] ← https://prec.sxzwfw.gov.cn/jyxxgcgs/1071264.jhtml
    ✗ 监督部门: AI未提取
  [原平市2025年农村公路灾毁改造工程（裕隆社区-武彦等6条）监理项目] AI补字段 ['监督部门联系方式'] ← https://prec.sxzwfw.gov.cn/jyxxgchxr/1069689.jhtml
    ✗ 监督部门联系方式: AI未提取
  [代县城市地下管网及设施建设改造工程-东北街片区（分区二）施工项目] AI补字段 ['监督部门联系方式'] ← https://prec.sxzwfw.gov.cn/jyxxgchxr/1069209.jhtml
    ✗ 监督部门联系方式: AI未提取
  [大同市晋北地区高原风沙源生态保护和修复项目桦林背林场2026年人工造林(1,2,3,4,5,6,8,9,10,11,12,] AI补字段 ['监督部门联系方式'] ← https://prec.sxzwfw.gov.cn/jyxxgczb/1069176.jhtml
    ✓ 监督部门联系方式: 电话:0352-7789836。电子邮件:/
  [山西蓝焰煤层气集团有限责任公司晋城矿区煤层气加密井建设项目（二期）煤层气井录井技术服务] AI补字段 ['招标人地址', '招标人联系人', '招标人联系方式'] ← https://prec.sxzwfw.gov.cn/jyxxgczb/1055857.jhtml
    ✗ 招标人地址: AI未提取
    ✗ 招标人联系人: AI未提取
    ✗ 招标人联系方式: AI未提取
  [高平市炎谷丰高标准设施蔬菜基地项目(002二标段)] AI补字段 ['监督部门联系方式'] ← https://prec.sxzwfw.gov.cn/jyxxgchxr/1067695.jhtml
    ✗ 监督部门联系方式: AI未提取
  [太原天然气有限公司太原市2026年住宅小区居民共有老旧庭院燃气管网及户内立管更新改造项目工程施工] AI补字段 ['监督部门联系方式'] ← https://prec.sxzwfw.gov.cn/jyxxgcgs/1069250.jhtml
    ✗ 监督部门联系方式: AI未提取
  [黄水河宁武县段河道治理工程勘察设计项目] AI补字段 ['监督部门联系方式'] ← https://prec.sxzwfw.gov.cn/jyxxgchxr/1067711.jhtml
    ✗ 监督部门联系方式: AI未提取
  [高平市燃气老化管网及设施更新改造工程（老化燃气管道更新改造EPC）] AI补字段 ['招标代理机构地址'] ← https://prec.sxzwfw.gov.cn/jyxxgczb/1060412.jhtml
    ✗ 招标代理机构地址: AI未提取
  [杏花岭区2024年老旧小区改造项目（二期）设计施工总承包（EPC）(004标段四)] AI补字段 ['监督部门联系方式'] ← https://prec.sxzwfw.gov.cn/jyxxgcgs/1071595.jhtml
    ✗ 监督部门联系方式: AI未提取
  [中村镇张马村历山花卉融创基地] AI补字段 ['监督部门联系方式'] ← https://prec.sxzwfw.gov.cn/jyxxgchxr/1070266.jhtml
    ✗ 监督部门联系方式: AI未提取
  [晋中市松塔水库供水（二期）工程管材及管件采购03标] AI补字段 ['监督部门联系方式'] ← https://prec.sxzwfw.gov.cn/jyxxgchxr/1070208.jhtml
    ✗ 监督部门联系方式: AI未提取
  [平陆县2026年村道水毁工程] AI补字段 ['招标人联系人'] ← https://prec.sxzwfw.gov.cn/jyxxgczb/1062514.jhtml
  [PDF公告] 发现PDF: https://ggzyjyzx.yuncheng.gov.cn:8083/upload/wj/2c9f80959e25d986019e96ce7a0b2044.pdf
  [PDF] 直接提取文字成功，长度=3358
    ✗ 招标人联系人: AI未提取
  [原平市2025年农村公路灾毁改造工程（裕隆社区-武彦等6条）施工项目] AI补字段 ['监督部门联系方式'] ← https://prec.sxzwfw.gov.cn/jyxxgchxr/1070610.jhtml
    ✗ 监督部门联系方式: AI未提取
  [山阴县第四中学校教学楼加固改造工程项目] AI补字段 ['监督部门联系方式'] ← https://prec.sxzwfw.gov.cn/jyxxgcgs/1071427.jhtml
  [GET失败1/5] ProxyError: HTTPSConnectionPool(host='prec.sxzwfw.gov.cn', port=443): Max retries exceeded with url: /jyxxgcgs/1071427.jhtml (Caused by ProxyError('Unable to connect to proxy', OSError('Tunnel connection failed: 645 Proxy Authentication In Black List'))) | https://prec.sxzwfw.gov.cn/jyxxgcgs/1071427.jhtml
    ✓ 监督部门联系方式: 山阴县住房和城乡建设管理局
  [代县城市地下管网及设施建设改造工程-东北街片区（分区一）施工项目] AI补字段 ['监督部门联系方式'] ← https://prec.sxzwfw.gov.cn/jyxxgchxr/1068808.jhtml
    ✗ 监督部门联系方式: AI未提取
  [代县城市地下管网及设施建设改造工程-东北街片区（分区一）监理项目] AI补字段 ['监督部门联系方式'] ← https://prec.sxzwfw.gov.cn/jyxxgchxr/1068807.jhtml
    ✗ 监督部门联系方式: AI未提取
  [高平市原村乡冯村村集中供热二网项目] AI补字段 ['监督部门联系方式'] ← https://prec.sxzwfw.gov.cn/jyxxgczb/1071190.jhtml
  [GET失败1/5] ProxyError: HTTPSConnectionPool(host='prec.sxzwfw.gov.cn', port=443): Max retries exceeded with url: /jyxxgczb/1071190.jhtml (Caused by ProxyError('Unable to connect to proxy', OSError('Tunnel connection failed: 436 Proxy Authentication Failed'))) | https://prec.sxzwfw.gov.cn/jyxxgczb/1071190.jhtml
    ✗ 监督部门联系方式: AI未提取
  [柿庄镇输配站基础设施提升改造项目] AI补字段 ['招标人地址'] ← https://prec.sxzwfw.gov.cn/jyxxgczb/1064015.jhtml
  [GET失败1/5] ProxyError: HTTPSConnectionPool(host='prec.sxzwfw.gov.cn', port=443): Max retries exceeded with url: /jyxxgczb/1064015.jhtml (Caused by ProxyError('Unable to connect to proxy', OSError('Tunnel connection failed: 436 Proxy Authentication Failed'))) | https://prec.sxzwfw.gov.cn/jyxxgczb/1064015.jhtml
    ✗ 招标人地址: AI未提取
  [晋城市建筑垃圾资源化利用项目特许经营者（二次）招标] AI补字段 ['招标人', '招标人地址', '招标人联系人', '招标人联系方式', '招标代理机构', '招标代理机构地址', '招标代理机构联系人', '招标代理机构联系方式', '监督部门'] ← https://prec.sxzwfw.gov.cn/jyxxgczb/1065567.jhtml
  [GET失败1/5] ReadTimeout: HTTPSConnectionPool(host='prec.sxzwfw.gov.cn', port=443): Read timed out. (read timeout=15) | https://prec.sxzwfw.gov.cn/jyxxgczb/1065567.jhtml
    ✗ 招标人: AI未提取
    ✗ 招标人地址: AI未提取
    ✗ 招标人联系人: AI未提取
    ✗ 招标人联系方式: AI未提取
    ✗ 招标代理机构: AI未提取
    ✗ 招标代理机构地址: AI未提取
    ✗ 招标代理机构联系人: AI未提取
    ✗ 招标代理机构联系方式: AI未提取
    ✗ 监督部门: AI未提取
  [繁峙县资源路产业路108国道-上西庄公路改造工程施工项目] AI补字段 ['监督部门联系方式'] ← https://prec.sxzwfw.gov.cn/jyxxgchxr/1071396.jhtml
  [GET失败1/5] ReadTimeout: HTTPSConnectionPool(host='prec.sxzwfw.gov.cn', port=443): Read timed out. (read timeout=15) | https://prec.sxzwfw.gov.cn/jyxxgchxr/1071396.jhtml
    ✗ 监督部门联系方式: AI未提取
  [杏花岭区2024年老旧小区改造项目（二期）设计施工总承包（EPC）(003标段三)] AI补字段 ['监督部门联系方式'] ← https://prec.sxzwfw.gov.cn/jyxxgcgs/1071593.jhtml
  [GET失败1/5] ReadTimeout: HTTPSConnectionPool(host='prec.sxzwfw.gov.cn', port=443): Read timed out. (read timeout=15) | https://prec.sxzwfw.gov.cn/jyxxgcgs/1071593.jhtml
    ✗ 监督部门联系方式: AI未提取
  [杏花岭区2024年老旧小区改造项目（二期）设计施工总承包（EPC）(002标段二)] AI补字段 ['监督部门联系方式'] ← https://prec.sxzwfw.gov.cn/jyxxgcgs/1071592.jhtml
  [GET失败1/5] ConnectionError: ('Connection aborted.', ConnectionResetError(104, 'Connection reset by peer')) | https://prec.sxzwfw.gov.cn/jyxxgcgs/1071592.jhtml
  [GET失败2/5] ProxyError: HTTPSConnectionPool(host='prec.sxzwfw.gov.cn', port=443): Max retries exceeded with url: /jyxxgcgs/1071592.jhtml (Caused by ProxyError('Unable to connect to proxy', OSError('Tunnel connection failed: 618 Internal Server Error'))) | https://prec.sxzwfw.gov.cn/jyxxgcgs/1071592.jhtml
  [GET失败3/5] ConnectionError: ('Connection aborted.', RemoteDisconnected('Remote end closed connection without response')) | https://prec.sxzwfw.gov.cn/jyxxgcgs/1071592.jhtml
    ✗ 监督部门联系方式: AI未提取
  [杏花岭区2024年老旧小区改造项目（二期）设计施工总承包（EPC）(007标段七)] AI补字段 ['监督部门联系方式'] ← https://prec.sxzwfw.gov.cn/jyxxgcgs/1071561.jhtml
    ✗ 监督部门联系方式: AI未提取
  [杏花岭区2024年老旧小区改造项目（二期）设计施工总承包（EPC）(006标段六)] AI补字段 ['监督部门联系方式'] ← https://prec.sxzwfw.gov.cn/jyxxgcgs/1071560.jhtml
    ✗ 监督部门联系方式: AI未提取
  [杏花岭区2024年老旧小区改造项目（二期）设计施工总承包（EPC）(005标段五)] AI补字段 ['监督部门联系方式'] ← https://prec.sxzwfw.gov.cn/jyxxgcgs/1071559.jhtml
    ✗ 监督部门联系方式: AI未提取
  [清徐县城乡供水一体化工程(一期)施工 远传阀控水表设备采购] AI补字段 ['监督部门', '监督部门联系方式'] ← https://prec.sxzwfw.gov.cn/jyxxgchxr/1071960.jhtml
    ✓ 监督部门: 清徐县水务局
    ✓ 监督部门联系方式: 0351-2971632
  [陵川县秦家庄至司家河公路改造工程] AI补字段 ['招标人地址', '招标人联系人', '招标人联系方式', '招标代理机构', '招标代理机构地址', '招标代理机构联系人', '招标代理机构联系方式'] ← https://prec.sxzwfw.gov.cn/jyxxgczb/1065887.jhtml
    ✗ 招标人地址: AI未提取
    ✗ 招标人联系人: AI未提取
    ✗ 招标人联系方式: AI未提取
    ✗ 招标代理机构: AI未提取
    ✗ 招标代理机构地址: AI未提取
    ✗ 招标代理机构联系人: AI未提取
    ✗ 招标代理机构联系方式: AI未提取
  [南大里区域养老服务中心项目(消防工程)] AI补字段 ['开标时间', '标书发售时间', '公告内容', '招标人', '招标人地址', '招标人联系人', '招标人联系方式', '招标代理机构', '招标代理机构地址', '招标代理机构联系人', '招标代理机构联系方式', '监督部门', '监督部门联系方式'] ← https://prec.sxzwfw.gov.cn/jyxxgczb/1072800.jhtml
  [PDF公告] 发现PDF: https://ggzyjyzx.yuncheng.gov.cn:8083/upload/wj/2c9f80959f4135b2019f45fc11470b62.pdf
  [PDF] 直接提取文字成功，长度=2153
    ✓ 开标时间: 2026 年7 月31 日9 时00 分
    ✓ 标书发售时间: 2026 年7 月10 日00 时00 分起至2026 年7 月17 日00 时00 分止
    ✓ 公告内容: 南大里区域养老服务中心项目（消防工程）招标公告 （招标编号：2026GC010708） 招标项目所在地区：夏县 一、招标招标条件 本南大里区域养老服务中心项目（
    ✓ 招标人: 夏县南大里乡人民政府
    ✓ 招标人地址: 夏县南大里乡
    ✓ 招标人联系人: 宁先生
    ✓ 招标人联系方式: 17836376868
    ✓ 招标代理机构: 山西森鹏项目管理有限公司
    ✓ 招标代理机构地址: 运城市盐湖区恒大绿洲5号楼3单元601室
    ✓ 招标代理机构联系人: 张女士
    ✓ 招标代理机构联系方式: 19135825352
    ✓ 监督部门: 夏县住房和城乡建设管理局
    ✓ 监督部门联系方式: 0359-8532041
  [山西介休义棠青云煤业有限公司保水开采地面区域探查治理工程总承包项目] AI补字段 ['监督部门联系方式'] ← https://prec.sxzwfw.gov.cn/jyxxgczb/1064608.jhtml
  [GET失败1/5] ConnectionError: ('Connection aborted.', ConnectionResetError(104, 'Connection reset by peer')) | https://prec.sxzwfw.gov.cn/jyxxgczb/1064608.jhtml
  [GET失败2/5] ReadTimeout: HTTPSConnectionPool(host='prec.sxzwfw.gov.cn', port=443): Read timed out. (read timeout=15) | https://prec.sxzwfw.gov.cn/jyxxgczb/1064608.jhtml
    ✓ 监督部门联系方式: 介休市能源局
  [化章街（西温庄路—太原晋中界）两侧绿化带建设工程施工] AI补字段 ['监督部门联系方式'] ← https://prec.sxzwfw.gov.cn/jyxxgchxr/1072728.jhtml
    ✓ 监督部门联系方式: 山西转型综合改革示范区管理委员会建设与公用事业管理部
  [武乡县新城区污水处理厂尾水人工湿地净化工程初步设计设计项目] AI补字段 ['招标人地址', '招标人联系人', '招标人联系方式', '招标代理机构', '招标代理机构地址', '招标代理机构联系人', '招标代理机构联系方式'] ← https://prec.sxzwfw.gov.cn/jyxxgczb/1065426.jhtml
    [AI] JSON解析失败(第1次): Expecting value: line 1 column 1 (char 0) | 原始: 招标人地址": "",
  "招标人联系人": "",
  "招标人联系方式": "",
  "招标代理机构": "",
  "招标代理机构地址": "",
  "招标代理机构联系人": "",
  
    ✗ 招标人地址: AI未提取
    ✗ 招标人联系人: AI未提取
    ✗ 招标人联系方式: AI未提取
    ✗ 招标代理机构: AI未提取
    ✗ 招标代理机构地址: AI未提取
    ✗ 招标代理机构联系人: AI未提取
    ✗ 招标代理机构联系方式: AI未提取
  [忻州市通岗路、广裕街道路建设工程设计项目] AI补字段 ['监督部门联系方式'] ← https://prec.sxzwfw.gov.cn/jyxxgchxr/1072587.jhtml
  [GET失败1/5] ReadTimeout: HTTPSConnectionPool(host='prec.sxzwfw.gov.cn', port=443): Read timed out. (read timeout=15) | https://prec.sxzwfw.gov.cn/jyxxgchxr/1072587.jhtml
    ✗ 监督部门联系方式: AI未提取
  [2026年泽州县昆玉小区等4个老旧小区更新改造工程初步设计] AI补字段 ['招标人地址', '招标人联系人', '招标人联系方式', '招标代理机构', '招标代理机构地址', '招标代理机构联系人', '招标代理机构联系方式'] ← https://prec.sxzwfw.gov.cn/jyxxgczb/1065464.jhtml
    ✗ 招标人地址: AI未提取
    ✗ 招标人联系人: AI未提取
    ✗ 招标人联系方式: AI未提取
    ✗ 招标代理机构: AI未提取
    ✗ 招标代理机构地址: AI未提取
    ✗ 招标代理机构联系人: AI未提取
    ✗ 招标代理机构联系方式: AI未提取
  [五台山风景名胜区石咀热源厂及管网配套工程项目输送机等设备（暂估价）采购] AI补字段 ['标书发售时间'] ← https://prec.sxzwfw.gov.cn/jyxxgczb/1073225.jhtml
    ✓ 标书发售时间: 2026年7月10日21时00分至2026年7月15日21时00分（北京时间）
  [五台山风景名胜区石咀热源厂及管网配套工程项目汽车衡等设备（暂估价）采购] AI补字段 ['标书发售时间'] ← https://prec.sxzwfw.gov.cn/jyxxgczb/1073224.jhtml
    ✓ 标书发售时间: 2026年7月10日21时00分至2026年7月15日21时00分（北京时间）
  [五台山风景名胜区石咀热源厂及管网配套工程项目冷渣机等设备（暂估价）采购] AI补字段 ['标书发售时间'] ← https://prec.sxzwfw.gov.cn/jyxxgczb/1073207.jhtml
    ✓ 标书发售时间: 2026年7月10日21时00分至2026年7月15日21时00分（北京时间）
  [省道S255（蒲县至光华段）、S362（光华至襄汾段）升级改造工程电力迁改工程设计施工总承包] AI补字段 ['标书发售时间'] ← https://prec.sxzwfw.gov.cn/jyxxgczb/1073177.jhtml
    ✓ 标书发售时间: 2026年7月10日18时00分至2026年7月17日18时00分
  [运城市平陆县亚洲开发银行贷款黄河流域绿色农田建设和农业高质量发展项目-冷库、温室、烘干场土建及货物] AI补字段 ['开标时间', '标书发售时间', '公告内容', '招标人', '招标人地址', '招标人联系人', '招标人联系方式', '招标代理机构', '招标代理机构地址', '招标代理机构联系人', '招标代理机构联系方式', '监督部门', '监督部门联系方式'] ← https://prec.sxzwfw.gov.cn/jyxxgczb/1073171.jhtml
  [GET失败1/5] ReadTimeout: HTTPSConnectionPool(host='prec.sxzwfw.gov.cn', port=443): Read timed out. (read timeout=15) | https://prec.sxzwfw.gov.cn/jyxxgczb/1073171.jhtml
  [PDF公告] 发现PDF: https://ggzyjyzx.yuncheng.gov.cn:8083/upload/wj/2c9f80959f4135b2019f4aef132c1213.pdf
  [PDF] 下载: https://ggzyjyzx.yuncheng.gov.cn:8083/upload/wj/2c9f80959f4135b2019f4aef132c1213.pdf
  [PDF] 直接提取文字成功，长度=1835
    ✓ 开标时间: 2026 年8 月4 日09 时00 分
    ✓ 标书发售时间: 2026 年7 月13 日00 时00 分至2026 年7 月18 日00 时00 分止
    ✓ 公告内容: 运城市平陆县亚洲开发银行贷款黄河流域绿色农田建设和农业高质 量发展项目-冷库、温室、烘干场土建及货物 招标公告 （招标编号：2026GC010728） 招标项目
    ✓ 招标人: 平陆县农业农村局
    ✓ 招标人地址: 平陆县五一街西3 号
    ✓ 招标人联系人: 朱先生
    ✓ 招标人联系方式: 0359-3522117
    ✓ 招标代理机构: 山西恒晟源项目管理有限公司
    ✓ 招标代理机构地址: 山西省运城市盐湖区铺安街金城商务大厦B 座701 室
    ✓ 招标代理机构联系人: 李女士
    ✓ 招标代理机构联系方式: 0359-8529302
    ✓ 监督部门: 运城市农业农村局
    ✓ 监督部门联系方式: 13994899637
  [运城市平陆县亚洲开发银行贷款黄河流域绿色农田建设和农业高质量发展项目监理] AI补字段 ['开标时间', '标书发售时间', '公告内容', '招标人', '招标人地址', '招标人联系人', '招标人联系方式', '招标代理机构', '招标代理机构地址', '招标代理机构联系人', '招标代理机构联系方式', '监督部门', '监督部门联系方式'] ← https://prec.sxzwfw.gov.cn/jyxxgczb/1073170.jhtml
  [PDF公告] 发现PDF: https://ggzyjyzx.yuncheng.gov.cn:8083/upload/wj/2c9f80959f4135b2019f4af759d21251.pdf
  [PDF] 下载: https://ggzyjyzx.yuncheng.gov.cn:8083/upload/wj/2c9f80959f4135b2019f4af759d21251.pdf
  [PDF] 直接提取文字成功，长度=2344
    ✓ 开标时间: 2026年8月4日09时00分
    ✓ 标书发售时间: 2026年7月13日00时00分至2026年7月18日00时00分止
    ✓ 公告内容: 运城市平陆县亚洲开发银行贷款黄河流域绿色农田建设和农业高质量发展项目监理招标公告 （招标编号：2026GC010717） 招标项目所在地区：运城市平陆县 一、招
    ✓ 招标人: 平陆县农业农村局
    ✓ 招标人地址: 平陆县五一街西3号
    ✓ 招标人联系人: 朱先生
    ✓ 招标人联系方式: 0359-3522117
    ✓ 招标代理机构: 山西恒晟源项目管理有限公司
    ✓ 招标代理机构地址: 山西省运城市盐湖区铺安街金城商务大厦B座701室
    ✓ 招标代理机构联系人: 李女士
    ✓ 招标代理机构联系方式: 0359-8529302
    ✓ 监督部门: 运城市农业农村局
    ✓ 监督部门联系方式: 13994899637
  [蒲县蒲城镇城关村高标准生态种养殖项目施工] AI补字段 ['开标时间', '标书发售时间'] ← https://prec.sxzwfw.gov.cn/jyxxgczb/1073144.jhtml
    ✓ 开标时间: 2026年08月06日09时00分
    ✓ 标书发售时间: 2026年07月13日00时00分至2026年07月17日23时59分
  [山西转型综改示范区南部潇河片区小牛线西延及大运路再生水管道建设工程施工图设计] AI补字段 ['标书发售时间', '招标代理机构', '招标代理机构地址', '招标代理机构联系人', '招标代理机构联系方式', '监督部门'] ← https://prec.sxzwfw.gov.cn/jyxxgczb/1073140.jhtml
    ✓ 标书发售时间: 2026年7月13日8时00分至2026年7月20日8时00分
    ✓ 招标代理机构: 山西中盛辰鑫工程咨询有限公司
    ✓ 招标代理机构地址: 山西综改示范区太原学府园区晋阳街89号君威国际金融中心A座606-1室
    ✓ 招标代理机构联系人: 赵慧强 侯雅红
    ✓ 招标代理机构联系方式: 0351-5220185
    ✓ 监督部门: 山西转型综合改革示范区管理委员会建设与公用事业管理部
  [国道108线太原晋中界至太谷任村一级公路新建工程施工监理] AI补字段 ['招标代理机构', '招标代理机构地址', '招标代理机构联系人', '招标代理机构联系方式', '监督部门联系方式'] ← https://prec.sxzwfw.gov.cn/jyxxgczb/1073139.jhtml
    ✓ 招标代理机构: 中海建建国际招标有限责任公司
    ✓ 招标代理机构地址: 山西省太原市晋阳街89号君威国际金融中心B座八层801室
    ✓ 招标代理机构联系人: 杨女士
    ✓ 招标代理机构联系方式: 17636613161
    ✓ 监督部门联系方式: 0354-3366517
  [沁县2026年较大人口自然村通硬化路工程建设项目（第一批）施工] AI补字段 ['招标人', '招标人地址', '招标人联系人', '招标人联系方式', '招标代理机构', '招标代理机构地址', '招标代理机构联系人', '招标代理机构联系方式'] ← https://prec.sxzwfw.gov.cn/jyxxgczb/1073073.jhtml
    ✓ 招标人: 沁县交通运输局
    ✓ 招标人地址: 沁县定昌镇红旗街 49 号 10 号楼
    ✓ 招标人联系人: 何先生
    ✓ 招标人联系方式: 0355-7023302
    ✓ 招标代理机构: 山西省国际招标有限公司
    ✓ 招标代理机构地址: 太原市晋源区长兴南街 8 号阳光城环球金融中心 B 座 9 层
    ✓ 招标代理机构联系人: 迟岩
    ✓ 招标代理机构联系方式: 0351-7882699
  [长治市屯留区农控高端智慧设施蔬菜产业园配套基础设施项目EPC总承包] AI补字段 ['开标时间', '标书发售时间', '招标人', '招标人地址', '招标人联系人', '招标人联系方式', '招标代理机构', '招标代理机构地址', '招标代理机构联系人', '招标代理机构联系方式'] ← https://prec.sxzwfw.gov.cn/jyxxgczb/1073010.jhtml
  [GET失败1/5] ConnectionError: ('Connection aborted.', ConnectionResetError(104, 'Connection reset by peer')) | https://prec.sxzwfw.gov.cn/jyxxgczb/1073010.jhtml
    ✓ 开标时间: 2026年08月11日09时30分
    ✓ 标书发售时间: 2026年07月10日起至2026年08月11日
    ✓ 招标人: 长治市屯留区乡村振兴发展中心
    ✓ 招标人地址: 长治市屯留区羿神东大街003号
    ✓ 招标人联系人: 王先生
    ✓ 招标人联系方式: 0355-7527988
    ✓ 招标代理机构: 山西华正项目管理有限公司
    ✓ 招标代理机构地址: 长治市潞州区紫金街道紫金东街291号紫东综合楼1幢5单元12层1202号
    ✓ 招标代理机构联系人: 王先生
    ✓ 招标代理机构联系方式: 15386858565
  [运城市人民医院医养结合服务能力建设项目（EPC总承包）] AI补字段 ['开标时间', '标书发售时间', '公告内容', '招标人', '招标人地址', '招标人联系人', '招标人联系方式', '招标代理机构', '招标代理机构地址', '招标代理机构联系人', '招标代理机构联系方式', '监督部门', '监督部门联系方式'] ← https://prec.sxzwfw.gov.cn/jyxxgczb/1072998.jhtml
  [PDF公告] 发现PDF: https://ggzyjyzx.yuncheng.gov.cn:8083/upload/wj/2c9f80959f274add019f40c0232f370f.pdf
  [PDF] 下载: https://ggzyjyzx.yuncheng.gov.cn:8083/upload/wj/2c9f80959f274add019f40c0232f370f.pdf
  [PDF] 直接提取文字成功，长度=2249
    ✓ 开标时间: 2026年7月31日9时00分
    ✓ 标书发售时间: 2026年7月10日12时00分起至2026年7月17日12时00分止
    ✓ 公告内容: 运城市人民医院医养结合服务能力建设项目（EPC 总承包）监理招标公告 招标项目所在地区：运城市 一、招标条件 本招标项目运城市人民医院医养结合服务能力建设项目（
    ✓ 招标人: 运城市人民医院
    ✓ 招标人地址: 运城市盐湖区人民南路313 号
    ✓ 招标人联系人: 姬先生
    ✓ 招标人联系方式: 0359-2888120
    ✓ 招标代理机构: 丰汇国际项目管理有限公司
    ✓ 招标代理机构地址: 陕西省西安市碑林区长安北路113 号大话南门壹中心14 楼1401 室
    ✓ 招标代理机构联系人: 李女士
    ✓ 招标代理机构联系方式: 17702917179
    ✓ 监督部门: 运城市住房和城乡建设局
    ✓ 监督部门联系方式: 0359-2222905
  [安泽经济技术开发区化工园区事故应急池项目总承包（EPC）] AI补字段 ['标书发售时间'] ← https://prec.sxzwfw.gov.cn/jyxxgczb/1072963.jhtml
    ✓ 标书发售时间: 2026年07月13日00时00分至2026年07月17日23时59分
  [武乡县贾豁乡美丽村庄河道治理以工代赈项目总承包] AI补字段 ['监督部门'] ← https://prec.sxzwfw.gov.cn/jyxxgczb/1072921.jhtml
    ✓ 监督部门: 山西省武乡县水利局
  [大同境内2026年普通国省道灾毁恢复重建工程施工] AI补字段 ['开标时间', '标书发售时间', '公告内容', '招标人', '招标人地址', '招标人联系人', '招标人联系方式', '招标代理机构', '招标代理机构地址', '招标代理机构联系人', '招标代理机构联系方式'] ← https://prec.sxzwfw.gov.cn/jyxxgczb/1065922.jhtml
  [GET失败1/5] ReadTimeout: HTTPSConnectionPool(host='prec.sxzwfw.gov.cn', port=443): Read timed out. (read timeout=15) | https://prec.sxzwfw.gov.cn/jyxxgczb/1065922.jhtml
  [GET失败2/5] ReadTimeout: HTTPSConnectionPool(host='prec.sxzwfw.gov.cn', port=443): Read timed out. (read timeout=15) | https://prec.sxzwfw.gov.cn/jyxxgczb/1065922.jhtml
    ✓ 开标时间: 2026年7月9日9:00
    ✓ 标书发售时间: 2026年6月17日20:00至2026年6月25日20:00
    ✓ 公告内容: 大同境内2026年普通国省道灾毁恢复重建工程施工招标公告 (招标编号：ZHLH-2026-011） 招标项目所在地区：山西省大同市 一、招标条件 本招标项目大同
    ✓ 招标人: 山西省公路局大同分局
    ✓ 招标人地址: 山西省大同市花园里北街115号
    ✓ 招标人联系人: 韩先生
    ✓ 招标人联系方式: 0352-2084580
    ✓ 招标代理机构: 中寰联珩建设咨询（山西）有限责任公司
    ✓ 招标代理机构地址: 山西综改示范区太原唐槐园龙盛街52号盛玖大厦B座7层701室
    ✓ 招标代理机构联系人: 樊鹏飞、王生辉、康彩虹、张晓花、郭新峰
    ✓ 招标代理机构联系方式: 16636604535
  [晋中境内2026年普通国省道地质灾害处治工程施工] AI补字段 ['标书发售时间', '招标代理机构', '招标代理机构地址', '招标代理机构联系人', '招标代理机构联系方式', '监督部门联系方式'] ← https://prec.sxzwfw.gov.cn/jyxxgczb/1065932.jhtml
    ✓ 标书发售时间: 2026年6月17日20时00分至2026年6月25日20时00分
    ✓ 招标代理机构: 山西鑫众益项目管理有限公司
    ✓ 招标代理机构地址: 山西省太原市小店区永利国际中心7层701室
    ✓ 招标代理机构联系人: 王湧、魏巍
    ✓ 招标代理机构联系方式: 0351-8710087
    ✓ 监督部门联系方式: 0351-7582107
  [晋中境内2026年普通国省道灾毁恢复重建工程施工] AI补字段 ['标书发售时间', '招标代理机构', '招标代理机构地址', '招标代理机构联系人', '招标代理机构联系方式', '监督部门联系方式'] ← https://prec.sxzwfw.gov.cn/jyxxgczb/1065933.jhtml
  [GET失败1/5] ReadTimeout: HTTPSConnectionPool(host='prec.sxzwfw.gov.cn', port=443): Read timed out. (read timeout=15) | https://prec.sxzwfw.gov.cn/jyxxgczb/1065933.jhtml
    ✓ 标书发售时间: 2026年6月17日20时00分至2026年6月25日20时00分
    ✓ 招标代理机构: 山西鑫众益项目管理有限公司
    ✓ 招标代理机构地址: 山西省太原市小店区永利国际中心7层701室
    ✓ 招标代理机构联系人: 王湧、魏巍
    ✓ 招标代理机构联系方式: 0351-8710087
    ✓ 监督部门联系方式: 0351-7582107
  [山西省亳清河幸福河湖建设项目(垣曲段)勘察设计] AI补字段 ['开标时间', '标书发售时间', '公告内容', '招标人', '招标人地址', '招标人联系人', '招标人联系方式', '招标代理机构', '招标代理机构地址', '招标代理机构联系人', '招标代理机构联系方式'] ← https://prec.sxzwfw.gov.cn/jyxxgczb/1065457.jhtml
  [PDF公告] 发现PDF: https://ggzyjyzx.yuncheng.gov.cn:8083/upload/wj/2c9f80959ec96301019eca6be332017f.pdf
  [PDF] 下载: https://ggzyjyzx.yuncheng.gov.cn:8083/upload/wj/2c9f80959ec96301019eca6be332017f.pdf
  [PDF] 直接提取文字成功，长度=2370
    ✓ 开标时间: 2026 年7 月10 日9 时00 分（北京时间）
    ✓ 标书发售时间: 2026 年6 月17 日00 时00 分起至2026 年6 月23 日18 时00 分（北京时间）
    ✓ 公告内容: 山西省毫清河幸福河湖建设项目(垣曲段)勘察设计招标公告 （项目编号：2026GC010586） 招标项目所在地区：运城市垣曲县 一、招标条件 本山西省毫清河幸福
    ✓ 招标人: 垣曲县水利局
    ✓ 招标人地址: 垣曲县黄河东路
    ✓ 招标人联系人: 裴先生
    ✓ 招标人联系方式: 13834373518
    ✓ 招标代理机构: 中鼎誉润工程咨询有限公司
    ✓ 招标代理机构地址: 运城市红旗东街盐湖城小区
    ✓ 招标代理机构联系人: 张女士
    ✓ 招标代理机构联系方式: 0359-8333353
  [山西转型综合改革示范区储能充换电停车场示范项目设计施工总承包中标候选人公示更正] AI补字段 ['监督部门联系方式'] ← https://prec.sxzwfw.gov.cn/jyxxgchxr/1073127.jhtml
    ✗ 监督部门联系方式: AI未提取
  [大秦铁路股份有限公司侯马北工务段南同蒲线K841+940-K843+233路堑护坡大修整治工程施工总价承包项目(1标段)中标候选人公示更正] AI补字段 ['监督部门联系方式'] ← https://prec.sxzwfw.gov.cn/jyxxgchxr/1073096.jhtml
  [GET失败1/5] ConnectionError: ('Connection aborted.', RemoteDisconnected('Remote end closed connection without response')) | https://prec.sxzwfw.gov.cn/jyxxgchxr/1073096.jhtml
  [GET失败2/5] ProxyError: HTTPSConnectionPool(host='prec.sxzwfw.gov.cn', port=443): Max retries exceeded with url: /jyxxgchxr/1073096.jhtml (Caused by ProxyError('Unable to connect to proxy', RemoteDisconnected('Remote end closed connection without response'))) | https://prec.sxzwfw.gov.cn/jyxxgchxr/1073096.jhtml
    ✗ 监督部门联系方式: AI未提取
[AI报告] → /home/intsig/zwx/shanxi/log/20260710_ai_report.log
  AI补全完成：131 个字段
  AI调用统计：共 59 次
  输入 tokens : 104,840
  输出 tokens : 17,383
  合计 tokens : 122,223
[自检] → /home/intsig/zwx/shanxi/log/20260710_check.log
[索引] → /home/intsig/zwx/shanxi/output/山西_index.txt

============================================================
完成！共 778 条记录 → /home/intsig/zwx/shanxi/output/山西.csv
自检日志 → /home/intsig/zwx/shanxi/log/20260710_check.log
AI报告   → /home/intsig/zwx/shanxi/log/20260710_ai_report.log
============================================================
============================================================
运行结束: 2026-07-10 23:19:25
============================================================
============================================================
开始运行山西爬虫: 2026-07-11 22:00:01
当前目录: /home/intsig/zwx/shanxi
Python: /home/vipuser/miniconda3/envs/myenv/bin/python
脚本: /home/intsig/zwx/shanxi/shanxi_regex_ai.py
============================================================
============================================================
山西省公共资源交易平台爬虫 v4.3（历史回填 + 自检 + AI兜底 + IP代理池）
时间: 2026-07-11 22:00:02
输出: /home/intsig/zwx/shanxi/output/山西.csv
============================================================
初始化 Session...
Session 初始化成功
代理开关: True
代理池状态: {'available': 30, 'bad_total': 0, 'bad_unique': 0, 'api_calls_used': 1, 'api_calls_limit': 200, 'min_size': 8, 'default_num': 30, 'default_time': 5, 'default_port': 2, 'auto_refresh': True}
[CSV] 加载增量总表 778 行：/home/intsig/zwx/shanxi/output/山西.csv

===== 第一步：招标计划 =====
  [列表] channelId=198 第1页...
  [列表] 无数据，状态码=200
  [列表] 共 0 条

===== 第二步：招标公告频道 =====
  [列表] channelId=12 第1页...
  [列表] 总条数=1，当前已获取=1
  [列表] 共 1 条

  [跳过-控制价] 翼城县全域旅游配套基础设施提升项目(木石四牌坊环境整治项目)木石四牌坊环境整治改造工程施工招标控制价公示

===== 第三步：变更公告 =====
  [列表] channelId=13 第1页...
  [POST失败1/3] ReadTimeout: HTTPSConnectionPool(host='prec.sxzwfw.gov.cn', port=443): Read timed out. (read timeout=18) | https://prec.sxzwfw.gov.cn/queryContent-jyxx.jspx
  [POST失败2/3] ConnectionError: ('Connection aborted.', ConnectionResetError(104, 'Connection reset by peer')) | https://prec.sxzwfw.gov.cn/queryContent-jyxx.jspx
  [POST失败3/3] ReadTimeout: HTTPSConnectionPool(host='prec.sxzwfw.gov.cn', port=443): Read timed out. (read timeout=18) | https://prec.sxzwfw.gov.cn/queryContent-jyxx.jspx
  [列表] 请求失败
  [列表] 共 0 条

===== 第四步：中标候选人公示 =====
  [列表] channelId=14 第1页...
  [列表] 总条数=4，当前已获取=4
  [列表] 共 4 条

  [中标候选人公示] 霍州市城区段防洪堤维修改造工程
  [历史搜索] 霍州市城区段防洪堤维修改造工程
  [历史回填] 搜索项目：霍州市城区段防洪堤维修改造工程
  [POST失败1/3] ConnectionError: ('Connection aborted.', ConnectionResetError(104, 'Connection reset by peer')) | https://prec.sxzwfw.gov.cn/queryContent-jyxx.jspx
  [POST失败2/3] ConnectionError: ('Connection aborted.', ConnectionResetError(104, 'Connection reset by peer')) | https://prec.sxzwfw.gov.cn/queryContent-jyxx.jspx
  [GET失败1/3] ConnectionError: ('Connection aborted.', ConnectionResetError(104, 'Connection reset by peer')) | https://prec.sxzwfw.gov.cn/jyxxzbjh/1059318.jhtml
    ✓ 历史招标计划
  [POST失败1/3] ConnectionError: ('Connection aborted.', ConnectionResetError(104, 'Connection reset by peer')) | https://prec.sxzwfw.gov.cn/queryContent-jyxx.jspx
    ✓ 历史招标公告
  [POST失败1/3] ConnectionError: ('Connection aborted.', RemoteDisconnected('Remote end closed connection without response')) | https://prec.sxzwfw.gov.cn/queryContent-jyxx.jspx
  [POST失败2/3] ConnectionError: ('Connection aborted.', ConnectionResetError(104, 'Connection reset by peer')) | https://prec.sxzwfw.gov.cn/queryContent-jyxx.jspx
  [GET失败1/3] ConnectionError: ('Connection aborted.', ConnectionResetError(104, 'Connection reset by peer')) | https://prec.sxzwfw.gov.cn/jyxxgchxr/1073238.jhtml
    ✓ 历史候选人监督部门
  [POST失败1/3] ConnectionError: ('Connection aborted.', RemoteDisconnected('Remote end closed connection without response')) | https://prec.sxzwfw.gov.cn/queryContent-jyxx.jspx
  [POST失败2/3] ConnectionError: ('Connection aborted.', ConnectionResetError(104, 'Connection reset by peer')) | https://prec.sxzwfw.gov.cn/queryContent-jyxx.jspx
  → upsert 完成：中标候选人公示

  [中标候选人公示] 曲沃县土地局小区改造项目施工
  [GET失败1/3] ConnectionError: ('Connection aborted.', ConnectionResetError(104, 'Connection reset by peer')) | https://prec.sxzwfw.gov.cn/jyxxgchxr/1073237.jhtml
  [历史搜索] 曲沃县土地局小区改造项目施工
  [历史回填] 搜索项目：曲沃县土地局小区改造项目施工
    ✓ 历史招标公告
    ✓ 历史候选人监督部门
  [POST失败1/3] ReadTimeout: HTTPSConnectionPool(host='prec.sxzwfw.gov.cn', port=443): Read timed out. (read timeout=18) | https://prec.sxzwfw.gov.cn/queryContent-jyxx.jspx
  → upsert 完成：中标候选人公示

  [中标候选人公示] 曲沃县兴隆大院小区、建行小区改造项目施工
  [历史搜索] 曲沃县兴隆大院小区、建行小区改造项目施工
  [历史回填] 搜索项目：曲沃县兴隆大院小区、建行小区改造项目施工
  [POST失败1/3] ConnectionError: ('Connection aborted.', RemoteDisconnected('Remote end closed connection without response')) | https://prec.sxzwfw.gov.cn/queryContent-jyxx.jspx
  [POST失败2/3] ProxyError: HTTPSConnectionPool(host='prec.sxzwfw.gov.cn', port=443): Max retries exceeded with url: /queryContent-jyxx.jspx (Caused by ProxyError('Unable to connect to proxy', OSError('Tunnel connection failed: 645 Proxy Authentication In Black List'))) | https://prec.sxzwfw.gov.cn/queryContent-jyxx.jspx
    ✓ 历史招标公告
  [GET失败1/3] ReadTimeout: HTTPSConnectionPool(host='prec.sxzwfw.gov.cn', port=443): Read timed out. (read timeout=15) | https://prec.sxzwfw.gov.cn/jyxxgchxr/1073236.jhtml
  [GET失败2/3] ConnectionError: ('Connection aborted.', RemoteDisconnected('Remote end closed connection without response')) | https://prec.sxzwfw.gov.cn/jyxxgchxr/1073236.jhtml
  [GET失败3/3] ConnectionError: ('Connection aborted.', RemoteDisconnected('Remote end closed connection without response')) | https://prec.sxzwfw.gov.cn/jyxxgchxr/1073236.jhtml
    ✓ 历史候选人监督部门
  [POST失败1/3] ConnectionError: HTTPSConnectionPool(host='prec.sxzwfw.gov.cn', port=443): Read timed out. | https://prec.sxzwfw.gov.cn/queryContent-jyxx.jspx
  [POST失败2/3] ConnectionError: ('Connection aborted.', ConnectionResetError(104, 'Connection reset by peer')) | https://prec.sxzwfw.gov.cn/queryContent-jyxx.jspx
  [POST失败3/3] ReadTimeout: HTTPSConnectionPool(host='prec.sxzwfw.gov.cn', port=443): Read timed out. (read timeout=18) | https://prec.sxzwfw.gov.cn/queryContent-jyxx.jspx
  → upsert 完成：中标候选人公示

  [中标候选人公示] 曲沃县计委1#楼、2#楼、法苑小区改造项目施工
  [GET失败1/3] ProxyError: HTTPSConnectionPool(host='prec.sxzwfw.gov.cn', port=443): Max retries exceeded with url: /jyxxgchxr/1073235.jhtml (Caused by ProxyError('Unable to connect to proxy', RemoteDisconnected('Remote end closed connection without response'))) | https://prec.sxzwfw.gov.cn/jyxxgchxr/1073235.jhtml
  [历史搜索] 曲沃县计委1#楼、2#楼、法苑小区改造项目施工
  [历史回填] 搜索项目：曲沃县计委1#楼、2#楼、法苑小区改造项目施工
  [POST失败1/3] ConnectionError: ('Connection aborted.', ConnectionResetError(104, 'Connection reset by peer')) | https://prec.sxzwfw.gov.cn/queryContent-jyxx.jspx
  [POST失败2/3] ReadTimeout: HTTPSConnectionPool(host='prec.sxzwfw.gov.cn', port=443): Read timed out. (read timeout=18) | https://prec.sxzwfw.gov.cn/queryContent-jyxx.jspx
  [GET失败1/3] ConnectionError: ('Connection aborted.', RemoteDisconnected('Remote end closed connection without response')) | https://prec.sxzwfw.gov.cn/jyxxgczb/1062974.jhtml
    ✓ 历史招标公告
  [POST失败1/3] ReadTimeout: HTTPSConnectionPool(host='prec.sxzwfw.gov.cn', port=443): Read timed out. (read timeout=18) | https://prec.sxzwfw.gov.cn/queryContent-jyxx.jspx
  [POST失败2/3] ConnectionError: ('Connection aborted.', RemoteDisconnected('Remote end closed connection without response')) | https://prec.sxzwfw.gov.cn/queryContent-jyxx.jspx
  [POST失败3/3] ReadTimeout: HTTPSConnectionPool(host='prec.sxzwfw.gov.cn', port=443): Read timed out. (read timeout=18) | https://prec.sxzwfw.gov.cn/queryContent-jyxx.jspx
  [POST失败1/3] ConnectionError: ('Connection aborted.', ConnectionResetError(104, 'Connection reset by peer')) | https://prec.sxzwfw.gov.cn/queryContent-jyxx.jspx
  [POST失败2/3] ProxyError: HTTPSConnectionPool(host='prec.sxzwfw.gov.cn', port=443): Max retries exceeded with url: /queryContent-jyxx.jspx (Caused by ProxyError('Unable to connect to proxy', OSError('Tunnel connection failed: 639 Internal Server Error'))) | https://prec.sxzwfw.gov.cn/queryContent-jyxx.jspx
  → upsert 完成：中标候选人公示

===== 第五步：中标结果公示 =====
  [列表] channelId=15 第1页...
  [POST失败1/3] ReadTimeout: HTTPSConnectionPool(host='prec.sxzwfw.gov.cn', port=443): Read timed out. (read timeout=18) | https://prec.sxzwfw.gov.cn/queryContent-jyxx.jspx
  [POST失败2/3] ConnectionError: ('Connection aborted.', ConnectionResetError(104, 'Connection reset by peer')) | https://prec.sxzwfw.gov.cn/queryContent-jyxx.jspx
  [POST失败3/3] ConnectionError: ('Connection aborted.', ConnectionResetError(104, 'Connection reset by peer')) | https://prec.sxzwfw.gov.cn/queryContent-jyxx.jspx
  [列表] 请求失败
  [列表] 共 0 条
[索引] → /home/intsig/zwx/shanxi/output/山西_index.txt
[自检] → /home/intsig/zwx/shanxi/log/20260711_check.log

===== AI 兜底补充提取 =====
  [马村镇马村村高标准设施蔬菜基地项目] AI补字段 ['招标代理机构地址'] ← https://prec.sxzwfw.gov.cn/jyxxgczb/1069822.jhtml
  [GET失败1/5] ConnectionError: ('Connection aborted.', ConnectionResetError(104, 'Connection reset by peer')) | https://prec.sxzwfw.gov.cn/jyxxgczb/1069822.jhtml
  [GET失败2/5] ConnectionError: ('Connection aborted.', ConnectionResetError(104, 'Connection reset by peer')) | https://prec.sxzwfw.gov.cn/jyxxgczb/1069822.jhtml
    ✗ 招标代理机构地址: AI未提取
  [太原市杏花岭区宇乔400MW/800MWh独立储能调频电站项目(EPC总承包）] AI补字段 ['监督部门联系方式'] ← https://prec.sxzwfw.gov.cn/jyxxgcgs/1071357.jhtml
    ✗ 监督部门联系方式: AI未提取
  [太原西山“骑行+”户外运动场地设施与服务保障设施建设项目施工] AI补字段 ['监督部门'] ← https://prec.sxzwfw.gov.cn/jyxxgcgs/1070917.jhtml
  [GET失败1/5] ConnectionError: ('Connection aborted.', RemoteDisconnected('Remote end closed connection without response')) | https://prec.sxzwfw.gov.cn/jyxxgcgs/1070917.jhtml
  [GET失败2/5] ReadTimeout: HTTPSConnectionPool(host='prec.sxzwfw.gov.cn', port=443): Read timed out. (read timeout=15) | https://prec.sxzwfw.gov.cn/jyxxgcgs/1070917.jhtml
    ✗ 监督部门: AI未提取
  [华信振阳高新区200MW/400MWh独立储能项目EPC总承包] AI补字段 ['监督部门'] ← https://prec.sxzwfw.gov.cn/jyxxgcgs/1071264.jhtml
  [GET失败1/5] ConnectionError: ('Connection aborted.', ConnectionResetError(104, 'Connection reset by peer')) | https://prec.sxzwfw.gov.cn/jyxxgcgs/1071264.jhtml
    ✗ 监督部门: AI未提取
  [原平市2025年农村公路灾毁改造工程（裕隆社区-武彦等6条）监理项目] AI补字段 ['监督部门联系方式'] ← https://prec.sxzwfw.gov.cn/jyxxgchxr/1069689.jhtml
    ✗ 监督部门联系方式: AI未提取
  [代县城市地下管网及设施建设改造工程-东北街片区（分区二）施工项目] AI补字段 ['监督部门联系方式'] ← https://prec.sxzwfw.gov.cn/jyxxgchxr/1069209.jhtml
    ✗ 监督部门联系方式: AI未提取
  [大同市晋北地区高原风沙源生态保护和修复项目桦林背林场2026年人工造林(1,2,3,4,5,6,8,9,10,11,12,] AI补字段 ['监督部门联系方式'] ← https://prec.sxzwfw.gov.cn/jyxxgczb/1069176.jhtml
    ✓ 监督部门联系方式: 电话:0352-7789836
  [山西蓝焰煤层气集团有限责任公司晋城矿区煤层气加密井建设项目（二期）煤层气井录井技术服务] AI补字段 ['招标人地址', '招标人联系人', '招标人联系方式'] ← https://prec.sxzwfw.gov.cn/jyxxgczb/1055857.jhtml
    ✗ 招标人地址: AI未提取
    ✗ 招标人联系人: AI未提取
    ✗ 招标人联系方式: AI未提取
  [高平市炎谷丰高标准设施蔬菜基地项目(002二标段)] AI补字段 ['监督部门联系方式'] ← https://prec.sxzwfw.gov.cn/jyxxgchxr/1067695.jhtml
    ✗ 监督部门联系方式: AI未提取
  [太原天然气有限公司太原市2026年住宅小区居民共有老旧庭院燃气管网及户内立管更新改造项目工程施工] AI补字段 ['监督部门联系方式'] ← https://prec.sxzwfw.gov.cn/jyxxgcgs/1069250.jhtml
    ✗ 监督部门联系方式: AI未提取
  [黄水河宁武县段河道治理工程勘察设计项目] AI补字段 ['监督部门联系方式'] ← https://prec.sxzwfw.gov.cn/jyxxgchxr/1067711.jhtml
    ✗ 监督部门联系方式: AI未提取
  [高平市燃气老化管网及设施更新改造工程（老化燃气管道更新改造EPC）] AI补字段 ['招标代理机构地址'] ← https://prec.sxzwfw.gov.cn/jyxxgczb/1060412.jhtml
    ✗ 招标代理机构地址: AI未提取
  [杏花岭区2024年老旧小区改造项目（二期）设计施工总承包（EPC）(004标段四)] AI补字段 ['监督部门联系方式'] ← https://prec.sxzwfw.gov.cn/jyxxgcgs/1071595.jhtml
  [GET失败1/5] ProxyError: HTTPSConnectionPool(host='prec.sxzwfw.gov.cn', port=443): Max retries exceeded with url: /jyxxgcgs/1071595.jhtml (Caused by ProxyError('Unable to connect to proxy', OSError('Tunnel connection failed: 645 Proxy Authentication In Black List'))) | https://prec.sxzwfw.gov.cn/jyxxgcgs/1071595.jhtml
    ✗ 监督部门联系方式: AI未提取
  [中村镇张马村历山花卉融创基地] AI补字段 ['监督部门联系方式'] ← https://prec.sxzwfw.gov.cn/jyxxgchxr/1070266.jhtml
  [GET失败1/5] ConnectionError: ('Connection aborted.', RemoteDisconnected('Remote end closed connection without response')) | https://prec.sxzwfw.gov.cn/jyxxgchxr/1070266.jhtml
    ✗ 监督部门联系方式: AI未提取
  [晋中市松塔水库供水（二期）工程管材及管件采购03标] AI补字段 ['监督部门联系方式'] ← https://prec.sxzwfw.gov.cn/jyxxgchxr/1070208.jhtml
    ✗ 监督部门联系方式: AI未提取
  [平陆县2026年村道水毁工程] AI补字段 ['招标人联系人'] ← https://prec.sxzwfw.gov.cn/jyxxgczb/1062514.jhtml
  [PDF公告] 发现PDF: https://ggzyjyzx.yuncheng.gov.cn:8083/upload/wj/2c9f80959e25d986019e96ce7a0b2044.pdf
  [PDF] 直接提取文字成功，长度=3358
    ✗ 招标人联系人: AI未提取
  [原平市2025年农村公路灾毁改造工程（裕隆社区-武彦等6条）施工项目] AI补字段 ['监督部门联系方式'] ← https://prec.sxzwfw.gov.cn/jyxxgchxr/1070610.jhtml
  [GET失败1/5] ProxyError: HTTPSConnectionPool(host='prec.sxzwfw.gov.cn', port=443): Max retries exceeded with url: /jyxxgchxr/1070610.jhtml (Caused by ProxyError('Unable to connect to proxy', OSError('Tunnel connection failed: 436 Proxy Authentication Failed'))) | https://prec.sxzwfw.gov.cn/jyxxgchxr/1070610.jhtml
    ✗ 监督部门联系方式: AI未提取
  [代县城市地下管网及设施建设改造工程-东北街片区（分区一）施工项目] AI补字段 ['监督部门联系方式'] ← https://prec.sxzwfw.gov.cn/jyxxgchxr/1068808.jhtml
  [GET失败1/5] ConnectionError: ('Connection aborted.', ConnectionResetError(104, 'Connection reset by peer')) | https://prec.sxzwfw.gov.cn/jyxxgchxr/1068808.jhtml
    ✗ 监督部门联系方式: AI未提取
  [代县城市地下管网及设施建设改造工程-东北街片区（分区一）监理项目] AI补字段 ['监督部门联系方式'] ← https://prec.sxzwfw.gov.cn/jyxxgchxr/1068807.jhtml
    ✗ 监督部门联系方式: AI未提取
  [高平市原村乡冯村村集中供热二网项目] AI补字段 ['监督部门联系方式'] ← https://prec.sxzwfw.gov.cn/jyxxgczb/1071190.jhtml
  [GET失败1/5] ReadTimeout: HTTPSConnectionPool(host='prec.sxzwfw.gov.cn', port=443): Read timed out. (read timeout=15) | https://prec.sxzwfw.gov.cn/jyxxgczb/1071190.jhtml
    ✗ 监督部门联系方式: AI未提取
  [柿庄镇输配站基础设施提升改造项目] AI补字段 ['招标人地址'] ← https://prec.sxzwfw.gov.cn/jyxxgczb/1064015.jhtml
    ✗ 招标人地址: AI未提取
  [晋城市建筑垃圾资源化利用项目特许经营者（二次）招标] AI补字段 ['招标人', '招标人地址', '招标人联系人', '招标人联系方式', '招标代理机构', '招标代理机构地址', '招标代理机构联系人', '招标代理机构联系方式', '监督部门'] ← https://prec.sxzwfw.gov.cn/jyxxgczb/1065567.jhtml
  [GET失败1/5] ReadTimeout: HTTPSConnectionPool(host='prec.sxzwfw.gov.cn', port=443): Read timed out. (read timeout=15) | https://prec.sxzwfw.gov.cn/jyxxgczb/1065567.jhtml
    ✗ 招标人: AI未提取
    ✗ 招标人地址: AI未提取
    ✗ 招标人联系人: AI未提取
    ✗ 招标人联系方式: AI未提取
    ✗ 招标代理机构: AI未提取
    ✗ 招标代理机构地址: AI未提取
    ✗ 招标代理机构联系人: AI未提取
    ✗ 招标代理机构联系方式: AI未提取
    ✗ 监督部门: AI未提取
  [繁峙县资源路产业路108国道-上西庄公路改造工程施工项目] AI补字段 ['监督部门联系方式'] ← https://prec.sxzwfw.gov.cn/jyxxgchxr/1071396.jhtml
    ✗ 监督部门联系方式: AI未提取
  [杏花岭区2024年老旧小区改造项目（二期）设计施工总承包（EPC）(003标段三)] AI补字段 ['监督部门联系方式'] ← https://prec.sxzwfw.gov.cn/jyxxgcgs/1071593.jhtml
  [GET失败1/5] ConnectionError: ('Connection aborted.', ConnectionResetError(104, 'Connection reset by peer')) | https://prec.sxzwfw.gov.cn/jyxxgcgs/1071593.jhtml
    ✗ 监督部门联系方式: AI未提取
  [杏花岭区2024年老旧小区改造项目（二期）设计施工总承包（EPC）(002标段二)] AI补字段 ['监督部门联系方式'] ← https://prec.sxzwfw.gov.cn/jyxxgcgs/1071592.jhtml
  [GET失败1/5] ReadTimeout: HTTPSConnectionPool(host='prec.sxzwfw.gov.cn', port=443): Read timed out. (read timeout=15) | https://prec.sxzwfw.gov.cn/jyxxgcgs/1071592.jhtml
    ✗ 监督部门联系方式: AI未提取
  [杏花岭区2024年老旧小区改造项目（二期）设计施工总承包（EPC）(007标段七)] AI补字段 ['监督部门联系方式'] ← https://prec.sxzwfw.gov.cn/jyxxgcgs/1071561.jhtml
    ✗ 监督部门联系方式: AI未提取
  [杏花岭区2024年老旧小区改造项目（二期）设计施工总承包（EPC）(006标段六)] AI补字段 ['监督部门联系方式'] ← https://prec.sxzwfw.gov.cn/jyxxgcgs/1071560.jhtml
    ✗ 监督部门联系方式: AI未提取
  [杏花岭区2024年老旧小区改造项目（二期）设计施工总承包（EPC）(005标段五)] AI补字段 ['监督部门联系方式'] ← https://prec.sxzwfw.gov.cn/jyxxgcgs/1071559.jhtml
    ✗ 监督部门联系方式: AI未提取
  [陵川县秦家庄至司家河公路改造工程] AI补字段 ['招标人地址', '招标人联系人', '招标人联系方式', '招标代理机构', '招标代理机构地址', '招标代理机构联系人', '招标代理机构联系方式'] ← https://prec.sxzwfw.gov.cn/jyxxgczb/1065887.jhtml
  [GET失败1/5] ProxyError: HTTPSConnectionPool(host='prec.sxzwfw.gov.cn', port=443): Max retries exceeded with url: /jyxxgczb/1065887.jhtml (Caused by ProxyError('Unable to connect to proxy', RemoteDisconnected('Remote end closed connection without response'))) | https://prec.sxzwfw.gov.cn/jyxxgczb/1065887.jhtml
  [GET失败2/5] ReadTimeout: HTTPSConnectionPool(host='prec.sxzwfw.gov.cn', port=443): Read timed out. (read timeout=15) | https://prec.sxzwfw.gov.cn/jyxxgczb/1065887.jhtml
    ✗ 招标人地址: AI未提取
    ✗ 招标人联系人: AI未提取
    ✗ 招标人联系方式: AI未提取
    ✗ 招标代理机构: AI未提取
    ✗ 招标代理机构地址: AI未提取
    ✗ 招标代理机构联系人: AI未提取
    ✗ 招标代理机构联系方式: AI未提取
  [武乡县新城区污水处理厂尾水人工湿地净化工程初步设计设计项目] AI补字段 ['招标人地址', '招标人联系人', '招标人联系方式', '招标代理机构', '招标代理机构地址', '招标代理机构联系人', '招标代理机构联系方式'] ← https://prec.sxzwfw.gov.cn/jyxxgczb/1065426.jhtml
  [GET失败1/5] ConnectionError: ('Connection aborted.', ConnectionResetError(104, 'Connection reset by peer')) | https://prec.sxzwfw.gov.cn/jyxxgczb/1065426.jhtml
    ✗ 招标人地址: AI未提取
    ✗ 招标人联系人: AI未提取
    ✗ 招标人联系方式: AI未提取
    ✗ 招标代理机构: AI未提取
    ✗ 招标代理机构地址: AI未提取
    ✗ 招标代理机构联系人: AI未提取
    ✗ 招标代理机构联系方式: AI未提取
  [忻州市通岗路、广裕街道路建设工程设计项目] AI补字段 ['监督部门联系方式'] ← https://prec.sxzwfw.gov.cn/jyxxgchxr/1072587.jhtml
    ✗ 监督部门联系方式: AI未提取
  [2026年泽州县昆玉小区等4个老旧小区更新改造工程初步设计] AI补字段 ['招标人地址', '招标人联系人', '招标人联系方式', '招标代理机构', '招标代理机构地址', '招标代理机构联系人', '招标代理机构联系方式'] ← https://prec.sxzwfw.gov.cn/jyxxgczb/1065464.jhtml
    ✗ 招标人地址: AI未提取
    ✗ 招标人联系人: AI未提取
    ✗ 招标人联系方式: AI未提取
    ✗ 招标代理机构: AI未提取
    ✗ 招标代理机构地址: AI未提取
    ✗ 招标代理机构联系人: AI未提取
    ✗ 招标代理机构联系方式: AI未提取
  [山西转型综合改革示范区储能充换电停车场示范项目设计施工总承包中标候选人公示更正] AI补字段 ['监督部门联系方式'] ← https://prec.sxzwfw.gov.cn/jyxxgchxr/1073127.jhtml
    ✗ 监督部门联系方式: AI未提取
  [大秦铁路股份有限公司侯马北工务段南同蒲线K841+940-K843+233路堑护坡大修整治工程施工总价承包项目(1标段)中标候选人公示更正] AI补字段 ['监督部门联系方式'] ← https://prec.sxzwfw.gov.cn/jyxxgchxr/1073096.jhtml
    ✗ 监督部门联系方式: AI未提取
[AI报告] → /home/intsig/zwx/shanxi/log/20260711_ai_report.log
  AI补全完成：1 个字段
  AI调用统计：共 34 次
  输入 tokens : 43,152
  输出 tokens : 870
  合计 tokens : 44,022
[自检] → /home/intsig/zwx/shanxi/log/20260711_check.log
[索引] → /home/intsig/zwx/shanxi/output/山西_index.txt

============================================================
完成！共 782 条记录 → /home/intsig/zwx/shanxi/output/山西.csv
自检日志 → /home/intsig/zwx/shanxi/log/20260711_check.log
AI报告   → /home/intsig/zwx/shanxi/log/20260711_ai_report.log
============================================================
============================================================
运行结束: 2026-07-11 22:16:13
============================================================
============================================================
开始运行山西爬虫: 2026-07-12 22:00:01
当前目录: /home/intsig/zwx/shanxi
Python: /home/vipuser/miniconda3/envs/myenv/bin/python
脚本: /home/intsig/zwx/shanxi/shanxi_regex_ai.py
============================================================
============================================================
山西省公共资源交易平台爬虫 v4.3（历史回填 + 自检 + AI兜底 + IP代理池）
时间: 2026-07-12 22:00:02
输出: /home/intsig/zwx/shanxi/output/山西.csv
============================================================
初始化 Session...
Session 初始化成功
代理开关: True
代理池状态: {'available': 30, 'bad_total': 0, 'bad_unique': 0, 'api_calls_used': 1, 'api_calls_limit': 200, 'min_size': 8, 'default_num': 30, 'default_time': 5, 'default_port': 2, 'auto_refresh': True}
[CSV] 加载增量总表 782 行：/home/intsig/zwx/shanxi/output/山西.csv

===== 第一步：招标计划 =====
  [列表] channelId=198 第1页...
  [POST失败1/3] ConnectionError: ('Connection aborted.', ConnectionResetError(104, 'Connection reset by peer')) | https://prec.sxzwfw.gov.cn/queryContent-jyxx.jspx
  [列表] 无数据，状态码=200
  [列表] 共 0 条

===== 第二步：招标公告频道 =====
  [列表] channelId=12 第1页...
  [POST失败1/3] ReadTimeout: HTTPSConnectionPool(host='prec.sxzwfw.gov.cn', port=443): Read timed out. (read timeout=18) | https://prec.sxzwfw.gov.cn/queryContent-jyxx.jspx
  [POST失败2/3] ConnectionError: ('Connection aborted.', RemoteDisconnected('Remote end closed connection without response')) | https://prec.sxzwfw.gov.cn/queryContent-jyxx.jspx
  [POST失败3/3] ReadTimeout: HTTPSConnectionPool(host='prec.sxzwfw.gov.cn', port=443): Read timed out. (read timeout=18) | https://prec.sxzwfw.gov.cn/queryContent-jyxx.jspx
  [列表] 请求失败
  [列表] 共 0 条

===== 第三步：变更公告 =====
  [列表] channelId=13 第1页...
  [列表] 无数据，状态码=200
  [列表] 共 0 条

===== 第四步：中标候选人公示 =====
  [列表] channelId=14 第1页...
  [列表] 无数据，状态码=200
  [列表] 共 0 条

===== 第五步：中标结果公示 =====
  [列表] channelId=15 第1页...
  [列表] 无数据，状态码=200
  [列表] 共 0 条
[索引] → /home/intsig/zwx/shanxi/output/山西_index.txt
[自检] → /home/intsig/zwx/shanxi/log/20260712_check.log

===== AI 兜底补充提取 =====
  [马村镇马村村高标准设施蔬菜基地项目] AI补字段 ['招标代理机构地址'] ← https://prec.sxzwfw.gov.cn/jyxxgczb/1069822.jhtml
    ✗ 招标代理机构地址: AI未提取
  [太原市杏花岭区宇乔400MW/800MWh独立储能调频电站项目(EPC总承包）] AI补字段 ['监督部门联系方式'] ← https://prec.sxzwfw.gov.cn/jyxxgcgs/1071357.jhtml
    ✗ 监督部门联系方式: AI未提取
  [太原西山“骑行+”户外运动场地设施与服务保障设施建设项目施工] AI补字段 ['监督部门'] ← https://prec.sxzwfw.gov.cn/jyxxgcgs/1070917.jhtml
  [GET失败1/5] ProxyError: HTTPSConnectionPool(host='prec.sxzwfw.gov.cn', port=443): Max retries exceeded with url: /jyxxgcgs/1070917.jhtml (Caused by ProxyError('Unable to connect to proxy', OSError('Tunnel connection failed: 618 Internal Server Error'))) | https://prec.sxzwfw.gov.cn/jyxxgcgs/1070917.jhtml
  [GET失败2/5] ReadTimeout: HTTPSConnectionPool(host='prec.sxzwfw.gov.cn', port=443): Read timed out. (read timeout=15) | https://prec.sxzwfw.gov.cn/jyxxgcgs/1070917.jhtml
    ✗ 监督部门: AI未提取
  [华信振阳高新区200MW/400MWh独立储能项目EPC总承包] AI补字段 ['监督部门'] ← https://prec.sxzwfw.gov.cn/jyxxgcgs/1071264.jhtml
  [GET失败1/5] ReadTimeout: HTTPSConnectionPool(host='prec.sxzwfw.gov.cn', port=443): Read timed out. (read timeout=15) | https://prec.sxzwfw.gov.cn/jyxxgcgs/1071264.jhtml
    ✗ 监督部门: AI未提取
  [原平市2025年农村公路灾毁改造工程（裕隆社区-武彦等6条）监理项目] AI补字段 ['监督部门联系方式'] ← https://prec.sxzwfw.gov.cn/jyxxgchxr/1069689.jhtml
    ✗ 监督部门联系方式: AI未提取
  [代县城市地下管网及设施建设改造工程-东北街片区（分区二）施工项目] AI补字段 ['监督部门联系方式'] ← https://prec.sxzwfw.gov.cn/jyxxgchxr/1069209.jhtml
    ✗ 监督部门联系方式: AI未提取
  [大同市晋北地区高原风沙源生态保护和修复项目桦林背林场2026年人工造林(1,2,3,4,5,6,8,9,10,11,12,] AI补字段 ['监督部门联系方式'] ← https://prec.sxzwfw.gov.cn/jyxxgczb/1069176.jhtml
    ✓ 监督部门联系方式: 电话:0352-7789836
  [山西蓝焰煤层气集团有限责任公司晋城矿区煤层气加密井建设项目（二期）煤层气井录井技术服务] AI补字段 ['招标人地址', '招标人联系人', '招标人联系方式'] ← https://prec.sxzwfw.gov.cn/jyxxgczb/1055857.jhtml
  [GET失败1/5] ConnectionError: ('Connection aborted.', ConnectionResetError(104, 'Connection reset by peer')) | https://prec.sxzwfw.gov.cn/jyxxgczb/1055857.jhtml
  [GET失败2/5] ConnectionError: ('Connection aborted.', ConnectionResetError(104, 'Connection reset by peer')) | https://prec.sxzwfw.gov.cn/jyxxgczb/1055857.jhtml
    ✗ 招标人地址: AI未提取
    ✗ 招标人联系人: AI未提取
    ✗ 招标人联系方式: AI未提取
  [高平市炎谷丰高标准设施蔬菜基地项目(002二标段)] AI补字段 ['监督部门联系方式'] ← https://prec.sxzwfw.gov.cn/jyxxgchxr/1067695.jhtml
  [GET失败1/5] ConnectionError: ('Connection aborted.', ConnectionResetError(104, 'Connection reset by peer')) | https://prec.sxzwfw.gov.cn/jyxxgchxr/1067695.jhtml
  [GET失败2/5] ConnectionError: ('Connection aborted.', ConnectionResetError(104, 'Connection reset by peer')) | https://prec.sxzwfw.gov.cn/jyxxgchxr/1067695.jhtml
  [GET失败3/5] ConnectionError: ('Connection aborted.', RemoteDisconnected('Remote end closed connection without response')) | https://prec.sxzwfw.gov.cn/jyxxgchxr/1067695.jhtml
    ✗ 监督部门联系方式: AI未提取
  [太原天然气有限公司太原市2026年住宅小区居民共有老旧庭院燃气管网及户内立管更新改造项目工程施工] AI补字段 ['监督部门联系方式'] ← https://prec.sxzwfw.gov.cn/jyxxgcgs/1069250.jhtml
    ✗ 监督部门联系方式: AI未提取
  [黄水河宁武县段河道治理工程勘察设计项目] AI补字段 ['监督部门联系方式'] ← https://prec.sxzwfw.gov.cn/jyxxgchxr/1067711.jhtml
  [GET失败1/5] ConnectionError: ('Connection aborted.', ConnectionResetError(104, 'Connection reset by peer')) | https://prec.sxzwfw.gov.cn/jyxxgchxr/1067711.jhtml
    ✗ 监督部门联系方式: AI未提取
  [高平市燃气老化管网及设施更新改造工程（老化燃气管道更新改造EPC）] AI补字段 ['招标代理机构地址'] ← https://prec.sxzwfw.gov.cn/jyxxgczb/1060412.jhtml
    ✗ 招标代理机构地址: AI未提取
  [杏花岭区2024年老旧小区改造项目（二期）设计施工总承包（EPC）(004标段四)] AI补字段 ['监督部门联系方式'] ← https://prec.sxzwfw.gov.cn/jyxxgcgs/1071595.jhtml
    ✗ 监督部门联系方式: AI未提取
  [中村镇张马村历山花卉融创基地] AI补字段 ['监督部门联系方式'] ← https://prec.sxzwfw.gov.cn/jyxxgchxr/1070266.jhtml
    ✗ 监督部门联系方式: AI未提取
  [晋中市松塔水库供水（二期）工程管材及管件采购03标] AI补字段 ['监督部门联系方式'] ← https://prec.sxzwfw.gov.cn/jyxxgchxr/1070208.jhtml
  [GET失败1/5] ConnectionError: ('Connection aborted.', RemoteDisconnected('Remote end closed connection without response')) | https://prec.sxzwfw.gov.cn/jyxxgchxr/1070208.jhtml
  [GET失败2/5] ConnectionError: ('Connection aborted.', ConnectionResetError(104, 'Connection reset by peer')) | https://prec.sxzwfw.gov.cn/jyxxgchxr/1070208.jhtml
    ✗ 监督部门联系方式: AI未提取
  [平陆县2026年村道水毁工程] AI补字段 ['招标人联系人'] ← https://prec.sxzwfw.gov.cn/jyxxgczb/1062514.jhtml
  [PDF公告] 发现PDF: https://ggzyjyzx.yuncheng.gov.cn:8083/upload/wj/2c9f80959e25d986019e96ce7a0b2044.pdf
  [PDF] 直接提取文字成功，长度=3358
    ✗ 招标人联系人: AI未提取
  [原平市2025年农村公路灾毁改造工程（裕隆社区-武彦等6条）施工项目] AI补字段 ['监督部门联系方式'] ← https://prec.sxzwfw.gov.cn/jyxxgchxr/1070610.jhtml
  [GET失败1/5] ReadTimeout: HTTPSConnectionPool(host='prec.sxzwfw.gov.cn', port=443): Read timed out. (read timeout=15) | https://prec.sxzwfw.gov.cn/jyxxgchxr/1070610.jhtml
    ✗ 监督部门联系方式: AI未提取
  [代县城市地下管网及设施建设改造工程-东北街片区（分区一）施工项目] AI补字段 ['监督部门联系方式'] ← https://prec.sxzwfw.gov.cn/jyxxgchxr/1068808.jhtml
    ✗ 监督部门联系方式: AI未提取
  [代县城市地下管网及设施建设改造工程-东北街片区（分区一）监理项目] AI补字段 ['监督部门联系方式'] ← https://prec.sxzwfw.gov.cn/jyxxgchxr/1068807.jhtml
  [GET失败1/5] ProxyError: HTTPSConnectionPool(host='prec.sxzwfw.gov.cn', port=443): Max retries exceeded with url: /jyxxgchxr/1068807.jhtml (Caused by ProxyError('Unable to connect to proxy', OSError('Tunnel connection failed: 436 Proxy Authentication Failed'))) | https://prec.sxzwfw.gov.cn/jyxxgchxr/1068807.jhtml
  [GET失败2/5] ProxyError: HTTPSConnectionPool(host='prec.sxzwfw.gov.cn', port=443): Max retries exceeded with url: /jyxxgchxr/1068807.jhtml (Caused by ProxyError('Unable to connect to proxy', OSError('Tunnel connection failed: 435 Proxy Authentication Failed'))) | https://prec.sxzwfw.gov.cn/jyxxgchxr/1068807.jhtml
  [GET失败3/5] ProxyError: HTTPSConnectionPool(host='prec.sxzwfw.gov.cn', port=443): Max retries exceeded with url: /jyxxgchxr/1068807.jhtml (Caused by ProxyError('Unable to connect to proxy', RemoteDisconnected('Remote end closed connection without response'))) | https://prec.sxzwfw.gov.cn/jyxxgchxr/1068807.jhtml
  [GET失败4/5] ReadTimeout: HTTPSConnectionPool(host='prec.sxzwfw.gov.cn', port=443): Read timed out. (read timeout=15) | https://prec.sxzwfw.gov.cn/jyxxgchxr/1068807.jhtml
  [GET失败5/5] ReadTimeout: HTTPSConnectionPool(host='prec.sxzwfw.gov.cn', port=443): Read timed out. (read timeout=15) | https://prec.sxzwfw.gov.cn/jyxxgchxr/1068807.jhtml
  [高平市原村乡冯村村集中供热二网项目] AI补字段 ['监督部门联系方式'] ← https://prec.sxzwfw.gov.cn/jyxxgczb/1071190.jhtml
  [GET失败1/5] ConnectionError: ('Connection aborted.', RemoteDisconnected('Remote end closed connection without response')) | https://prec.sxzwfw.gov.cn/jyxxgczb/1071190.jhtml
  [GET失败2/5] ConnectionError: ('Connection aborted.', RemoteDisconnected('Remote end closed connection without response')) | https://prec.sxzwfw.gov.cn/jyxxgczb/1071190.jhtml
  [GET失败3/5] ConnectionError: ('Connection aborted.', ConnectionResetError(104, 'Connection reset by peer')) | https://prec.sxzwfw.gov.cn/jyxxgczb/1071190.jhtml
  [GET失败4/5] ReadTimeout: HTTPSConnectionPool(host='prec.sxzwfw.gov.cn', port=443): Read timed out. (read timeout=15) | https://prec.sxzwfw.gov.cn/jyxxgczb/1071190.jhtml
  [GET失败5/5] ReadTimeout: HTTPSConnectionPool(host='prec.sxzwfw.gov.cn', port=443): Read timed out. (read timeout=15) | https://prec.sxzwfw.gov.cn/jyxxgczb/1071190.jhtml
  [柿庄镇输配站基础设施提升改造项目] AI补字段 ['招标人地址'] ← https://prec.sxzwfw.gov.cn/jyxxgczb/1064015.jhtml
    ✗ 招标人地址: AI未提取
  [晋城市建筑垃圾资源化利用项目特许经营者（二次）招标] AI补字段 ['招标人', '招标人地址', '招标人联系人', '招标人联系方式', '招标代理机构', '招标代理机构地址', '招标代理机构联系人', '招标代理机构联系方式', '监督部门'] ← https://prec.sxzwfw.gov.cn/jyxxgczb/1065567.jhtml
    ✗ 招标人: AI未提取
    ✗ 招标人地址: AI未提取
    ✗ 招标人联系人: AI未提取
    ✗ 招标人联系方式: AI未提取
    ✗ 招标代理机构: AI未提取
    ✗ 招标代理机构地址: AI未提取
    ✗ 招标代理机构联系人: AI未提取
    ✗ 招标代理机构联系方式: AI未提取
    ✗ 监督部门: AI未提取
  [繁峙县资源路产业路108国道-上西庄公路改造工程施工项目] AI补字段 ['监督部门联系方式'] ← https://prec.sxzwfw.gov.cn/jyxxgchxr/1071396.jhtml
  [GET失败1/5] ReadTimeout: HTTPSConnectionPool(host='prec.sxzwfw.gov.cn', port=443): Read timed out. (read timeout=15) | https://prec.sxzwfw.gov.cn/jyxxgchxr/1071396.jhtml
    ✗ 监督部门联系方式: AI未提取
  [杏花岭区2024年老旧小区改造项目（二期）设计施工总承包（EPC）(003标段三)] AI补字段 ['监督部门联系方式'] ← https://prec.sxzwfw.gov.cn/jyxxgcgs/1071593.jhtml
    ✗ 监督部门联系方式: AI未提取
  [杏花岭区2024年老旧小区改造项目（二期）设计施工总承包（EPC）(002标段二)] AI补字段 ['监督部门联系方式'] ← https://prec.sxzwfw.gov.cn/jyxxgcgs/1071592.jhtml
    ✗ 监督部门联系方式: AI未提取
  [杏花岭区2024年老旧小区改造项目（二期）设计施工总承包（EPC）(007标段七)] AI补字段 ['监督部门联系方式'] ← https://prec.sxzwfw.gov.cn/jyxxgcgs/1071561.jhtml
    ✗ 监督部门联系方式: AI未提取
  [杏花岭区2024年老旧小区改造项目（二期）设计施工总承包（EPC）(006标段六)] AI补字段 ['监督部门联系方式'] ← https://prec.sxzwfw.gov.cn/jyxxgcgs/1071560.jhtml
    ✗ 监督部门联系方式: AI未提取
  [杏花岭区2024年老旧小区改造项目（二期）设计施工总承包（EPC）(005标段五)] AI补字段 ['监督部门联系方式'] ← https://prec.sxzwfw.gov.cn/jyxxgcgs/1071559.jhtml
    ✗ 监督部门联系方式: AI未提取
  [陵川县秦家庄至司家河公路改造工程] AI补字段 ['招标人地址', '招标人联系人', '招标人联系方式', '招标代理机构', '招标代理机构地址', '招标代理机构联系人', '招标代理机构联系方式'] ← https://prec.sxzwfw.gov.cn/jyxxgczb/1065887.jhtml
    ✗ 招标人地址: AI未提取
    ✗ 招标人联系人: AI未提取
    ✗ 招标人联系方式: AI未提取
    ✗ 招标代理机构: AI未提取
    ✗ 招标代理机构地址: AI未提取
    ✗ 招标代理机构联系人: AI未提取
    ✗ 招标代理机构联系方式: AI未提取
  [武乡县新城区污水处理厂尾水人工湿地净化工程初步设计设计项目] AI补字段 ['招标人地址', '招标人联系人', '招标人联系方式', '招标代理机构', '招标代理机构地址', '招标代理机构联系人', '招标代理机构联系方式'] ← https://prec.sxzwfw.gov.cn/jyxxgczb/1065426.jhtml
    ✗ 招标人地址: AI未提取
    ✗ 招标人联系人: AI未提取
    ✗ 招标人联系方式: AI未提取
    ✗ 招标代理机构: AI未提取
    ✗ 招标代理机构地址: AI未提取
    ✗ 招标代理机构联系人: AI未提取
    ✗ 招标代理机构联系方式: AI未提取
  [忻州市通岗路、广裕街道路建设工程设计项目] AI补字段 ['监督部门联系方式'] ← https://prec.sxzwfw.gov.cn/jyxxgchxr/1072587.jhtml
    ✗ 监督部门联系方式: AI未提取
  [2026年泽州县昆玉小区等4个老旧小区更新改造工程初步设计] AI补字段 ['招标人地址', '招标人联系人', '招标人联系方式', '招标代理机构', '招标代理机构地址', '招标代理机构联系人', '招标代理机构联系方式'] ← https://prec.sxzwfw.gov.cn/jyxxgczb/1065464.jhtml
    ✗ 招标人地址: AI未提取
    ✗ 招标人联系人: AI未提取
    ✗ 招标人联系方式: AI未提取
    ✗ 招标代理机构: AI未提取
    ✗ 招标代理机构地址: AI未提取
    ✗ 招标代理机构联系人: AI未提取
    ✗ 招标代理机构联系方式: AI未提取
  [山西转型综合改革示范区储能充换电停车场示范项目设计施工总承包中标候选人公示更正] AI补字段 ['监督部门联系方式'] ← https://prec.sxzwfw.gov.cn/jyxxgchxr/1073127.jhtml
    ✗ 监督部门联系方式: AI未提取
  [大秦铁路股份有限公司侯马北工务段南同蒲线K841+940-K843+233路堑护坡大修整治工程施工总价承包项目(1标段)中标候选人公示更正] AI补字段 ['监督部门联系方式'] ← https://prec.sxzwfw.gov.cn/jyxxgchxr/1073096.jhtml
    ✗ 监督部门联系方式: AI未提取
[AI报告] → /home/intsig/zwx/shanxi/log/20260712_ai_report.log
  AI补全完成：1 个字段
  AI调用统计：共 32 次
  输入 tokens : 40,546
  输出 tokens : 895
  合计 tokens : 41,441
[自检] → /home/intsig/zwx/shanxi/log/20260712_check.log
[索引] → /home/intsig/zwx/shanxi/output/山西_index.txt

============================================================
完成！共 782 条记录 → /home/intsig/zwx/shanxi/output/山西.csv
自检日志 → /home/intsig/zwx/shanxi/log/20260712_check.log
AI报告   → /home/intsig/zwx/shanxi/log/20260712_ai_report.log
============================================================
============================================================
运行结束: 2026-07-12 22:09:26
============================================================
============================================================
开始运行山西爬虫: 2026-07-13 22:00:01
当前目录: /home/intsig/zwx/shanxi
Python: /home/vipuser/miniconda3/envs/myenv/bin/python
脚本: /home/intsig/zwx/shanxi/shanxi_regex_ai.py
============================================================
============================================================
山西省公共资源交易平台爬虫 v4.3（历史回填 + 自检 + AI兜底 + IP代理池）
时间: 2026-07-13 22:00:01
输出: /home/intsig/zwx/shanxi/output/山西.csv
============================================================
初始化 Session...
  [GET失败1/3] ReadTimeout: HTTPSConnectionPool(host='prec.sxzwfw.gov.cn', port=443): Read timed out. (read timeout=15) | https://prec.sxzwfw.gov.cn/jyxx/index.jhtml
  [GET失败2/3] ConnectionError: ('Connection aborted.', ConnectionResetError(104, 'Connection reset by peer')) | https://prec.sxzwfw.gov.cn/jyxx/index.jhtml
Session 初始化成功
代理开关: True
代理池状态: {'available': 28, 'bad_total': 2, 'bad_unique': 2, 'api_calls_used': 1, 'api_calls_limit': 200, 'min_size': 8, 'default_num': 30, 'default_time': 5, 'default_port': 2, 'auto_refresh': True}
[CSV] 加载增量总表 782 行：/home/intsig/zwx/shanxi/output/山西.csv

===== 第一步：招标计划 =====
  [列表] channelId=198 第1页...
  [列表] 总条数=12，当前已获取=10
  [列表] channelId=198 第2页...
  [POST失败1/3] ConnectionError: ('Connection aborted.', ConnectionResetError(104, 'Connection reset by peer')) | https://prec.sxzwfw.gov.cn/queryContent_2-jyxx.jspx
  [列表] 总条数=12，当前已获取=12
  [列表] 共 12 条

  [招标计划] 翼城县十字河山洪沟防洪治理工程
  [GET失败1/3] ReadTimeout: HTTPSConnectionPool(host='prec.sxzwfw.gov.cn', port=443): Read timed out. (read timeout=15) | https://prec.sxzwfw.gov.cn/jyxxzbjh/1073669.jhtml
  [GET失败2/3] ConnectionError: ('Connection aborted.', ConnectionResetError(104, 'Connection reset by peer')) | https://prec.sxzwfw.gov.cn/jyxxzbjh/1073669.jhtml
  → 新增

  [招标计划] 鸣谦大街高标准打造示范街区峪头至鸣谦段综合整治工程
  [GET失败1/3] ConnectionError: ('Connection aborted.', ConnectionResetError(104, 'Connection reset by peer')) | https://prec.sxzwfw.gov.cn/jyxxzbjh/1073623.jhtml
  → 新增

  [招标计划] 芮城县东垆乡曹庄村、南磑镇山底村农村污水收集管网建设项目
  → 新增

  [招标计划] 万荣县第二中学食堂、餐厅改扩建项目
  → 新增

  [招标计划] 大孝堡小型农田水利灌溉修复工程
  [GET失败1/3] ReadTimeout: HTTPSConnectionPool(host='prec.sxzwfw.gov.cn', port=443): Read timed out. (read timeout=15) | https://prec.sxzwfw.gov.cn/jyxxzbjh/1073570.jhtml
  → 新增

  [招标计划] 沁县农产品加工产业提质增效技术研发中心建设项目
  → 新增

  [招标计划] 永济市开张镇健身活动中心建设项目
  → 新增

  [招标计划] 山西阳泉矿区七元煤矿项目园区外围安全防范视频监控系统
  [GET失败1/3] ConnectionError: ('Connection aborted.', ConnectionResetError(104, 'Connection reset by peer')) | https://prec.sxzwfw.gov.cn/jyxxzbjh/1073459.jhtml
  [GET失败2/3] ConnectionError: ('Connection aborted.', ConnectionResetError(104, 'Connection reset by peer')) | https://prec.sxzwfw.gov.cn/jyxxzbjh/1073459.jhtml
  → 新增

  [招标计划] 灵石县第一中学校办学条件改善项目
  [GET失败1/3] ConnectionError: ('Connection aborted.', ConnectionResetError(104, 'Connection reset by peer')) | https://prec.sxzwfw.gov.cn/jyxxzbjh/1073396.jhtml
  [GET失败2/3] ConnectionError: ('Connection aborted.', ConnectionResetError(104, 'Connection reset by peer')) | https://prec.sxzwfw.gov.cn/jyxxzbjh/1073396.jhtml
  → 新增

  [招标计划] 大同市委党校和纪检监察综合保障中心集中供热改造工程
  → 新增

  [招标计划] 临汾市五一路学校三校区维修改造工程项目
  → 新增

  [招标计划] 大同市市级图书馆、美术馆、大剧院消防专项整治工程
  → 新增

===== 第二步：招标公告频道 =====
  [列表] channelId=12 第1页...
  [列表] 总条数=42，当前已获取=10
  [列表] channelId=12 第2页...
  [POST失败1/3] ProxyError: HTTPSConnectionPool(host='prec.sxzwfw.gov.cn', port=443): Max retries exceeded with url: /queryContent_2-jyxx.jspx (Caused by ProxyError('Unable to connect to proxy', OSError('Tunnel connection failed: 643 Proxy Authentication Failed'))) | https://prec.sxzwfw.gov.cn/queryContent_2-jyxx.jspx
  [列表] 总条数=42，当前已获取=20
  [列表] channelId=12 第3页...
  [列表] 总条数=42，当前已获取=30
  [列表] channelId=12 第4页...
  [列表] 总条数=42，当前已获取=40
  [列表] channelId=12 第5页...
  [列表] 总条数=42，当前已获取=42
  [列表] 共 42 条

  [未知公告] 林业大厦消防改造项目（三次）项目(1标段)最高投标限价
  [历史搜索] 林业大厦消防改造项目（三次）项目(1标段)最高投标限价
  [历史回填] 搜索项目：林业大厦消防改造项目（三次）项目(1标段)最高投标限价
  [POST失败1/3] ConnectionError: ('Connection aborted.', ConnectionResetError(104, 'Connection reset by peer')) | https://prec.sxzwfw.gov.cn/queryContent-jyxx.jspx
  → upsert 完成：未知公告

  [招标公告] 林业大厦消防改造项目（三次）项目
  [GET失败1/3] ConnectionError: ('Connection aborted.', ConnectionResetError(104, 'Connection reset by peer')) | https://prec.sxzwfw.gov.cn/jyxxgczb/1073708.jhtml
  [GET失败2/3] ReadTimeout: HTTPSConnectionPool(host='prec.sxzwfw.gov.cn', port=443): Read timed out. (read timeout=15) | https://prec.sxzwfw.gov.cn/jyxxgczb/1073708.jhtml
  [历史搜索] 林业大厦消防改造项目（三次）项目
  [历史回填] 搜索项目：林业大厦消防改造项目（三次）项目
  [POST失败1/3] ConnectionError: ('Connection aborted.', ConnectionResetError(104, 'Connection reset by peer')) | https://prec.sxzwfw.gov.cn/queryContent-jyxx.jspx
    ✓ 历史招标公告
  → upsert 完成：招标公告

  [招标公告] 2025年太原市建成区集中供热设备更新工程（第一批）施工项目
  [历史搜索] 2025年太原市建成区集中供热设备更新工程（第一批）施工项目
  [历史回填] 搜索项目：2025年太原市建成区集中供热设备更新工程（第一批）施工项目
    ✓ 历史招标公告
  → upsert 完成：招标公告

  [未知公告] 2025年太原市建成区集中供热设备更新工程（第一批）施工项目(1标段)最高投标限价
  [历史搜索] 2025年太原市建成区集中供热设备更新工程（第一批）施工项目(1标段)最高投标限价
  [历史回填] 搜索项目：2025年太原市建成区集中供热设备更新工程（第一批）施工项目(1标段)最高投标限价
  → upsert 完成：未知公告

  [招标公告] 热源分公司维修工程所需锅炉维修材料采购及服务项目
  [历史搜索] 热源分公司维修工程所需锅炉维修材料采购及服务项目
  [历史回填] 搜索项目：热源分公司维修工程所需锅炉维修材料采购及服务项目
  [GET失败1/3] ReadTimeout: HTTPSConnectionPool(host='prec.sxzwfw.gov.cn', port=443): Read timed out. (read timeout=15) | https://prec.sxzwfw.gov.cn/jyxxgczb/1073701.jhtml
  [GET失败2/3] ConnectionError: HTTPSConnectionPool(host='prec.sxzwfw.gov.cn', port=443): Read timed out. | https://prec.sxzwfw.gov.cn/jyxxgczb/1073701.jhtml
    ✓ 历史招标公告
  [POST失败1/3] ReadTimeout: HTTPSConnectionPool(host='prec.sxzwfw.gov.cn', port=443): Read timed out. (read timeout=18) | https://prec.sxzwfw.gov.cn/queryContent-jyxx.jspx
  → upsert 完成：招标公告

  [未知公告] 热源分公司维修工程所需锅炉维修材料采购及服务项目(1标段)最高投标限价
  [历史搜索] 热源分公司维修工程所需锅炉维修材料采购及服务项目(1标段)最高投标限价
  [历史回填] 搜索项目：热源分公司维修工程所需锅炉维修材料采购及服务项目(1标段)最高投标限价
  [POST失败1/3] ReadTimeout: HTTPSConnectionPool(host='prec.sxzwfw.gov.cn', port=443): Read timed out. (read timeout=18) | https://prec.sxzwfw.gov.cn/queryContent-jyxx.jspx
  → upsert 完成：未知公告

  [招标公告] 玉兰大道（电石街-玉门河南岸）、西铭路（玉门河-虎峪河北抢险路）给水管线工程钢管采购（二次）项目
  [历史搜索] 玉兰大道（电石街-玉门河南岸）、西铭路（玉门河-虎峪河北抢险路）给水管线工程钢管采购（二次）项目
  [历史回填] 搜索项目：玉兰大道（电石街-玉门河南岸）、西铭路（玉门河-虎峪河北抢险路）给水管线工程钢管采购（二次）项目
  [POST失败1/3] ReadTimeout: HTTPSConnectionPool(host='prec.sxzwfw.gov.cn', port=443): Read timed out. (read timeout=18) | https://prec.sxzwfw.gov.cn/queryContent-jyxx.jspx
    ✓ 历史招标公告
  [POST失败1/3] ReadTimeout: HTTPSConnectionPool(host='prec.sxzwfw.gov.cn', port=443): Read timed out. (read timeout=18) | https://prec.sxzwfw.gov.cn/queryContent-jyxx.jspx
  [POST失败2/3] ProxyError: HTTPSConnectionPool(host='prec.sxzwfw.gov.cn', port=443): Max retries exceeded with url: /queryContent-jyxx.jspx (Caused by ProxyError('Unable to connect to proxy', OSError('Tunnel connection failed: 436 Proxy Authentication Failed'))) | https://prec.sxzwfw.gov.cn/queryContent-jyxx.jspx
  [POST失败3/3] ConnectionError: ('Connection aborted.', ConnectionResetError(104, 'Connection reset by peer')) | https://prec.sxzwfw.gov.cn/queryContent-jyxx.jspx
  [POST失败1/3] ProxyError: HTTPSConnectionPool(host='prec.sxzwfw.gov.cn', port=443): Max retries exceeded with url: /queryContent-jyxx.jspx (Caused by ProxyError('Unable to connect to proxy', OSError('Tunnel connection failed: 618 Internal Server Error'))) | https://prec.sxzwfw.gov.cn/queryContent-jyxx.jspx
  → upsert 完成：招标公告

  [未知公告] 玉兰大道（电石街-玉门河南岸）、西铭路（玉门河-虎峪河北抢险路）给水管线工程钢管采购（二次）项目(1标段)最高投标限价
  [历史搜索] 玉兰大道（电石街-玉门河南岸）、西铭路（玉门河-虎峪河北抢险路）给水管线工程钢管采购（二次）项目(1标段)最高投标限价
  [历史回填] 搜索项目：玉兰大道（电石街-玉门河南岸）、西铭路（玉门河-虎峪河北抢险路）给水管线工程钢管采购（二次）项目(1标段)最高投标限价
  [POST失败1/3] ReadTimeout: HTTPSConnectionPool(host='prec.sxzwfw.gov.cn', port=443): Read timed out. (read timeout=18) | https://prec.sxzwfw.gov.cn/queryContent-jyxx.jspx
  [POST失败1/3] ConnectionError: ('Connection aborted.', ConnectionResetError(104, 'Connection reset by peer')) | https://prec.sxzwfw.gov.cn/queryContent-jyxx.jspx
  [POST失败1/3] ReadTimeout: HTTPSConnectionPool(host='prec.sxzwfw.gov.cn', port=443): Read timed out. (read timeout=18) | https://prec.sxzwfw.gov.cn/queryContent-jyxx.jspx
  → upsert 完成：未知公告

  [招标公告] 运城经济技术开发区数智未来产业中心建设项目1＃标准厂房幕墙工程
  [GET失败1/3] ConnectionError: ('Connection aborted.', ConnectionResetError(104, 'Connection reset by peer')) | https://prec.sxzwfw.gov.cn/jyxxgczb/1073689.jhtml
  [历史搜索] 运城经济技术开发区数智未来产业中心建设项目1＃标准厂房幕墙工程
  [历史回填] 搜索项目：运城经济技术开发区数智未来产业中心建设项目1＃标准厂房幕墙工程
  [POST失败1/3] ConnectionError: ('Connection aborted.', ConnectionResetError(104, 'Connection reset by peer')) | https://prec.sxzwfw.gov.cn/queryContent-jyxx.jspx
    ✓ 历史招标公告
  [POST失败1/3] ConnectionError: ('Connection aborted.', ConnectionResetError(104, 'Connection reset by peer')) | https://prec.sxzwfw.gov.cn/queryContent-jyxx.jspx
  [POST失败1/3] ConnectionError: ('Connection aborted.', ConnectionResetError(104, 'Connection reset by peer')) | https://prec.sxzwfw.gov.cn/queryContent-jyxx.jspx
  → upsert 完成：招标公告

  [招标公告] 晋城市西北普通高中学校1#图书馆建设项目总承包
  [GET失败1/3] ConnectionError: ('Connection aborted.', ConnectionResetError(104, 'Connection reset by peer')) | https://prec.sxzwfw.gov.cn/jyxxgczb/1073674.jhtml
  [历史搜索] 晋城市西北普通高中学校1#图书馆建设项目总承包
  [历史回填] 搜索项目：晋城市西北普通高中学校1#图书馆建设项目总承包
    ✓ 历史招标公告
  → upsert 完成：招标公告

  [招标公告] 山西省万荣县景盛牧业有限公司新建年出栏900头肉牛养殖建设（农业面源污染综合治理）项目
  [历史搜索] 山西省万荣县景盛牧业有限公司新建年出栏900头肉牛养殖建设（农业面源污染综合治理）项目
  [历史回填] 搜索项目：山西省万荣县景盛牧业有限公司新建年出栏900头肉牛养殖建设（农业面源污染综合治理）项目
    ✓ 历史招标计划
  [POST失败1/3] ReadTimeout: HTTPSConnectionPool(host='prec.sxzwfw.gov.cn', port=443): Read timed out. (read timeout=18) | https://prec.sxzwfw.gov.cn/queryContent-jyxx.jspx
  [POST失败2/3] ReadTimeout: HTTPSConnectionPool(host='prec.sxzwfw.gov.cn', port=443): Read timed out. (read timeout=18) | https://prec.sxzwfw.gov.cn/queryContent-jyxx.jspx
  [POST失败3/3] ReadTimeout: HTTPSConnectionPool(host='prec.sxzwfw.gov.cn', port=443): Read timed out. (read timeout=18) | https://prec.sxzwfw.gov.cn/queryContent-jyxx.jspx
  [POST失败1/3] ConnectionError: ('Connection aborted.', ConnectionResetError(104, 'Connection reset by peer')) | https://prec.sxzwfw.gov.cn/queryContent-jyxx.jspx
  [POST失败2/3] ReadTimeout: HTTPSConnectionPool(host='prec.sxzwfw.gov.cn', port=443): Read timed out. (read timeout=18) | https://prec.sxzwfw.gov.cn/queryContent-jyxx.jspx
  [POST失败3/3] ReadTimeout: HTTPSConnectionPool(host='prec.sxzwfw.gov.cn', port=443): Read timed out. (read timeout=18) | https://prec.sxzwfw.gov.cn/queryContent-jyxx.jspx
  [POST失败1/3] ProxyError: HTTPSConnectionPool(host='prec.sxzwfw.gov.cn', port=443): Max retries exceeded with url: /queryContent-jyxx.jspx (Caused by ProxyError('Unable to connect to proxy', OSError('Tunnel connection failed: 435 Proxy Authentication Failed'))) | https://prec.sxzwfw.gov.cn/queryContent-jyxx.jspx
  [POST失败2/3] ReadTimeout: HTTPSConnectionPool(host='prec.sxzwfw.gov.cn', port=443): Read timed out. (read timeout=18) | https://prec.sxzwfw.gov.cn/queryContent-jyxx.jspx
  → upsert 完成：招标公告

  [招标公告] 陵川县清阳路东侧污水供暖管线更新改造工程
  [GET失败1/3] ConnectionError: ('Connection aborted.', ConnectionResetError(104, 'Connection reset by peer')) | https://prec.sxzwfw.gov.cn/jyxxgczb/1073611.jhtml
  [GET失败2/3] ProxyError: HTTPSConnectionPool(host='prec.sxzwfw.gov.cn', port=443): Max retries exceeded with url: /jyxxgczb/1073611.jhtml (Caused by ProxyError('Unable to connect to proxy', OSError('Tunnel connection failed: 436 Proxy Authentication Failed'))) | https://prec.sxzwfw.gov.cn/jyxxgczb/1073611.jhtml
  [GET失败3/3] ReadTimeout: HTTPSConnectionPool(host='prec.sxzwfw.gov.cn', port=443): Read timed out. (read timeout=15) | https://prec.sxzwfw.gov.cn/jyxxgczb/1073611.jhtml
  [历史搜索] 陵川县清阳路东侧污水供暖管线更新改造工程
  [历史回填] 搜索项目：陵川县清阳路东侧污水供暖管线更新改造工程
  [POST失败1/3] ReadTimeout: HTTPSConnectionPool(host='prec.sxzwfw.gov.cn', port=443): Read timed out. (read timeout=18) | https://prec.sxzwfw.gov.cn/queryContent-jyxx.jspx
  [POST失败2/3] ConnectionError: ('Connection aborted.', ConnectionResetError(104, 'Connection reset by peer')) | https://prec.sxzwfw.gov.cn/queryContent-jyxx.jspx
  [GET失败1/3] ConnectionError: ('Connection aborted.', RemoteDisconnected('Remote end closed connection without response')) | https://prec.sxzwfw.gov.cn/jyxxzbjh/1057450.jhtml
    ✓ 历史招标计划
  [POST失败1/3] ConnectionError: ('Connection aborted.', ConnectionResetError(104, 'Connection reset by peer')) | https://prec.sxzwfw.gov.cn/queryContent-jyxx.jspx
  [POST失败2/3] ConnectionError: ('Connection aborted.', ConnectionResetError(104, 'Connection reset by peer')) | https://prec.sxzwfw.gov.cn/queryContent-jyxx.jspx
  [POST失败3/3] ConnectionError: ('Connection aborted.', ConnectionResetError(104, 'Connection reset by peer')) | https://prec.sxzwfw.gov.cn/queryContent-jyxx.jspx
  → upsert 完成：招标公告

  [招标公告] 洪洞县2026年万安镇农村供水提升工程总承包（EPC）项目
  [GET失败1/3] ConnectionError: ('Connection aborted.', ConnectionResetError(104, 'Connection reset by peer')) | https://prec.sxzwfw.gov.cn/jyxxgczb/1073599.jhtml
  [GET失败2/3] ConnectionError: ('Connection aborted.', RemoteDisconnected('Remote end closed connection without response')) | https://prec.sxzwfw.gov.cn/jyxxgczb/1073599.jhtml
  [历史搜索] 洪洞县2026年万安镇农村供水提升工程总承包（EPC）项目
  [历史回填] 搜索项目：洪洞县2026年万安镇农村供水提升工程总承包（EPC）项目
  [POST失败1/3] ConnectionError: ('Connection aborted.', RemoteDisconnected('Remote end closed connection without response')) | https://prec.sxzwfw.gov.cn/queryContent-jyxx.jspx
  [POST失败1/3] ReadTimeout: HTTPSConnectionPool(host='prec.sxzwfw.gov.cn', port=443): Read timed out. (read timeout=18) | https://prec.sxzwfw.gov.cn/queryContent-jyxx.jspx
  [POST失败2/3] ConnectionError: ('Connection aborted.', RemoteDisconnected('Remote end closed connection without response')) | https://prec.sxzwfw.gov.cn/queryContent-jyxx.jspx
  [POST失败3/3] ConnectionError: ('Connection aborted.', ConnectionResetError(104, 'Connection reset by peer')) | https://prec.sxzwfw.gov.cn/queryContent-jyxx.jspx
  → upsert 完成：招标公告

  [跳过-控制价] 万荣县凯祥生物科技有限公司年产90000吨液体肥与3000吨固体肥生产线建设（农业面源污染综合治理）项目招标控制价

  [招标公告] 隰县第一中学校扩建工程(一期)项目工程总承包(EPC)
  [历史搜索] 隰县第一中学校扩建工程(一期)项目工程总承包(EPC)
  [历史回填] 搜索项目：隰县第一中学校扩建工程(一期)项目工程总承包(EPC)
    ✓ 历史招标公告
  [POST失败1/3] ProxyError: HTTPSConnectionPool(host='prec.sxzwfw.gov.cn', port=443): Max retries exceeded with url: /queryContent-jyxx.jspx (Caused by ProxyError('Unable to connect to proxy', OSError('Tunnel connection failed: 618 Internal Server Error'))) | https://prec.sxzwfw.gov.cn/queryContent-jyxx.jspx
  → upsert 完成：招标公告

  [跳过-控制价] 神池县县道尚仁线K17+592-K30+900段县乡道路改造工程施工项目(1标段)招标控制价

  [招标公告] 古交-娄烦-方山高速公路环保水保监理监测及验收咨询服务
  [历史搜索] 古交-娄烦-方山高速公路环保水保监理监测及验收咨询服务
  [历史回填] 搜索项目：古交-娄烦-方山高速公路环保水保监理监测及验收咨询服务
    ✓ 历史招标公告
  → upsert 完成：招标公告

  [招标公告] 上党革命老区散煤清零（长治市襄垣县）项目容海线霍村支线管网及换热站、五堡线侯村和小黄庄支线、五阳社区支线管网及换热站工程施工
  [GET失败1/3] ReadTimeout: HTTPSConnectionPool(host='prec.sxzwfw.gov.cn', port=443): Read timed out. (read timeout=15) | https://prec.sxzwfw.gov.cn/jyxxgczb/1073585.jhtml
  [历史搜索] 上党革命老区散煤清零（长治市襄垣县）项目容海线霍村支线管网及换热站、五堡线侯村和小黄庄支线、五阳社区支线管网及换热站工程施工
  [历史回填] 搜索项目：上党革命老区散煤清零（长治市襄垣县）项目容海线霍村支线管网及换热站、五堡线侯村和小黄庄支线、五阳社区支线管网及换热站工程施工
    ✓ 历史招标公告
  [POST失败1/3] ConnectionError: ('Connection aborted.', ConnectionResetError(104, 'Connection reset by peer')) | https://prec.sxzwfw.gov.cn/queryContent-jyxx.jspx
  → upsert 完成：招标公告

  [跳过-控制价] 繁峙县北环、南环城市排涝应急能力提升工程监理项目(1标段)招标控制价

  [招标公告] 长治市屯留区屯绛水库清淤工程勘察设计项目
  [历史搜索] 长治市屯留区屯绛水库清淤工程勘察设计项目
  [历史回填] 搜索项目：长治市屯留区屯绛水库清淤工程勘察设计项目
    ✓ 历史招标公告
  → upsert 完成：招标公告

  [招标公告] 潞州区农村街巷户道路提档升级工程（大辛庄街道）二次施工项目
  [历史搜索] 潞州区农村街巷户道路提档升级工程（大辛庄街道）二次施工项目
  [历史回填] 搜索项目：潞州区农村街巷户道路提档升级工程（大辛庄街道）二次施工项目
  [GET失败1/3] ProxyError: HTTPSConnectionPool(host='prec.sxzwfw.gov.cn', port=443): Max retries exceeded with url: /jyxxgczb/1073541.jhtml (Caused by ProxyError('Unable to connect to proxy', OSError('Tunnel connection failed: 407 Proxy Authentication Required'))) | https://prec.sxzwfw.gov.cn/jyxxgczb/1073541.jhtml
    ✓ 历史招标公告
  [POST失败1/3] ConnectionError: ('Connection aborted.', ConnectionResetError(104, 'Connection reset by peer')) | https://prec.sxzwfw.gov.cn/queryContent-jyxx.jspx
  → upsert 完成：招标公告

  [跳过-控制价] 潞州区农村街巷户道路提档升级工程（大辛庄街道）二次施工项目招标控制价

  [招标公告] 山西交控国际航空智慧物联港项目（一期）第二标段监理项目
  [历史搜索] 山西交控国际航空智慧物联港项目（一期）第二标段监理项目
  [历史回填] 搜索项目：山西交控国际航空智慧物联港项目（一期）第二标段监理项目
    ✓ 历史招标公告
  [POST失败1/3] ConnectionError: ('Connection aborted.', ConnectionResetError(104, 'Connection reset by peer')) | https://prec.sxzwfw.gov.cn/queryContent-jyxx.jspx
  [POST失败2/3] ConnectionError: ('Connection aborted.', ConnectionResetError(104, 'Connection reset by peer')) | https://prec.sxzwfw.gov.cn/queryContent-jyxx.jspx
  → upsert 完成：招标公告

  [未知公告] 山西交控国际航空智慧物联港项目（一期）第二标段监理项目(1标段)最高投标限价
  [历史搜索] 山西交控国际航空智慧物联港项目（一期）第二标段监理项目(1标段)最高投标限价
  [历史回填] 搜索项目：山西交控国际航空智慧物联港项目（一期）第二标段监理项目(1标段)最高投标限价
  [POST失败1/3] ReadTimeout: HTTPSConnectionPool(host='prec.sxzwfw.gov.cn', port=443): Read timed out. (read timeout=18) | https://prec.sxzwfw.gov.cn/queryContent-jyxx.jspx
  [POST失败2/3] ReadTimeout: HTTPSConnectionPool(host='prec.sxzwfw.gov.cn', port=443): Read timed out. (read timeout=18) | https://prec.sxzwfw.gov.cn/queryContent-jyxx.jspx
  [POST失败1/3] ConnectionError: ('Connection aborted.', ConnectionResetError(104, 'Connection reset by peer')) | https://prec.sxzwfw.gov.cn/queryContent-jyxx.jspx
  [POST失败2/3] ReadTimeout: HTTPSConnectionPool(host='prec.sxzwfw.gov.cn', port=443): Read timed out. (read timeout=18) | https://prec.sxzwfw.gov.cn/queryContent-jyxx.jspx
  [POST失败3/3] ProxyError: HTTPSConnectionPool(host='prec.sxzwfw.gov.cn', port=443): Max retries exceeded with url: /queryContent-jyxx.jspx (Caused by ProxyError('Unable to connect to proxy', OSError('Tunnel connection failed: 618 Internal Server Error'))) | https://prec.sxzwfw.gov.cn/queryContent-jyxx.jspx
  → upsert 完成：未知公告

  [招标公告] 侯马市凤驿晋源产业融合示范路项目施工（二次）
  [GET失败1/3] ReadTimeout: HTTPSConnectionPool(host='prec.sxzwfw.gov.cn', port=443): Read timed out. (read timeout=15) | https://prec.sxzwfw.gov.cn/jyxxgczb/1073531.jhtml
  [GET失败2/3] ConnectionError: ('Connection aborted.', RemoteDisconnected('Remote end closed connection without response')) | https://prec.sxzwfw.gov.cn/jyxxgczb/1073531.jhtml
  [GET失败3/3] ReadTimeout: HTTPSConnectionPool(host='prec.sxzwfw.gov.cn', port=443): Read timed out. (read timeout=15) | https://prec.sxzwfw.gov.cn/jyxxgczb/1073531.jhtml
  [历史搜索] 侯马市凤驿晋源产业融合示范路项目施工（二次）
  [历史回填] 搜索项目：侯马市凤驿晋源产业融合示范路项目施工（二次）
  [POST失败1/3] ConnectionError: ('Connection aborted.', ConnectionResetError(104, 'Connection reset by peer')) | https://prec.sxzwfw.gov.cn/queryContent-jyxx.jspx
  [POST失败2/3] ConnectionError: ('Connection aborted.', RemoteDisconnected('Remote end closed connection without response')) | https://prec.sxzwfw.gov.cn/queryContent-jyxx.jspx
  [POST失败3/3] ConnectionError: ('Connection aborted.', ConnectionResetError(104, 'Connection reset by peer')) | https://prec.sxzwfw.gov.cn/queryContent-jyxx.jspx
  [POST失败1/3] ReadTimeout: HTTPSConnectionPool(host='prec.sxzwfw.gov.cn', port=443): Read timed out. (read timeout=18) | https://prec.sxzwfw.gov.cn/queryContent-jyxx.jspx
  [POST失败2/3] ReadTimeout: HTTPSConnectionPool(host='prec.sxzwfw.gov.cn', port=443): Read timed out. (read timeout=18) | https://prec.sxzwfw.gov.cn/queryContent-jyxx.jspx
  [POST失败3/3] ConnectionError: ('Connection aborted.', ConnectionResetError(104, 'Connection reset by peer')) | https://prec.sxzwfw.gov.cn/queryContent-jyxx.jspx
  [POST失败1/3] ReadTimeout: HTTPSConnectionPool(host='prec.sxzwfw.gov.cn', port=443): Read timed out. (read timeout=18) | https://prec.sxzwfw.gov.cn/queryContent-jyxx.jspx
  [POST失败1/3] ReadTimeout: HTTPSConnectionPool(host='prec.sxzwfw.gov.cn', port=443): Read timed out. (read timeout=18) | https://prec.sxzwfw.gov.cn/queryContent-jyxx.jspx
  [POST失败2/3] ConnectionError: ('Connection aborted.', ConnectionResetError(104, 'Connection reset by peer')) | https://prec.sxzwfw.gov.cn/queryContent-jyxx.jspx
  [POST失败3/3] ReadTimeout: HTTPSConnectionPool(host='prec.sxzwfw.gov.cn', port=443): Read timed out. (read timeout=18) | https://prec.sxzwfw.gov.cn/queryContent-jyxx.jspx
  → upsert 完成：招标公告

  [招标公告] 隰县2026年经济林提质增效项目
  [历史搜索] 隰县2026年经济林提质增效项目
  [历史回填] 搜索项目：隰县2026年经济林提质增效项目
  [GET失败1/3] ReadTimeout: HTTPSConnectionPool(host='prec.sxzwfw.gov.cn', port=443): Read timed out. (read timeout=15) | https://prec.sxzwfw.gov.cn/jyxxzbjh/1046973.jhtml
  [GET失败2/3] ReadTimeout: HTTPSConnectionPool(host='prec.sxzwfw.gov.cn', port=443): Read timed out. (read timeout=15) | https://prec.sxzwfw.gov.cn/jyxxzbjh/1046973.jhtml
    ✓ 历史招标计划
  [POST失败1/3] ConnectionError: ('Connection aborted.', RemoteDisconnected('Remote end closed connection without response')) | https://prec.sxzwfw.gov.cn/queryContent-jyxx.jspx
    ✓ 历史招标公告
  [POST失败1/3] ConnectionError: ('Connection aborted.', ConnectionResetError(104, 'Connection reset by peer')) | https://prec.sxzwfw.gov.cn/queryContent-jyxx.jspx
  [POST失败1/3] ReadTimeout: HTTPSConnectionPool(host='prec.sxzwfw.gov.cn', port=443): Read timed out. (read timeout=18) | https://prec.sxzwfw.gov.cn/queryContent-jyxx.jspx
  [POST失败2/3] ConnectionError: ('Connection aborted.', ConnectionResetError(104, 'Connection reset by peer')) | https://prec.sxzwfw.gov.cn/queryContent-jyxx.jspx
  → upsert 完成：招标公告

  [招标公告] 隰县小水网供水工程管网工程一期监理
  [历史搜索] 隰县小水网供水工程管网工程一期监理
  [历史回填] 搜索项目：隰县小水网供水工程管网工程一期监理
  [GET失败1/3] ReadTimeout: HTTPSConnectionPool(host='prec.sxzwfw.gov.cn', port=443): Read timed out. (read timeout=15) | https://prec.sxzwfw.gov.cn/jyxxgczb/1073522.jhtml
    ✓ 历史招标公告
  [POST失败1/3] ConnectionError: ('Connection aborted.', RemoteDisconnected('Remote end closed connection without response')) | https://prec.sxzwfw.gov.cn/queryContent-jyxx.jspx
  → upsert 完成：招标公告

  [招标公告] 繁峙县北环、南环城市排涝应急能力提升工程监理
  [GET失败1/3] ConnectionError: ('Connection aborted.', RemoteDisconnected('Remote end closed connection without response')) | https://prec.sxzwfw.gov.cn/jyxxgczb/1073498.jhtml
  [历史搜索] 繁峙县北环、南环城市排涝应急能力提升工程监理
  [历史回填] 搜索项目：繁峙县北环、南环城市排涝应急能力提升工程监理
  [GET失败1/3] ConnectionError: ('Connection aborted.', ConnectionResetError(104, 'Connection reset by peer')) | https://prec.sxzwfw.gov.cn/jyxxgczb/1073498.jhtml
  [GET失败2/3] ConnectionError: ('Connection aborted.', ConnectionResetError(104, 'Connection reset by peer')) | https://prec.sxzwfw.gov.cn/jyxxgczb/1073498.jhtml
    ✓ 历史招标公告
  [POST失败1/3] ConnectionError: ('Connection aborted.', ConnectionResetError(104, 'Connection reset by peer')) | https://prec.sxzwfw.gov.cn/queryContent-jyxx.jspx
  → upsert 完成：招标公告

  [招标公告] 黎城县高级中学建设项目监理重新
  [历史搜索] 黎城县高级中学建设项目监理重新
  [历史回填] 搜索项目：黎城县高级中学建设项目监理重新
  [POST失败1/3] ConnectionError: ('Connection aborted.', ConnectionResetError(104, 'Connection reset by peer')) | https://prec.sxzwfw.gov.cn/queryContent-jyxx.jspx
    ✓ 历史招标公告
  → upsert 完成：招标公告

  [招标公告] 山西煤炭运销集团野川煤业有限公司15号煤层水泵房安装工程、15号煤主变电所安装工程项目
  [历史搜索] 山西煤炭运销集团野川煤业有限公司15号煤层水泵房安装工程、15号煤主变电所安装工程项目
  [历史回填] 搜索项目：山西煤炭运销集团野川煤业有限公司15号煤层水泵房安装工程、15号煤主变电所安装工程项目
  [POST失败1/3] ConnectionError: ('Connection aborted.', ConnectionResetError(104, 'Connection reset by peer')) | https://prec.sxzwfw.gov.cn/queryContent-jyxx.jspx
    ✓ 历史招标公告
  [POST失败1/3] ReadTimeout: HTTPSConnectionPool(host='prec.sxzwfw.gov.cn', port=443): Read timed out. (read timeout=18) | https://prec.sxzwfw.gov.cn/queryContent-jyxx.jspx
  [POST失败2/3] ConnectionError: ('Connection aborted.', ConnectionResetError(104, 'Connection reset by peer')) | https://prec.sxzwfw.gov.cn/queryContent-jyxx.jspx
  → upsert 完成：招标公告

  [跳过-控制价] 长治高新技术产业开发区起步区低碳可再生能源综合利用项目-晶博光电产业园低碳能源综合利用分项（空气能供热及热水部分）（第十三标段）施工招标控制价

  [招标公告] 长治高新技术产业开发区起步区低碳可再生能源综合利用项目-晶博光电产业园低碳能源综合利用分项（空气能供热及热水部分）（第十三标段）施工
  [历史搜索] 长治高新技术产业开发区起步区低碳可再生能源综合利用项目-晶博光电产业园低碳能源综合利用分项（空气能供热及热水部分）（第十三标段）施工
  [历史回填] 搜索项目：长治高新技术产业开发区起步区低碳可再生能源综合利用项目-晶博光电产业园低碳能源综合利用分项（空气能供热及热水部分）（第十三标段）施工
    ✓ 历史招标公告
  [POST失败1/3] ConnectionError: ('Connection aborted.', ConnectionResetError(104, 'Connection reset by peer')) | https://prec.sxzwfw.gov.cn/queryContent-jyxx.jspx
  [POST失败2/3] ProxyError: HTTPSConnectionPool(host='prec.sxzwfw.gov.cn', port=443): Max retries exceeded with url: /queryContent-jyxx.jspx (Caused by ProxyError('Unable to connect to proxy', OSError('Tunnel connection failed: 407 Proxy Authentication Required'))) | https://prec.sxzwfw.gov.cn/queryContent-jyxx.jspx
  [POST失败3/3] ConnectionError: ('Connection aborted.', ConnectionResetError(104, 'Connection reset by peer')) | https://prec.sxzwfw.gov.cn/queryContent-jyxx.jspx
  → upsert 完成：招标公告

  [终止公告] 西上庄煤矿无轨胶轮车（003标段）二次
  [历史搜索] 西上庄煤矿无轨胶轮车（003标段）二次
  [历史回填] 搜索项目：西上庄煤矿无轨胶轮车（003标段）二次
    ✓ 历史招标公告
  [POST失败1/3] ConnectionError: ('Connection aborted.', ConnectionResetError(104, 'Connection reset by peer')) | https://prec.sxzwfw.gov.cn/queryContent-jyxx.jspx
  → upsert 完成：终止公告

  [跳过-控制价] 山阴经济技术开发区东区基础设施建设北侧路网工程监理(1标段)招标控制价

  [招标公告] 汾西县县乡公路病害修复工程
  [历史搜索] 汾西县县乡公路病害修复工程
  [历史回填] 搜索项目：汾西县县乡公路病害修复工程
    ✓ 历史招标计划
  [GET失败1/3] ReadTimeout: HTTPSConnectionPool(host='prec.sxzwfw.gov.cn', port=443): Read timed out. (read timeout=15) | https://prec.sxzwfw.gov.cn/jyxxgczb/1073413.jhtml
    ✓ 历史招标公告
  [POST失败1/3] ConnectionError: ('Connection aborted.', RemoteDisconnected('Remote end closed connection without response')) | https://prec.sxzwfw.gov.cn/queryContent-jyxx.jspx
  [POST失败2/3] ConnectionError: ('Connection aborted.', RemoteDisconnected('Remote end closed connection without response')) | https://prec.sxzwfw.gov.cn/queryContent-jyxx.jspx
  [POST失败1/3] ReadTimeout: HTTPSConnectionPool(host='prec.sxzwfw.gov.cn', port=443): Read timed out. (read timeout=18) | https://prec.sxzwfw.gov.cn/queryContent-jyxx.jspx
  → upsert 完成：招标公告

  [招标公告] 山西省管涔山国有林管理局2026年吕梁山生态保护修复和水土流失综合治理项目（作业设计编制）
  [历史搜索] 山西省管涔山国有林管理局2026年吕梁山生态保护修复和水土流失综合治理项目（作业设计编制）
  [历史回填] 搜索项目：山西省管涔山国有林管理局2026年吕梁山生态保护修复和水土流失综合治理项目（作业设计编制）
  [POST失败1/3] ConnectionError: ('Connection aborted.', ConnectionResetError(104, 'Connection reset by peer')) | https://prec.sxzwfw.gov.cn/queryContent-jyxx.jspx
  [POST失败1/3] ProxyError: HTTPSConnectionPool(host='prec.sxzwfw.gov.cn', port=443): Max retries exceeded with url: /queryContent-jyxx.jspx (Caused by ProxyError('Unable to connect to proxy', OSError('Tunnel connection failed: 618 Internal Server Error'))) | https://prec.sxzwfw.gov.cn/queryContent-jyxx.jspx
  [GET失败1/3] ConnectionError: ('Connection aborted.', ConnectionResetError(104, 'Connection reset by peer')) | https://prec.sxzwfw.gov.cn/jyxxgczb/1073409.jhtml
    ✓ 历史招标公告
  [POST失败1/3] ReadTimeout: HTTPSConnectionPool(host='prec.sxzwfw.gov.cn', port=443): Read timed out. (read timeout=18) | https://prec.sxzwfw.gov.cn/queryContent-jyxx.jspx
  [POST失败1/3] ReadTimeout: HTTPSConnectionPool(host='prec.sxzwfw.gov.cn', port=443): Read timed out. (read timeout=18) | https://prec.sxzwfw.gov.cn/queryContent-jyxx.jspx
  → upsert 完成：招标公告

  [招标公告] 介休泰新储能有限公司221MW/400.588MWh独立混合储能电站项目总承包（EPC）
  [GET失败1/3] ProxyError: HTTPSConnectionPool(host='prec.sxzwfw.gov.cn', port=443): Max retries exceeded with url: /jyxxgczb/1073383.jhtml (Caused by ProxyError('Unable to connect to proxy', RemoteDisconnected('Remote end closed connection without response'))) | https://prec.sxzwfw.gov.cn/jyxxgczb/1073383.jhtml
  [GET失败2/3] ConnectionError: ('Connection aborted.', RemoteDisconnected('Remote end closed connection without response')) | https://prec.sxzwfw.gov.cn/jyxxgczb/1073383.jhtml
  [历史搜索] 介休泰新储能有限公司221MW/400.588MWh独立混合储能电站项目总承包（EPC）
  [历史回填] 搜索项目：介休泰新储能有限公司221MW/400.588MWh独立混合储能电站项目总承包（EPC）
  [POST失败1/3] ReadTimeout: HTTPSConnectionPool(host='prec.sxzwfw.gov.cn', port=443): Read timed out. (read timeout=18) | https://prec.sxzwfw.gov.cn/queryContent-jyxx.jspx
  [POST失败1/3] ProxyError: HTTPSConnectionPool(host='prec.sxzwfw.gov.cn', port=443): Max retries exceeded with url: /queryContent-jyxx.jspx (Caused by ProxyError('Unable to connect to proxy', OSError('Tunnel connection failed: 645 Proxy Authentication In Black List'))) | https://prec.sxzwfw.gov.cn/queryContent-jyxx.jspx
  → upsert 完成：招标公告

  [跳过-控制价] 静乐县2026年大会项目区小流域综合治理提质增效项目施工项目(1标段)招标控制价

  [跳过-控制价] 偏关县文笔大街给排水老旧管网更新改造工程监理项目(1标段)招标控制价

  [跳过-控制价] 右玉县城区地下管网更新改造工程(一期)监理(1标段)招标控制价

  [跳过-控制价] 右玉县城区地下管网更新改造工程(一期)官屯路、学府路、三道河北岸施工(1标段)招标控制价

  [招标公告] 夹马口引黄灌区续建配套与现代化改造工程（2026-2027年度）勘察
  [历史搜索] 夹马口引黄灌区续建配套与现代化改造工程（2026-2027年度）勘察
  [历史回填] 搜索项目：夹马口引黄灌区续建配套与现代化改造工程（2026-2027年度）勘察
    ✓ 历史招标公告
  [POST失败1/3] ConnectionError: ('Connection aborted.', ConnectionResetError(104, 'Connection reset by peer')) | https://prec.sxzwfw.gov.cn/queryContent-jyxx.jspx
  [POST失败1/3] ConnectionError: ('Connection aborted.', ConnectionResetError(104, 'Connection reset by peer')) | https://prec.sxzwfw.gov.cn/queryContent-jyxx.jspx
  [POST失败2/3] ConnectionError: ('Connection aborted.', ConnectionResetError(104, 'Connection reset by peer')) | https://prec.sxzwfw.gov.cn/queryContent-jyxx.jspx
  [POST失败3/3] ReadTimeout: HTTPSConnectionPool(host='prec.sxzwfw.gov.cn', port=443): Read timed out. (read timeout=18) | https://prec.sxzwfw.gov.cn/queryContent-jyxx.jspx
  → upsert 完成：招标公告

===== 第三步：变更公告 =====
  [列表] channelId=13 第1页...
  [POST失败1/3] ConnectionError: ('Connection aborted.', ConnectionResetError(104, 'Connection reset by peer')) | https://prec.sxzwfw.gov.cn/queryContent-jyxx.jspx
  [列表] 总条数=5，当前已获取=5
  [列表] 共 5 条

  [延期公告] 万家寨村文旅融合及基础设施建设项目施工
  [历史搜索] 万家寨村文旅融合及基础设施建设项目施工
  [历史回填] 搜索项目：万家寨村文旅融合及基础设施建设项目施工
  [POST失败1/3] ConnectionError: ('Connection aborted.', RemoteDisconnected('Remote end closed connection without response')) | https://prec.sxzwfw.gov.cn/queryContent-jyxx.jspx
  [POST失败2/3] ProxyError: HTTPSConnectionPool(host='prec.sxzwfw.gov.cn', port=443): Max retries exceeded with url: /queryContent-jyxx.jspx (Caused by ProxyError('Unable to connect to proxy', OSError('Tunnel connection failed: 639 Internal Server Error'))) | https://prec.sxzwfw.gov.cn/queryContent-jyxx.jspx
  [POST失败3/3] ConnectionError: ('Connection aborted.', ConnectionResetError(104, 'Connection reset by peer')) | https://prec.sxzwfw.gov.cn/queryContent-jyxx.jspx
  → upsert 完成：延期公告

  [变更公告] 阳泉市老城区“中共创建第一城示范街”老旧街区综合更新提升工程项目监理暂停公告
  [历史搜索] 阳泉市老城区“中共创建第一城示范街”老旧街区综合更新提升工程项目监理暂停公告
  [历史回填] 搜索项目：阳泉市老城区“中共创建第一城示范街”老旧街区综合更新提升工程项目监理暂停公告
  [POST失败1/3] ConnectionError: ('Connection aborted.', RemoteDisconnected('Remote end closed connection without response')) | https://prec.sxzwfw.gov.cn/queryContent-jyxx.jspx
  → upsert 完成：变更公告

  [变更公告] 临汾市中心医院病房升级改造建设项目施工
  [历史搜索] 临汾市中心医院病房升级改造建设项目施工
  [历史回填] 搜索项目：临汾市中心医院病房升级改造建设项目施工
    ✓ 历史招标公告
  [POST失败1/3] ConnectionError: ('Connection aborted.', RemoteDisconnected('Remote end closed connection without response')) | https://prec.sxzwfw.gov.cn/queryContent-jyxx.jspx
  [POST失败1/3] ConnectionError: ('Connection aborted.', ConnectionResetError(104, 'Connection reset by peer')) | https://prec.sxzwfw.gov.cn/queryContent-jyxx.jspx
  [POST失败1/3] ReadTimeout: HTTPSConnectionPool(host='prec.sxzwfw.gov.cn', port=443): Read timed out. (read timeout=18) | https://prec.sxzwfw.gov.cn/queryContent-jyxx.jspx
  → upsert 完成：变更公告

  [澄清公告] 吕梁市新城北川河治理工程二期工程2标段末端新旧河道连接工程施工项目二次
  [历史搜索] 吕梁市新城北川河治理工程二期工程2标段末端新旧河道连接工程施工项目二次
  [历史回填] 搜索项目：吕梁市新城北川河治理工程二期工程2标段末端新旧河道连接工程施工项目二次
  [POST失败1/3] ConnectionError: ('Connection aborted.', RemoteDisconnected('Remote end closed connection without response')) | https://prec.sxzwfw.gov.cn/queryContent-jyxx.jspx
  [POST失败2/3] ReadTimeout: HTTPSConnectionPool(host='prec.sxzwfw.gov.cn', port=443): Read timed out. (read timeout=18) | https://prec.sxzwfw.gov.cn/queryContent-jyxx.jspx
    ✓ 历史招标公告
  → upsert 完成：澄清公告

  [变更公告] 山西晋北采煤沉陷区新能源基地生态修复治理项目工程监理服务项目
  [历史搜索] 山西晋北采煤沉陷区新能源基地生态修复治理项目工程监理服务项目
  [历史回填] 搜索项目：山西晋北采煤沉陷区新能源基地生态修复治理项目工程监理服务项目
  [POST失败1/3] ProxyError: HTTPSConnectionPool(host='prec.sxzwfw.gov.cn', port=443): Max retries exceeded with url: /queryContent-jyxx.jspx (Caused by ProxyError('Unable to connect to proxy', OSError('Tunnel connection failed: 645 Proxy Authentication In Black List'))) | https://prec.sxzwfw.gov.cn/queryContent-jyxx.jspx
    ✓ 历史招标公告
  → upsert 完成：变更公告

===== 第四步：中标候选人公示 =====
  [列表] channelId=14 第1页...
  [POST失败1/3] ProxyError: HTTPSConnectionPool(host='prec.sxzwfw.gov.cn', port=443): Max retries exceeded with url: /queryContent-jyxx.jspx (Caused by ProxyError('Unable to connect to proxy', OSError('Tunnel connection failed: 407 Proxy Authentication Required'))) | https://prec.sxzwfw.gov.cn/queryContent-jyxx.jspx
  [列表] 总条数=9，当前已获取=9
  [列表] 共 9 条

  [中标候选人公示] 引黄北干支线左云配套水网工程勘察设计
  [历史搜索] 引黄北干支线左云配套水网工程勘察设计
  [历史回填] 搜索项目：引黄北干支线左云配套水网工程勘察设计
    ✓ 历史招标公告
  [POST失败1/3] ProxyError: HTTPSConnectionPool(host='prec.sxzwfw.gov.cn', port=443): Max retries exceeded with url: /queryContent-jyxx.jspx (Caused by ProxyError('Unable to connect to proxy', OSError('Tunnel connection failed: 436 Proxy Authentication Failed'))) | https://prec.sxzwfw.gov.cn/queryContent-jyxx.jspx
    ✓ 历史候选人监督部门
  → upsert 完成：中标候选人公示

  [中标候选人公示] 静乐县王村镇2026年下道宏村护坝及土地治理工程以工代赈项目项目
  [历史搜索] 静乐县王村镇2026年下道宏村护坝及土地治理工程以工代赈项目项目
  [历史回填] 搜索项目：静乐县王村镇2026年下道宏村护坝及土地治理工程以工代赈项目项目
    ✓ 历史候选人监督部门
  → upsert 完成：中标候选人公示

  [中标候选人公示] 阳高县人民医院服务能力提升项目工程施工采购
  [历史搜索] 阳高县人民医院服务能力提升项目工程施工采购
  [历史回填] 搜索项目：阳高县人民医院服务能力提升项目工程施工采购
  [POST失败1/3] ProxyError: HTTPSConnectionPool(host='prec.sxzwfw.gov.cn', port=443): Max retries exceeded with url: /queryContent-jyxx.jspx (Caused by ProxyError('Unable to connect to proxy', OSError('Tunnel connection failed: 436 Proxy Authentication Failed'))) | https://prec.sxzwfw.gov.cn/queryContent-jyxx.jspx
    ✓ 历史招标公告
  [GET失败1/3] ProxyError: HTTPSConnectionPool(host='prec.sxzwfw.gov.cn', port=443): Max retries exceeded with url: /jyxxgchxr/1073594.jhtml (Caused by ProxyError('Unable to connect to proxy', OSError('Tunnel connection failed: 407 Proxy Authentication Required'))) | https://prec.sxzwfw.gov.cn/jyxxgchxr/1073594.jhtml
    ✓ 历史候选人监督部门
  [POST失败1/3] ProxyError: HTTPSConnectionPool(host='prec.sxzwfw.gov.cn', port=443): Max retries exceeded with url: /queryContent-jyxx.jspx (Caused by ProxyError('Unable to connect to proxy', OSError('Tunnel connection failed: 436 Proxy Authentication Failed'))) | https://prec.sxzwfw.gov.cn/queryContent-jyxx.jspx
  [POST失败2/3] ReadTimeout: HTTPSConnectionPool(host='prec.sxzwfw.gov.cn', port=443): Read timed out. (read timeout=18) | https://prec.sxzwfw.gov.cn/queryContent-jyxx.jspx
  → upsert 完成：中标候选人公示

  [中标候选人公示] 沁水县干线道路更新提质工程初步设计
  [GET失败1/3] ConnectionError: ('Connection aborted.', ConnectionResetError(104, 'Connection reset by peer')) | https://prec.sxzwfw.gov.cn/jyxxgchxr/1073587.jhtml
  [历史搜索] 沁水县干线道路更新提质工程初步设计
  [历史回填] 搜索项目：沁水县干线道路更新提质工程初步设计
  [POST失败1/3] ProxyError: HTTPSConnectionPool(host='prec.sxzwfw.gov.cn', port=443): Max retries exceeded with url: /queryContent-jyxx.jspx (Caused by ProxyError('Unable to connect to proxy', OSError('Tunnel connection failed: 436 Proxy Authentication Failed'))) | https://prec.sxzwfw.gov.cn/queryContent-jyxx.jspx
    ✓ 历史招标公告
  [POST失败1/3] ConnectionError: ('Connection aborted.', RemoteDisconnected('Remote end closed connection without response')) | https://prec.sxzwfw.gov.cn/queryContent-jyxx.jspx
  [POST失败1/3] ReadTimeout: HTTPSConnectionPool(host='prec.sxzwfw.gov.cn', port=443): Read timed out. (read timeout=18) | https://prec.sxzwfw.gov.cn/queryContent-jyxx.jspx
    ✓ 历史候选人监督部门
  → upsert 完成：中标候选人公示

  [中标候选人公示] 平顺县中心城区雨污分流源头治理及错接混接改造工程施工
  [历史搜索] 平顺县中心城区雨污分流源头治理及错接混接改造工程施工
  [历史回填] 搜索项目：平顺县中心城区雨污分流源头治理及错接混接改造工程施工
  [GET失败1/3] ConnectionError: ('Connection aborted.', RemoteDisconnected('Remote end closed connection without response')) | https://prec.sxzwfw.gov.cn/jyxxgczb/1065429.jhtml
    ✓ 历史招标公告
    ✓ 历史候选人监督部门
  [POST失败1/3] ReadTimeout: HTTPSConnectionPool(host='prec.sxzwfw.gov.cn', port=443): Read timed out. (read timeout=18) | https://prec.sxzwfw.gov.cn/queryContent-jyxx.jspx
  [POST失败2/3] ReadTimeout: HTTPSConnectionPool(host='prec.sxzwfw.gov.cn', port=443): Read timed out. (read timeout=18) | https://prec.sxzwfw.gov.cn/queryContent-jyxx.jspx
  → upsert 完成：中标候选人公示

  [中标候选人公示] 恒大九年一贯制学校北侧规划路建设工程（设计）
  [GET失败1/3] ReadTimeout: HTTPSConnectionPool(host='prec.sxzwfw.gov.cn', port=443): Read timed out. (read timeout=15) | https://prec.sxzwfw.gov.cn/jyxxgchxr/1073481.jhtml
  [历史搜索] 恒大九年一贯制学校北侧规划路建设工程（设计）
  [历史回填] 搜索项目：恒大九年一贯制学校北侧规划路建设工程（设计）
  [GET失败1/3] ConnectionError: ('Connection aborted.', ConnectionResetError(104, 'Connection reset by peer')) | https://prec.sxzwfw.gov.cn/jyxxgczb/1064974.jhtml
    ✓ 历史招标公告
  [POST失败1/3] ConnectionError: ('Connection aborted.', RemoteDisconnected('Remote end closed connection without response')) | https://prec.sxzwfw.gov.cn/queryContent-jyxx.jspx
  [POST失败2/3] ConnectionError: ('Connection aborted.', RemoteDisconnected('Remote end closed connection without response')) | https://prec.sxzwfw.gov.cn/queryContent-jyxx.jspx
    ✓ 历史候选人监督部门
  → upsert 完成：中标候选人公示

  [中标候选人公示] 吕梁市中阳县后师峪水库工程设备及安装货物项目货物
  [GET失败1/3] ConnectionError: ('Connection aborted.', ConnectionResetError(104, 'Connection reset by peer')) | https://prec.sxzwfw.gov.cn/jyxxgchxr/1073477.jhtml
  [历史搜索] 吕梁市中阳县后师峪水库工程设备及安装货物项目货物
  [历史回填] 搜索项目：吕梁市中阳县后师峪水库工程设备及安装货物项目货物
    ✓ 历史招标公告
  [POST失败1/3] ConnectionError: ('Connection aborted.', ConnectionResetError(104, 'Connection reset by peer')) | https://prec.sxzwfw.gov.cn/queryContent-jyxx.jspx
  [POST失败2/3] ReadTimeout: HTTPSConnectionPool(host='prec.sxzwfw.gov.cn', port=443): Read timed out. (read timeout=18) | https://prec.sxzwfw.gov.cn/queryContent-jyxx.jspx
    ✓ 历史候选人监督部门
  → upsert 完成：中标候选人公示

  [中标候选人公示] 太原市西山地表水厂供水工程一取水泵站(引黄原水)工程钢制管件及法兰采购
  [历史搜索] 太原市西山地表水厂供水工程一取水泵站(引黄原水)工程钢制管件及法兰采购
  [历史回填] 搜索项目：太原市西山地表水厂供水工程一取水泵站(引黄原水)工程钢制管件及法兰采购
    ✓ 历史招标公告
    ✓ 历史候选人监督部门
  → upsert 完成：中标候选人公示

  [中标候选人公示] 晋中（华北）表面处理工业园项目（一期工程）施工
  [历史搜索] 晋中（华北）表面处理工业园项目（一期工程）施工
  [历史回填] 搜索项目：晋中（华北）表面处理工业园项目（一期工程）施工
  [POST失败1/3] ConnectionError: ('Connection aborted.', ConnectionResetError(104, 'Connection reset by peer')) | https://prec.sxzwfw.gov.cn/queryContent-jyxx.jspx
    ✓ 历史招标公告
  [POST失败1/3] ConnectionError: ('Connection aborted.', ConnectionResetError(104, 'Connection reset by peer')) | https://prec.sxzwfw.gov.cn/queryContent-jyxx.jspx
  [POST失败2/3] ConnectionError: ('Connection aborted.', ConnectionResetError(104, 'Connection reset by peer')) | https://prec.sxzwfw.gov.cn/queryContent-jyxx.jspx
  [POST失败3/3] ConnectionError: ('Connection aborted.', ConnectionResetError(104, 'Connection reset by peer')) | https://prec.sxzwfw.gov.cn/queryContent-jyxx.jspx
  → upsert 完成：中标候选人公示

===== 第五步：中标结果公示 =====
  [列表] channelId=15 第1页...
  [列表] 总条数=47，当前已获取=10
  [列表] channelId=15 第2页...
  [POST失败1/3] ConnectionError: ('Connection aborted.', ConnectionResetError(104, 'Connection reset by peer')) | https://prec.sxzwfw.gov.cn/queryContent_2-jyxx.jspx
  [列表] 总条数=47，当前已获取=20
  [列表] channelId=15 第3页...
  [列表] 总条数=47，当前已获取=30
  [列表] channelId=15 第4页...
  [列表] 总条数=47，当前已获取=40
  [列表] channelId=15 第5页...
  [列表] 总条数=47，当前已获取=47
  [列表] 共 47 条

  [中标结果公示] 阳城县城市更新清林沟片区综合改造工程勘察
  [历史搜索] 阳城县城市更新清林沟片区综合改造工程勘察
  [历史回填] 搜索项目：阳城县城市更新清林沟片区综合改造工程勘察
  [POST失败1/3] ConnectionError: ('Connection aborted.', ConnectionResetError(104, 'Connection reset by peer')) | https://prec.sxzwfw.gov.cn/queryContent-jyxx.jspx
  [POST失败2/3] ConnectionError: ('Connection aborted.', ConnectionResetError(104, 'Connection reset by peer')) | https://prec.sxzwfw.gov.cn/queryContent-jyxx.jspx
    ✓ 历史招标公告
  [POST失败1/3] ReadTimeout: HTTPSConnectionPool(host='prec.sxzwfw.gov.cn', port=443): Read timed out. (read timeout=18) | https://prec.sxzwfw.gov.cn/queryContent-jyxx.jspx
  [GET失败1/3] ProxyError: HTTPSConnectionPool(host='prec.sxzwfw.gov.cn', port=443): Max retries exceeded with url: /jyxxgchxr/1071706.jhtml (Caused by ProxyError('Unable to connect to proxy', RemoteDisconnected('Remote end closed connection without response'))) | https://prec.sxzwfw.gov.cn/jyxxgchxr/1071706.jhtml
    ✓ 历史候选人监督部门
    ✓ 历史结果监督部门
  → upsert 完成：中标结果公示

  [中标结果公示] 云境•高山度假村项目（一期）
  [历史搜索] 云境•高山度假村项目（一期）
  [历史回填] 搜索项目：云境•高山度假村项目（一期）
  [POST失败1/3] ProxyError: HTTPSConnectionPool(host='prec.sxzwfw.gov.cn', port=443): Max retries exceeded with url: /queryContent-jyxx.jspx (Caused by ProxyError('Unable to connect to proxy', OSError('Tunnel connection failed: 436 Proxy Authentication Failed'))) | https://prec.sxzwfw.gov.cn/queryContent-jyxx.jspx
  [POST失败2/3] ReadTimeout: HTTPSConnectionPool(host='prec.sxzwfw.gov.cn', port=443): Read timed out. (read timeout=18) | https://prec.sxzwfw.gov.cn/queryContent-jyxx.jspx
    ✓ 历史招标公告
  [GET失败1/3] ReadTimeout: HTTPSConnectionPool(host='prec.sxzwfw.gov.cn', port=443): Read timed out. (read timeout=15) | https://prec.sxzwfw.gov.cn/jyxxgchxr/1073114.jhtml
    ✓ 历史候选人监督部门
  [POST失败1/3] ReadTimeout: HTTPSConnectionPool(host='prec.sxzwfw.gov.cn', port=443): Read timed out. (read timeout=18) | https://prec.sxzwfw.gov.cn/queryContent-jyxx.jspx
  [POST失败2/3] ConnectionError: ('Connection aborted.', ConnectionResetError(104, 'Connection reset by peer')) | https://prec.sxzwfw.gov.cn/queryContent-jyxx.jspx
  [POST失败3/3] ConnectionError: ('Connection aborted.', ConnectionResetError(104, 'Connection reset by peer')) | https://prec.sxzwfw.gov.cn/queryContent-jyxx.jspx
  → upsert 完成：中标结果公示

  [中标结果公示] 浑源县第五中学校区办学条件提升项目
  [历史搜索] 浑源县第五中学校区办学条件提升项目
  [历史回填] 搜索项目：浑源县第五中学校区办学条件提升项目
    ✓ 历史招标计划
  [POST失败1/3] ProxyError: HTTPSConnectionPool(host='prec.sxzwfw.gov.cn', port=443): Max retries exceeded with url: /queryContent-jyxx.jspx (Caused by ProxyError('Unable to connect to proxy', OSError('Tunnel connection failed: 436 Proxy Authentication Failed'))) | https://prec.sxzwfw.gov.cn/queryContent-jyxx.jspx
    ✓ 历史招标公告
    ✓ 历史候选人监督部门
    ✓ 历史结果监督部门
  → upsert 完成：中标结果公示

  [中标结果公示] 世界银行贷款可持续生态系统恢复与生物多样性保护项目河津市鸟类栖息地保护与修复工程
  [历史搜索] 世界银行贷款可持续生态系统恢复与生物多样性保护项目河津市鸟类栖息地保护与修复工程
  [历史回填] 搜索项目：世界银行贷款可持续生态系统恢复与生物多样性保护项目河津市鸟类栖息地保护与修复工程
    ✓ 历史招标公告
  [GET失败1/3] ProxyError: HTTPSConnectionPool(host='prec.sxzwfw.gov.cn', port=443): Max retries exceeded with url: /jyxxgchxr/1068536.jhtml (Caused by ProxyError('Unable to connect to proxy', OSError('Tunnel connection failed: 436 Proxy Authentication Failed'))) | https://prec.sxzwfw.gov.cn/jyxxgchxr/1068536.jhtml
    ✓ 历史候选人监督部门
  [POST失败1/3] ConnectionError: ('Connection aborted.', RemoteDisconnected('Remote end closed connection without response')) | https://prec.sxzwfw.gov.cn/queryContent-jyxx.jspx
    ✓ 历史结果监督部门
  → upsert 完成：中标结果公示

  [中标结果公示] 阳泉市城区义井镇义东沟村南苑东区、西区棚户区（城中村）改造工程（东区一期工程）配套基础设施项目监理二次段
  [GET失败1/3] ReadTimeout: HTTPSConnectionPool(host='prec.sxzwfw.gov.cn', port=443): Read timed out. (read timeout=15) | https://prec.sxzwfw.gov.cn/jyxxgcgs/1073609.jhtml
  [GET失败2/3] ReadTimeout: HTTPSConnectionPool(host='prec.sxzwfw.gov.cn', port=443): Read timed out. (read timeout=15) | https://prec.sxzwfw.gov.cn/jyxxgcgs/1073609.jhtml
  [历史搜索] 阳泉市城区义井镇义东沟村南苑东区、西区棚户区（城中村）改造工程（东区一期工程）配套基础设施项目监理二次段
  [历史回填] 搜索项目：阳泉市城区义井镇义东沟村南苑东区、西区棚户区（城中村）改造工程（东区一期工程）配套基础设施项目监理二次段
  [POST失败1/3] ConnectionError: ('Connection aborted.', RemoteDisconnected('Remote end closed connection without response')) | https://prec.sxzwfw.gov.cn/queryContent-jyxx.jspx
  [POST失败1/3] ConnectionError: ('Connection aborted.', RemoteDisconnected('Remote end closed connection without response')) | https://prec.sxzwfw.gov.cn/queryContent-jyxx.jspx
  [POST失败2/3] ConnectionError: ('Connection aborted.', RemoteDisconnected('Remote end closed connection without response')) | https://prec.sxzwfw.gov.cn/queryContent-jyxx.jspx
  [GET失败1/3] ReadTimeout: HTTPSConnectionPool(host='prec.sxzwfw.gov.cn', port=443): Read timed out. (read timeout=15) | https://prec.sxzwfw.gov.cn/jyxxgcgs/1073609.jhtml
  [GET失败2/3] ConnectionError: ('Connection aborted.', ConnectionResetError(104, 'Connection reset by peer')) | https://prec.sxzwfw.gov.cn/jyxxgcgs/1073609.jhtml
  [GET失败3/3] ConnectionError: ('Connection aborted.', ConnectionResetError(104, 'Connection reset by peer')) | https://prec.sxzwfw.gov.cn/jyxxgcgs/1073609.jhtml
    ✓ 历史结果监督部门
  → upsert 完成：中标结果公示

  [中标结果公示] 沁河流域（张峰水库下游-殷庄段）水环境综合治理项目施工
  [历史搜索] 沁河流域（张峰水库下游-殷庄段）水环境综合治理项目施工
  [历史回填] 搜索项目：沁河流域（张峰水库下游-殷庄段）水环境综合治理项目施工
  [POST失败1/3] ConnectionError: ('Connection aborted.', ConnectionResetError(104, 'Connection reset by peer')) | https://prec.sxzwfw.gov.cn/queryContent-jyxx.jspx
  [POST失败1/3] ConnectionError: ('Connection aborted.', RemoteDisconnected('Remote end closed connection without response')) | https://prec.sxzwfw.gov.cn/queryContent-jyxx.jspx
  [GET失败1/3] ReadTimeout: HTTPSConnectionPool(host='prec.sxzwfw.gov.cn', port=443): Read timed out. (read timeout=15) | https://prec.sxzwfw.gov.cn/jyxxgczb/1065564.jhtml
    ✓ 历史招标公告
  [POST失败1/3] ConnectionError: ('Connection aborted.', RemoteDisconnected('Remote end closed connection without response')) | https://prec.sxzwfw.gov.cn/queryContent-jyxx.jspx
  [POST失败2/3] ConnectionError: ('Connection aborted.', ConnectionResetError(104, 'Connection reset by peer')) | https://prec.sxzwfw.gov.cn/queryContent-jyxx.jspx
    ✓ 历史候选人监督部门
  [GET失败1/3] ConnectionError: ('Connection aborted.', ConnectionResetError(104, 'Connection reset by peer')) | https://prec.sxzwfw.gov.cn/jyxxgcgs/1073586.jhtml
    ✓ 历史结果监督部门
  → upsert 完成：中标结果公示

  [中标结果公示] 山西省黎城县佛崖底滑坡地质灾害治理项目工程施工
  [历史搜索] 山西省黎城县佛崖底滑坡地质灾害治理项目工程施工
  [历史回填] 搜索项目：山西省黎城县佛崖底滑坡地质灾害治理项目工程施工
  [POST失败1/3] ConnectionError: ('Connection aborted.', ConnectionResetError(104, 'Connection reset by peer')) | https://prec.sxzwfw.gov.cn/queryContent-jyxx.jspx
  [POST失败1/3] ConnectionError: ('Connection aborted.', ConnectionResetError(104, 'Connection reset by peer')) | https://prec.sxzwfw.gov.cn/queryContent-jyxx.jspx
    ✓ 历史招标公告
  [POST失败1/3] ProxyError: HTTPSConnectionPool(host='prec.sxzwfw.gov.cn', port=443): Max retries exceeded with url: /queryContent-jyxx.jspx (Caused by ProxyError('Unable to connect to proxy', OSError('Tunnel connection failed: 436 Proxy Authentication Failed'))) | https://prec.sxzwfw.gov.cn/queryContent-jyxx.jspx
    ✓ 历史候选人监督部门
    ✓ 历史结果监督部门
  → upsert 完成：中标结果公示

  [中标结果公示] 沁河流域（张峰水库下游-殷庄段）水环境综合治理项目监理
  [历史搜索] 沁河流域（张峰水库下游-殷庄段）水环境综合治理项目监理
  [历史回填] 搜索项目：沁河流域（张峰水库下游-殷庄段）水环境综合治理项目监理
    ✓ 历史招标公告
    ✓ 历史候选人监督部门
  [POST失败1/3] ConnectionError: ('Connection aborted.', ConnectionResetError(104, 'Connection reset by peer')) | https://prec.sxzwfw.gov.cn/queryContent-jyxx.jspx
  [POST失败2/3] ConnectionError: ('Connection aborted.', RemoteDisconnected('Remote end closed connection without response')) | https://prec.sxzwfw.gov.cn/queryContent-jyxx.jspx
  [POST失败3/3] ConnectionError: ('Connection aborted.', ConnectionResetError(104, 'Connection reset by peer')) | https://prec.sxzwfw.gov.cn/queryContent-jyxx.jspx
  → upsert 完成：中标结果公示

  [中标结果公示] 2026年城市道路绿化工程总承包中标结果公告
  [历史搜索] 2026年城市道路绿化工程总承包中标结果公告
  [历史回填] 搜索项目：2026年城市道路绿化工程总承包中标结果公告
  [POST失败1/3] ConnectionError: ('Connection aborted.', RemoteDisconnected('Remote end closed connection without response')) | https://prec.sxzwfw.gov.cn/queryContent-jyxx.jspx
  [POST失败2/3] ConnectionError: ('Connection aborted.', ConnectionResetError(104, 'Connection reset by peer')) | https://prec.sxzwfw.gov.cn/queryContent-jyxx.jspx
  [POST失败3/3] ConnectionError: ('Connection aborted.', ConnectionResetError(104, 'Connection reset by peer')) | https://prec.sxzwfw.gov.cn/queryContent-jyxx.jspx
  [POST失败1/3] ConnectionError: ('Connection aborted.', RemoteDisconnected('Remote end closed connection without response')) | https://prec.sxzwfw.gov.cn/queryContent-jyxx.jspx
  [POST失败1/3] ReadTimeout: HTTPSConnectionPool(host='prec.sxzwfw.gov.cn', port=443): Read timed out. (read timeout=18) | https://prec.sxzwfw.gov.cn/queryContent-jyxx.jspx
    ✓ 历史结果监督部门
  → upsert 完成：中标结果公示

  [中标结果公示] 规划一路（龙城大街—龙城南街）和规划二路（龙城大街—龙城南街）建设工程施工
  [历史搜索] 规划一路（龙城大街—龙城南街）和规划二路（龙城大街—龙城南街）建设工程施工
  [历史回填] 搜索项目：规划一路（龙城大街—龙城南街）和规划二路（龙城大街—龙城南街）建设工程施工
  [POST失败1/3] ConnectionError: ('Connection aborted.', ConnectionResetError(104, 'Connection reset by peer')) | https://prec.sxzwfw.gov.cn/queryContent-jyxx.jspx
  [POST失败2/3] ConnectionError: ('Connection aborted.', ConnectionResetError(104, 'Connection reset by peer')) | https://prec.sxzwfw.gov.cn/queryContent-jyxx.jspx
  [POST失败3/3] ConnectionError: ('Connection aborted.', ConnectionResetError(104, 'Connection reset by peer')) | https://prec.sxzwfw.gov.cn/queryContent-jyxx.jspx
  [GET失败1/3] ProxyError: HTTPSConnectionPool(host='prec.sxzwfw.gov.cn', port=443): Max retries exceeded with url: /jyxxgchxr/1072302.jhtml (Caused by ProxyError('Unable to connect to proxy', RemoteDisconnected('Remote end closed connection without response'))) | https://prec.sxzwfw.gov.cn/jyxxgchxr/1072302.jhtml
  [GET失败2/3] ReadTimeout: HTTPSConnectionPool(host='prec.sxzwfw.gov.cn', port=443): Read timed out. (read timeout=15) | https://prec.sxzwfw.gov.cn/jyxxgchxr/1072302.jhtml
    ✓ 历史候选人监督部门
  [POST失败1/3] ReadTimeout: HTTPSConnectionPool(host='prec.sxzwfw.gov.cn', port=443): Read timed out. (read timeout=18) | https://prec.sxzwfw.gov.cn/queryContent-jyxx.jspx
  [GET失败1/3] ConnectionError: ('Connection aborted.', ConnectionResetError(104, 'Connection reset by peer')) | https://prec.sxzwfw.gov.cn/jyxxgcgs/1073535.jhtml
    ✓ 历史结果监督部门
  → upsert 完成：中标结果公示

  [中标结果公示] 代县阳明堡镇2026年生态农业示范园配套道路及渠道修建项目项目
  [GET失败1/3] ReadTimeout: HTTPSConnectionPool(host='prec.sxzwfw.gov.cn', port=443): Read timed out. (read timeout=15) | https://prec.sxzwfw.gov.cn/jyxxgcgs/1073529.jhtml
  [历史搜索] 代县阳明堡镇2026年生态农业示范园配套道路及渠道修建项目项目
  [历史回填] 搜索项目：代县阳明堡镇2026年生态农业示范园配套道路及渠道修建项目项目
  [GET失败1/3] ConnectionError: ('Connection aborted.', ConnectionResetError(104, 'Connection reset by peer')) | https://prec.sxzwfw.gov.cn/jyxxgchxr/1072768.jhtml
    ✓ 历史候选人监督部门
    ✓ 历史结果监督部门
  → upsert 完成：中标结果公示

  [中标结果公示] 大秦铁路股份有限公司侯马北供电段2026年度侯马北站区10kV配电增容改造工程建设单位管理甲供物资项目
  [历史搜索] 大秦铁路股份有限公司侯马北供电段2026年度侯马北站区10kV配电增容改造工程建设单位管理甲供物资项目
  [历史回填] 搜索项目：大秦铁路股份有限公司侯马北供电段2026年度侯马北站区10kV配电增容改造工程建设单位管理甲供物资项目
    ✓ 历史招标公告
    ✓ 历史候选人监督部门
    ✓ 历史结果监督部门
  → upsert 完成：中标结果公示

  [中标结果公示] 大秦铁路股份有限公司侯马北供电段2026年度侯马北站区10kV配电增容改造工程建设单位管理甲供物资项目
  [历史搜索] 大秦铁路股份有限公司侯马北供电段2026年度侯马北站区10kV配电增容改造工程建设单位管理甲供物资项目
  [历史回填] 搜索项目：大秦铁路股份有限公司侯马北供电段2026年度侯马北站区10kV配电增容改造工程建设单位管理甲供物资项目
    ✓ 历史招标公告
  [POST失败1/3] ProxyError: HTTPSConnectionPool(host='prec.sxzwfw.gov.cn', port=443): Max retries exceeded with url: /queryContent-jyxx.jspx (Caused by ProxyError('Unable to connect to proxy', OSError('Tunnel connection failed: 436 Proxy Authentication Failed'))) | https://prec.sxzwfw.gov.cn/queryContent-jyxx.jspx
    ✓ 历史候选人监督部门
    ✓ 历史结果监督部门
  → upsert 完成：中标结果公示

  [中标结果公示] 大秦铁路股份有限公司侯马北供电段2026年度侯马北站区10kV配电增容改造工程建设单位管理甲供物资项目
  [历史搜索] 大秦铁路股份有限公司侯马北供电段2026年度侯马北站区10kV配电增容改造工程建设单位管理甲供物资项目
  [历史回填] 搜索项目：大秦铁路股份有限公司侯马北供电段2026年度侯马北站区10kV配电增容改造工程建设单位管理甲供物资项目
  [POST失败1/3] ConnectionError: ('Connection aborted.', ConnectionResetError(104, 'Connection reset by peer')) | https://prec.sxzwfw.gov.cn/queryContent-jyxx.jspx
  [POST失败2/3] ReadTimeout: HTTPSConnectionPool(host='prec.sxzwfw.gov.cn', port=443): Read timed out. (read timeout=18) | https://prec.sxzwfw.gov.cn/queryContent-jyxx.jspx
  [GET失败1/3] ConnectionError: ('Connection aborted.', RemoteDisconnected('Remote end closed connection without response')) | https://prec.sxzwfw.gov.cn/jyxxgczb/1062566.jhtml
  [GET失败2/3] ConnectionError: ('Connection aborted.', ConnectionResetError(104, 'Connection reset by peer')) | https://prec.sxzwfw.gov.cn/jyxxgczb/1062566.jhtml
    ✓ 历史招标公告
    ✓ 历史候选人监督部门
  [POST失败1/3] ConnectionError: ('Connection aborted.', RemoteDisconnected('Remote end closed connection without response')) | https://prec.sxzwfw.gov.cn/queryContent-jyxx.jspx
    ✓ 历史结果监督部门
  → upsert 完成：中标结果公示

  [中标结果公示] 大秦铁路股份有限公司侯马北供电段2026年度侯马北站区10kV配电增容改造工程建设单位管理甲供物资项目
  [GET失败1/3] ConnectionError: ('Connection aborted.', ConnectionResetError(104, 'Connection reset by peer')) | https://prec.sxzwfw.gov.cn/jyxxgcgs/1073499.jhtml
  [GET失败2/3] ConnectionError: ('Connection aborted.', ConnectionResetError(104, 'Connection reset by peer')) | https://prec.sxzwfw.gov.cn/jyxxgcgs/1073499.jhtml
  [历史搜索] 大秦铁路股份有限公司侯马北供电段2026年度侯马北站区10kV配电增容改造工程建设单位管理甲供物资项目
  [历史回填] 搜索项目：大秦铁路股份有限公司侯马北供电段2026年度侯马北站区10kV配电增容改造工程建设单位管理甲供物资项目
    ✓ 历史招标公告
  [POST失败1/3] ReadTimeout: HTTPSConnectionPool(host='prec.sxzwfw.gov.cn', port=443): Read timed out. (read timeout=18) | https://prec.sxzwfw.gov.cn/queryContent-jyxx.jspx
  [POST失败2/3] ConnectionError: ('Connection aborted.', RemoteDisconnected('Remote end closed connection without response')) | https://prec.sxzwfw.gov.cn/queryContent-jyxx.jspx
  [GET失败1/3] ConnectionError: ('Connection aborted.', RemoteDisconnected('Remote end closed connection without response')) | https://prec.sxzwfw.gov.cn/jyxxgchxr/1071826.jhtml
  [GET失败2/3] ConnectionError: ('Connection aborted.', ConnectionResetError(104, 'Connection reset by peer')) | https://prec.sxzwfw.gov.cn/jyxxgchxr/1071826.jhtml
    ✓ 历史候选人监督部门
    ✓ 历史结果监督部门
  → upsert 完成：中标结果公示

  [中标结果公示] 大秦铁路股份有限公司侯马北供电段2026年度侯马北站区10kV配电增容改造工程建设单位管理甲供物资项目
  [历史搜索] 大秦铁路股份有限公司侯马北供电段2026年度侯马北站区10kV配电增容改造工程建设单位管理甲供物资项目
  [历史回填] 搜索项目：大秦铁路股份有限公司侯马北供电段2026年度侯马北站区10kV配电增容改造工程建设单位管理甲供物资项目
  [POST失败1/3] ConnectionError: ('Connection aborted.', ConnectionResetError(104, 'Connection reset by peer')) | https://prec.sxzwfw.gov.cn/queryContent-jyxx.jspx
    ✓ 历史招标公告
    ✓ 历史候选人监督部门
  [POST失败1/3] ConnectionError: ('Connection aborted.', RemoteDisconnected('Remote end closed connection without response')) | https://prec.sxzwfw.gov.cn/queryContent-jyxx.jspx
    ✓ 历史结果监督部门
  → upsert 完成：中标结果公示

  [中标结果公示] 中阳县南川河城区段生态综合治理和雨污管网更新改造项目EPC总承包其它第二标段
  [GET失败1/3] ConnectionError: ('Connection aborted.', RemoteDisconnected('Remote end closed connection without response')) | https://prec.sxzwfw.gov.cn/jyxxgcgs/1073478.jhtml
  [GET失败2/3] ReadTimeout: HTTPSConnectionPool(host='prec.sxzwfw.gov.cn', port=443): Read timed out. (read timeout=15) | https://prec.sxzwfw.gov.cn/jyxxgcgs/1073478.jhtml
  [历史搜索] 中阳县南川河城区段生态综合治理和雨污管网更新改造项目EPC总承包其它第二标段
  [历史回填] 搜索项目：中阳县南川河城区段生态综合治理和雨污管网更新改造项目EPC总承包其它第二标段
  [POST失败1/3] ReadTimeout: HTTPSConnectionPool(host='prec.sxzwfw.gov.cn', port=443): Read timed out. (read timeout=18) | https://prec.sxzwfw.gov.cn/queryContent-jyxx.jspx
    ✓ 历史候选人监督部门
  [POST失败1/3] ReadTimeout: HTTPSConnectionPool(host='prec.sxzwfw.gov.cn', port=443): Read timed out. (read timeout=18) | https://prec.sxzwfw.gov.cn/queryContent-jyxx.jspx
  [POST失败2/3] ConnectionError: ('Connection aborted.', RemoteDisconnected('Remote end closed connection without response')) | https://prec.sxzwfw.gov.cn/queryContent-jyxx.jspx
    ✓ 历史结果监督部门
  → upsert 完成：中标结果公示

  [中标结果公示] 中阳县南川河城区段生态综合治理和雨污管网更新改造项目EPC总承包其它
  [GET失败1/3] ConnectionError: ('Connection aborted.', RemoteDisconnected('Remote end closed connection without response')) | https://prec.sxzwfw.gov.cn/jyxxgcgs/1073475.jhtml
  [GET失败2/3] ConnectionError: ('Connection aborted.', RemoteDisconnected('Remote end closed connection without response')) | https://prec.sxzwfw.gov.cn/jyxxgcgs/1073475.jhtml
  [GET失败3/3] ConnectionError: ('Connection aborted.', ConnectionResetError(104, 'Connection reset by peer')) | https://prec.sxzwfw.gov.cn/jyxxgcgs/1073475.jhtml
  [历史搜索] 中阳县南川河城区段生态综合治理和雨污管网更新改造项目EPC总承包其它
  [历史回填] 搜索项目：中阳县南川河城区段生态综合治理和雨污管网更新改造项目EPC总承包其它
    ✓ 历史招标公告
  [POST失败1/3] ConnectionError: ('Connection aborted.', ConnectionResetError(104, 'Connection reset by peer')) | https://prec.sxzwfw.gov.cn/queryContent-jyxx.jspx
  [POST失败2/3] ReadTimeout: HTTPSConnectionPool(host='prec.sxzwfw.gov.cn', port=443): Read timed out. (read timeout=18) | https://prec.sxzwfw.gov.cn/queryContent-jyxx.jspx
    ✓ 历史候选人监督部门
  [GET失败1/3] ReadTimeout: HTTPSConnectionPool(host='prec.sxzwfw.gov.cn', port=443): Read timed out. (read timeout=15) | https://prec.sxzwfw.gov.cn/jyxxgcgs/1073478.jhtml
    ✓ 历史结果监督部门
  → upsert 完成：中标结果公示

  [中标结果公示] 临猗县城区雨污分流改造项目（一期）南环路雨污分流改造监理
  [GET失败1/3] ReadTimeout: HTTPSConnectionPool(host='prec.sxzwfw.gov.cn', port=443): Read timed out. (read timeout=15) | https://prec.sxzwfw.gov.cn/jyxxgcgs/1073465.jhtml
  [GET失败2/3] ConnectionError: ('Connection aborted.', ConnectionResetError(104, 'Connection reset by peer')) | https://prec.sxzwfw.gov.cn/jyxxgcgs/1073465.jhtml
  [GET失败3/3] ReadTimeout: HTTPSConnectionPool(host='prec.sxzwfw.gov.cn', port=443): Read timed out. (read timeout=15) | https://prec.sxzwfw.gov.cn/jyxxgcgs/1073465.jhtml
  [历史搜索] 临猗县城区雨污分流改造项目（一期）南环路雨污分流改造监理
  [历史回填] 搜索项目：临猗县城区雨污分流改造项目（一期）南环路雨污分流改造监理
  [POST失败1/3] ReadTimeout: HTTPSConnectionPool(host='prec.sxzwfw.gov.cn', port=443): Read timed out. (read timeout=18) | https://prec.sxzwfw.gov.cn/queryContent-jyxx.jspx
  [GET失败1/3] ReadTimeout: HTTPSConnectionPool(host='prec.sxzwfw.gov.cn', port=443): Read timed out. (read timeout=15) | https://prec.sxzwfw.gov.cn/jyxxgczb/1065463.jhtml
  [GET失败2/3] ConnectionError: ('Connection aborted.', ConnectionResetError(104, 'Connection reset by peer')) | https://prec.sxzwfw.gov.cn/jyxxgczb/1065463.jhtml
    ✓ 历史招标公告
    ✓ 历史候选人监督部门
    ✓ 历史结果监督部门
  → upsert 完成：中标结果公示

  [中标结果公示] 运城经济技术开发区电子产业园1#2#标准厂房提升改造工程三次
  [历史搜索] 运城经济技术开发区电子产业园1#2#标准厂房提升改造工程三次
  [历史回填] 搜索项目：运城经济技术开发区电子产业园1#2#标准厂房提升改造工程三次
  [POST失败1/3] ReadTimeout: HTTPSConnectionPool(host='prec.sxzwfw.gov.cn', port=443): Read timed out. (read timeout=18) | https://prec.sxzwfw.gov.cn/queryContent-jyxx.jspx
  [POST失败2/3] ReadTimeout: HTTPSConnectionPool(host='prec.sxzwfw.gov.cn', port=443): Read timed out. (read timeout=18) | https://prec.sxzwfw.gov.cn/queryContent-jyxx.jspx
  [POST失败1/3] ConnectionError: ('Connection aborted.', ConnectionResetError(104, 'Connection reset by peer')) | https://prec.sxzwfw.gov.cn/queryContent-jyxx.jspx
  [POST失败2/3] ConnectionError: ('Connection aborted.', ConnectionResetError(104, 'Connection reset by peer')) | https://prec.sxzwfw.gov.cn/queryContent-jyxx.jspx
  [POST失败3/3] ConnectionError: ('Connection aborted.', ConnectionResetError(104, 'Connection reset by peer')) | https://prec.sxzwfw.gov.cn/queryContent-jyxx.jspx
  [POST失败1/3] ConnectionError: ('Connection aborted.', ConnectionResetError(104, 'Connection reset by peer')) | https://prec.sxzwfw.gov.cn/queryContent-jyxx.jspx
    ✓ 历史候选人监督部门
  [GET失败1/3] ConnectionError: ('Connection aborted.', ConnectionResetError(104, 'Connection reset by peer')) | https://prec.sxzwfw.gov.cn/jyxxgcgs/1073463.jhtml
    ✓ 历史结果监督部门
  → upsert 完成：中标结果公示

  [中标结果公示] 丹河流域(高平段)重点区域污水收集处理与水环境治理工程项目设计
  [GET失败1/3] ConnectionError: ('Connection aborted.', RemoteDisconnected('Remote end closed connection without response')) | https://prec.sxzwfw.gov.cn/jyxxgcgs/1073460.jhtml
  [GET失败2/3] ConnectionError: ('Connection aborted.', ConnectionResetError(104, 'Connection reset by peer')) | https://prec.sxzwfw.gov.cn/jyxxgcgs/1073460.jhtml
  [历史搜索] 丹河流域(高平段)重点区域污水收集处理与水环境治理工程项目设计
  [历史回填] 搜索项目：丹河流域(高平段)重点区域污水收集处理与水环境治理工程项目设计
    ✓ 历史招标公告
    ✓ 历史候选人监督部门
    ✓ 历史结果监督部门
  → upsert 完成：中标结果公示

  [中标结果公示] 山西晋城兴唐煤业有限公司车寨矿井矿建工程、部分土建工程及井下安装工程施工监理
  [历史搜索] 山西晋城兴唐煤业有限公司车寨矿井矿建工程、部分土建工程及井下安装工程施工监理
  [历史回填] 搜索项目：山西晋城兴唐煤业有限公司车寨矿井矿建工程、部分土建工程及井下安装工程施工监理
  [POST失败1/3] ReadTimeout: HTTPSConnectionPool(host='prec.sxzwfw.gov.cn', port=443): Read timed out. (read timeout=18) | https://prec.sxzwfw.gov.cn/queryContent-jyxx.jspx
    ✓ 历史招标公告
    ✓ 历史候选人监督部门
    ✓ 历史结果监督部门
  → upsert 完成：中标结果公示

  [中标结果公示] 响水坡村供排污工程总承包二次招标
  [历史搜索] 响水坡村供排污工程总承包二次招标
  [历史回填] 搜索项目：响水坡村供排污工程总承包二次招标
  [POST失败1/3] ReadTimeout: HTTPSConnectionPool(host='prec.sxzwfw.gov.cn', port=443): Read timed out. (read timeout=18) | https://prec.sxzwfw.gov.cn/queryContent-jyxx.jspx
    ✓ 历史招标公告
    ✓ 历史候选人监督部门
  [GET失败1/3] ConnectionError: ('Connection aborted.', ConnectionResetError(104, 'Connection reset by peer')) | https://prec.sxzwfw.gov.cn/jyxxgcgs/1073440.jhtml
    ✓ 历史结果监督部门
  → upsert 完成：中标结果公示

  [中标结果公示] 山西省黑茶山国有林管理局吕梁山生态保护修复和水土流失综合治理项目（2026）作业设计编制
  [历史搜索] 山西省黑茶山国有林管理局吕梁山生态保护修复和水土流失综合治理项目（2026）作业设计编制
  [历史回填] 搜索项目：山西省黑茶山国有林管理局吕梁山生态保护修复和水土流失综合治理项目（2026）作业设计编制
  [GET失败1/3] ReadTimeout: HTTPSConnectionPool(host='prec.sxzwfw.gov.cn', port=443): Read timed out. (read timeout=15) | https://prec.sxzwfw.gov.cn/jyxxgczb/1066449.jhtml
    ✓ 历史招标公告
    ✓ 历史候选人监督部门
    ✓ 历史结果监督部门
  → upsert 完成：中标结果公示

  [中标结果公示] 吴家堡南北规划路（康兴街一吴家堡北街）建设工程施工
  [历史搜索] 吴家堡南北规划路（康兴街一吴家堡北街）建设工程施工
  [历史回填] 搜索项目：吴家堡南北规划路（康兴街一吴家堡北街）建设工程施工
    ✓ 历史招标公告
  [POST失败1/3] ConnectionError: ('Connection aborted.', ConnectionResetError(104, 'Connection reset by peer')) | https://prec.sxzwfw.gov.cn/queryContent-jyxx.jspx
  [GET失败1/3] ConnectionError: ('Connection aborted.', ConnectionResetError(104, 'Connection reset by peer')) | https://prec.sxzwfw.gov.cn/jyxxgchxr/1072301.jhtml
  [GET失败2/3] ReadTimeout: HTTPSConnectionPool(host='prec.sxzwfw.gov.cn', port=443): Read timed out. (read timeout=15) | https://prec.sxzwfw.gov.cn/jyxxgchxr/1072301.jhtml
    ✓ 历史候选人监督部门
  [POST失败1/3] ProxyError: HTTPSConnectionPool(host='prec.sxzwfw.gov.cn', port=443): Max retries exceeded with url: /queryContent-jyxx.jspx (Caused by ProxyError('Unable to connect to proxy', RemoteDisconnected('Remote end closed connection without response'))) | https://prec.sxzwfw.gov.cn/queryContent-jyxx.jspx
  [GET失败1/3] ConnectionError: ('Connection aborted.', ConnectionResetError(104, 'Connection reset by peer')) | https://prec.sxzwfw.gov.cn/jyxxgcgs/1073434.jhtml
  [GET失败2/3] ReadTimeout: HTTPSConnectionPool(host='prec.sxzwfw.gov.cn', port=443): Read timed out. (read timeout=15) | https://prec.sxzwfw.gov.cn/jyxxgcgs/1073434.jhtml
    ✓ 历史结果监督部门
  → upsert 完成：中标结果公示

  [中标结果公示] 古交市公益性公墓建设项目施工
  [历史搜索] 古交市公益性公墓建设项目施工
  [历史回填] 搜索项目：古交市公益性公墓建设项目施工
  [POST失败1/3] ConnectionError: ('Connection aborted.', RemoteDisconnected('Remote end closed connection without response')) | https://prec.sxzwfw.gov.cn/queryContent-jyxx.jspx
  [POST失败1/3] ConnectionError: ('Connection aborted.', ConnectionResetError(104, 'Connection reset by peer')) | https://prec.sxzwfw.gov.cn/queryContent-jyxx.jspx
    ✓ 历史招标公告
    ✓ 历史候选人监督部门
  [GET失败1/3] ConnectionError: ('Connection aborted.', RemoteDisconnected('Remote end closed connection without response')) | https://prec.sxzwfw.gov.cn/jyxxgcgs/1073433.jhtml
  [GET失败2/3] ReadTimeout: HTTPSConnectionPool(host='prec.sxzwfw.gov.cn', port=443): Read timed out. (read timeout=15) | https://prec.sxzwfw.gov.cn/jyxxgcgs/1073433.jhtml
    ✓ 历史结果监督部门
  → upsert 完成：中标结果公示

  [中标结果公示] 长兴南街（光华路-西中环）建设工程施工
  [GET失败1/3] ConnectionError: ('Connection aborted.', RemoteDisconnected('Remote end closed connection without response')) | https://prec.sxzwfw.gov.cn/jyxxgcgs/1073432.jhtml
  [历史搜索] 长兴南街（光华路-西中环）建设工程施工
  [历史回填] 搜索项目：长兴南街（光华路-西中环）建设工程施工
  [GET失败1/3] ConnectionError: ('Connection aborted.', ConnectionResetError(104, 'Connection reset by peer')) | https://prec.sxzwfw.gov.cn/jyxxgczb/1065459.jhtml
  [GET失败2/3] ConnectionError: ('Connection aborted.', RemoteDisconnected('Remote end closed connection without response')) | https://prec.sxzwfw.gov.cn/jyxxgczb/1065459.jhtml
  [GET失败3/3] ReadTimeout: HTTPSConnectionPool(host='prec.sxzwfw.gov.cn', port=443): Read timed out. (read timeout=15) | https://prec.sxzwfw.gov.cn/jyxxgczb/1065459.jhtml
    ✓ 历史招标公告
  [GET失败1/3] ProxyError: HTTPSConnectionPool(host='prec.sxzwfw.gov.cn', port=443): Max retries exceeded with url: /jyxxgchxr/1071949.jhtml (Caused by ProxyError('Unable to connect to proxy', RemoteDisconnected('Remote end closed connection without response'))) | https://prec.sxzwfw.gov.cn/jyxxgchxr/1071949.jhtml
  [GET失败2/3] ConnectionError: ('Connection aborted.', ConnectionResetError(104, 'Connection reset by peer')) | https://prec.sxzwfw.gov.cn/jyxxgchxr/1071949.jhtml
    ✓ 历史候选人监督部门
    ✓ 历史结果监督部门
  → upsert 完成：中标结果公示

  [中标结果公示] 朔州市平鲁区偏关河、汤溪河流域水土流失治理工程勘察设计项目
  [GET失败1/3] ReadTimeout: HTTPSConnectionPool(host='prec.sxzwfw.gov.cn', port=443): Read timed out. (read timeout=15) | https://prec.sxzwfw.gov.cn/jyxxgcgs/1073428.jhtml
  [历史搜索] 朔州市平鲁区偏关河、汤溪河流域水土流失治理工程勘察设计项目
  [历史回填] 搜索项目：朔州市平鲁区偏关河、汤溪河流域水土流失治理工程勘察设计项目
    ✓ 历史结果监督部门
  → upsert 完成：中标结果公示

  [中标结果公示] 长治市体育路(捉马大街-漳泽东街)道路建设工程施工
  [GET失败1/3] ConnectionError: ('Connection aborted.', ConnectionResetError(104, 'Connection reset by peer')) | https://prec.sxzwfw.gov.cn/jyxxgcgs/1073421.jhtml
  [GET失败2/3] ReadTimeout: HTTPSConnectionPool(host='prec.sxzwfw.gov.cn', port=443): Read timed out. (read timeout=15) | https://prec.sxzwfw.gov.cn/jyxxgcgs/1073421.jhtml
  [GET失败3/3] ConnectionError: ('Connection aborted.', ConnectionResetError(104, 'Connection reset by peer')) | https://prec.sxzwfw.gov.cn/jyxxgcgs/1073421.jhtml
  [历史搜索] 长治市体育路(捉马大街-漳泽东街)道路建设工程施工
  [历史回填] 搜索项目：长治市体育路(捉马大街-漳泽东街)道路建设工程施工
  [POST失败1/3] ReadTimeout: HTTPSConnectionPool(host='prec.sxzwfw.gov.cn', port=443): Read timed out. (read timeout=18) | https://prec.sxzwfw.gov.cn/queryContent-jyxx.jspx
  [POST失败1/3] ConnectionError: ('Connection aborted.', ConnectionResetError(104, 'Connection reset by peer')) | https://prec.sxzwfw.gov.cn/queryContent-jyxx.jspx
    ✓ 历史招标公告
  [GET失败1/3] ConnectionError: ('Connection aborted.', ConnectionResetError(104, 'Connection reset by peer')) | https://prec.sxzwfw.gov.cn/jyxxgchxr/1072235.jhtml
    ✓ 历史候选人监督部门
  [GET失败1/3] ConnectionError: ('Connection aborted.', RemoteDisconnected('Remote end closed connection without response')) | https://prec.sxzwfw.gov.cn/jyxxgcgs/1073421.jhtml
    ✓ 历史结果监督部门
  → upsert 完成：中标结果公示

  [中标结果公示] 稷山县汾北城乡一体化供水工程监理二次
  [历史搜索] 稷山县汾北城乡一体化供水工程监理二次
  [历史回填] 搜索项目：稷山县汾北城乡一体化供水工程监理二次
    ✓ 历史招标公告
    ✓ 历史候选人监督部门
  [GET失败1/3] ConnectionError: ('Connection aborted.', ConnectionResetError(104, 'Connection reset by peer')) | https://prec.sxzwfw.gov.cn/jyxxgcgs/1073419.jhtml
    ✓ 历史结果监督部门
  → upsert 完成：中标结果公示

  [中标结果公示] 新绛经济技术开发区地下水污染风险管控与修复项目设计
  [历史搜索] 新绛经济技术开发区地下水污染风险管控与修复项目设计
  [历史回填] 搜索项目：新绛经济技术开发区地下水污染风险管控与修复项目设计
    ✓ 历史招标公告
  [POST失败1/3] ReadTimeout: HTTPSConnectionPool(host='prec.sxzwfw.gov.cn', port=443): Read timed out. (read timeout=18) | https://prec.sxzwfw.gov.cn/queryContent-jyxx.jspx
    ✓ 历史候选人监督部门
    ✓ 历史结果监督部门
  → upsert 完成：中标结果公示

  [中标结果公示] 运城市排洪通道（姚暹渠盐湖段）改造工程互通项目
  [历史搜索] 运城市排洪通道（姚暹渠盐湖段）改造工程互通项目
  [历史回填] 搜索项目：运城市排洪通道（姚暹渠盐湖段）改造工程互通项目
    ✓ 历史招标公告
  [POST失败1/3] ConnectionError: ('Connection aborted.', RemoteDisconnected('Remote end closed connection without response')) | https://prec.sxzwfw.gov.cn/queryContent-jyxx.jspx
    ✓ 历史候选人监督部门
    ✓ 历史结果监督部门
  → upsert 完成：中标结果公示

  [中标结果公示] 晋城市主城区再生水综合利用及配套设施项目（西线）工程总承包中标结果公告
  [历史搜索] 晋城市主城区再生水综合利用及配套设施项目（西线）工程总承包中标结果公告
  [历史回填] 搜索项目：晋城市主城区再生水综合利用及配套设施项目（西线）工程总承包中标结果公告
  [POST失败1/3] ReadTimeout: HTTPSConnectionPool(host='prec.sxzwfw.gov.cn', port=443): Read timed out. (read timeout=18) | https://prec.sxzwfw.gov.cn/queryContent-jyxx.jspx
  [POST失败2/3] ConnectionError: ('Connection aborted.', ConnectionResetError(104, 'Connection reset by peer')) | https://prec.sxzwfw.gov.cn/queryContent-jyxx.jspx
  [POST失败1/3] ConnectionError: ('Connection aborted.', ConnectionResetError(104, 'Connection reset by peer')) | https://prec.sxzwfw.gov.cn/queryContent-jyxx.jspx
  [POST失败2/3] ReadTimeout: HTTPSConnectionPool(host='prec.sxzwfw.gov.cn', port=443): Read timed out. (read timeout=18) | https://prec.sxzwfw.gov.cn/queryContent-jyxx.jspx
  [POST失败3/3] ReadTimeout: HTTPSConnectionPool(host='prec.sxzwfw.gov.cn', port=443): Read timed out. (read timeout=18) | https://prec.sxzwfw.gov.cn/queryContent-jyxx.jspx
  [POST失败1/3] ConnectionError: ('Connection aborted.', ConnectionResetError(104, 'Connection reset by peer')) | https://prec.sxzwfw.gov.cn/queryContent-jyxx.jspx
  [POST失败2/3] ReadTimeout: HTTPSConnectionPool(host='prec.sxzwfw.gov.cn', port=443): Read timed out. (read timeout=18) | https://prec.sxzwfw.gov.cn/queryContent-jyxx.jspx
  [POST失败1/3] ReadTimeout: HTTPSConnectionPool(host='prec.sxzwfw.gov.cn', port=443): Read timed out. (read timeout=18) | https://prec.sxzwfw.gov.cn/queryContent-jyxx.jspx
  [POST失败2/3] ProxyError: HTTPSConnectionPool(host='prec.sxzwfw.gov.cn', port=443): Max retries exceeded with url: /queryContent-jyxx.jspx (Caused by ProxyError('Unable to connect to proxy', OSError('Tunnel connection failed: 407 Proxy Authentication Required'))) | https://prec.sxzwfw.gov.cn/queryContent-jyxx.jspx
  [GET失败1/3] ProxyError: HTTPSConnectionPool(host='prec.sxzwfw.gov.cn', port=443): Max retries exceeded with url: /jyxxgcgs/1073416.jhtml (Caused by ProxyError('Unable to connect to proxy', OSError('Tunnel connection failed: 436 Proxy Authentication Failed'))) | https://prec.sxzwfw.gov.cn/jyxxgcgs/1073416.jhtml
    ✓ 历史结果监督部门
  → upsert 完成：中标结果公示

  [中标结果公示] 历山景区基础设施提升项目（二期）
  [历史搜索] 历山景区基础设施提升项目（二期）
  [历史回填] 搜索项目：历山景区基础设施提升项目（二期）
  [GET失败1/3] ConnectionError: ('Connection aborted.', ConnectionResetError(104, 'Connection reset by peer')) | https://prec.sxzwfw.gov.cn/jyxxgczb/1065289.jhtml
    ✓ 历史招标公告
  [GET失败1/3] ReadTimeout: HTTPSConnectionPool(host='prec.sxzwfw.gov.cn', port=443): Read timed out. (read timeout=15) | https://prec.sxzwfw.gov.cn/jyxxgchxr/1071954.jhtml
  [GET失败2/3] ReadTimeout: HTTPSConnectionPool(host='prec.sxzwfw.gov.cn', port=443): Read timed out. (read timeout=15) | https://prec.sxzwfw.gov.cn/jyxxgchxr/1071954.jhtml
    ✓ 历史候选人监督部门
  [GET失败1/3] ProxyError: HTTPSConnectionPool(host='prec.sxzwfw.gov.cn', port=443): Max retries exceeded with url: /jyxxgcgs/1073408.jhtml (Caused by ProxyError('Unable to connect to proxy', OSError('Tunnel connection failed: 407 Proxy Authentication Required'))) | https://prec.sxzwfw.gov.cn/jyxxgcgs/1073408.jhtml
    ✓ 历史结果监督部门
  → upsert 完成：中标结果公示

  [中标结果公示] 晋源区新村村城中村改造安置项目景观工程
  [历史搜索] 晋源区新村村城中村改造安置项目景观工程
  [历史回填] 搜索项目：晋源区新村村城中村改造安置项目景观工程
  [POST失败1/3] ReadTimeout: HTTPSConnectionPool(host='prec.sxzwfw.gov.cn', port=443): Read timed out. (read timeout=18) | https://prec.sxzwfw.gov.cn/queryContent-jyxx.jspx
    ✓ 历史招标公告
  [GET失败1/3] ReadTimeout: HTTPSConnectionPool(host='prec.sxzwfw.gov.cn', port=443): Read timed out. (read timeout=15) | https://prec.sxzwfw.gov.cn/jyxxgchxr/1071929.jhtml
  [GET失败2/3] ConnectionError: ('Connection aborted.', ConnectionResetError(104, 'Connection reset by peer')) | https://prec.sxzwfw.gov.cn/jyxxgchxr/1071929.jhtml
  [GET失败3/3] ReadTimeout: HTTPSConnectionPool(host='prec.sxzwfw.gov.cn', port=443): Read timed out. (read timeout=15) | https://prec.sxzwfw.gov.cn/jyxxgchxr/1071929.jhtml
    ✓ 历史候选人监督部门
  [GET失败1/3] ProxyError: HTTPSConnectionPool(host='prec.sxzwfw.gov.cn', port=443): Max retries exceeded with url: /jyxxgcgs/1073406.jhtml (Caused by ProxyError('Unable to connect to proxy', OSError('Tunnel connection failed: 618 Internal Server Error'))) | https://prec.sxzwfw.gov.cn/jyxxgcgs/1073406.jhtml
    ✓ 历史结果监督部门
  → upsert 完成：中标结果公示

  [中标结果公示] 清徐县城乡供水一体化工程(一期)施工远传阀控水表设备采购
  [历史搜索] 清徐县城乡供水一体化工程(一期)施工远传阀控水表设备采购
  [历史回填] 搜索项目：清徐县城乡供水一体化工程(一期)施工远传阀控水表设备采购
  [POST失败1/3] ReadTimeout: HTTPSConnectionPool(host='prec.sxzwfw.gov.cn', port=443): Read timed out. (read timeout=18) | https://prec.sxzwfw.gov.cn/queryContent-jyxx.jspx
    ✓ 历史招标公告
  [POST失败1/3] ReadTimeout: HTTPSConnectionPool(host='prec.sxzwfw.gov.cn', port=443): Read timed out. (read timeout=18) | https://prec.sxzwfw.gov.cn/queryContent-jyxx.jspx
  [POST失败1/3] ReadTimeout: HTTPSConnectionPool(host='prec.sxzwfw.gov.cn', port=443): Read timed out. (read timeout=18) | https://prec.sxzwfw.gov.cn/queryContent-jyxx.jspx
    ✓ 历史结果监督部门
  → upsert 完成：中标结果公示

  [中标结果公示] 清徐县城乡供水一体化工程(一期)施工水表井采购
  [历史搜索] 清徐县城乡供水一体化工程(一期)施工水表井采购
  [历史回填] 搜索项目：清徐县城乡供水一体化工程(一期)施工水表井采购
  [POST失败1/3] ConnectionError: ('Connection aborted.', RemoteDisconnected('Remote end closed connection without response')) | https://prec.sxzwfw.gov.cn/queryContent-jyxx.jspx
  [POST失败2/3] ProxyError: HTTPSConnectionPool(host='prec.sxzwfw.gov.cn', port=443): Max retries exceeded with url: /queryContent-jyxx.jspx (Caused by ProxyError('Unable to connect to proxy', OSError('Tunnel connection failed: 639 Internal Server Error'))) | https://prec.sxzwfw.gov.cn/queryContent-jyxx.jspx
  [POST失败3/3] ReadTimeout: HTTPSConnectionPool(host='prec.sxzwfw.gov.cn', port=443): Read timed out. (read timeout=18) | https://prec.sxzwfw.gov.cn/queryContent-jyxx.jspx
    ✓ 历史招标公告
    ✓ 历史候选人监督部门
    ✓ 历史结果监督部门
  → upsert 完成：中标结果公示

  [中标结果公示] 忻州市通岗路、广裕街道路建设工程设计项目
  [历史搜索] 忻州市通岗路、广裕街道路建设工程设计项目
  [历史回填] 搜索项目：忻州市通岗路、广裕街道路建设工程设计项目
    ✓ 历史候选人监督部门
    ✓ 历史结果监督部门
  → upsert 完成：中标结果公示

  [中标结果公示] 阳泉市郊区2026 年国土绿化综合治理项目施工二次第七标段
  [历史搜索] 阳泉市郊区2026 年国土绿化综合治理项目施工二次第七标段
  [历史回填] 搜索项目：阳泉市郊区2026 年国土绿化综合治理项目施工二次第七标段
    ✓ 历史候选人监督部门
    ✓ 历史结果监督部门
  → upsert 完成：中标结果公示

  [中标结果公示] 万荣县2026年农村公路建设工程（汉池至汉薛等4条路）
  [历史搜索] 万荣县2026年农村公路建设工程（汉池至汉薛等4条路）
  [历史回填] 搜索项目：万荣县2026年农村公路建设工程（汉池至汉薛等4条路）
    ✓ 历史招标公告
    ✓ 历史候选人监督部门
    ✓ 历史结果监督部门
  → upsert 完成：中标结果公示

  [中标结果公示] 陵川县丁东线(浙水村至长治界)公路改造工程中标结果公告
  [历史搜索] 陵川县丁东线(浙水村至长治界)公路改造工程中标结果公告
  [历史回填] 搜索项目：陵川县丁东线(浙水村至长治界)公路改造工程中标结果公告
    ✓ 历史结果监督部门
  → upsert 完成：中标结果公示

  [中标结果公示] 山西朔州山阴兰花口前煤业有限公司11号煤层开采项目监理
  [历史搜索] 山西朔州山阴兰花口前煤业有限公司11号煤层开采项目监理
  [历史回填] 搜索项目：山西朔州山阴兰花口前煤业有限公司11号煤层开采项目监理
    ✓ 历史招标公告
    ✓ 历史候选人监督部门
  [POST失败1/3] ReadTimeout: HTTPSConnectionPool(host='prec.sxzwfw.gov.cn', port=443): Read timed out. (read timeout=18) | https://prec.sxzwfw.gov.cn/queryContent-jyxx.jspx
    ✓ 历史结果监督部门
  → upsert 完成：中标结果公示

  [中标结果公示] 陵川县秦家庄至司家河公路改造工程中标结果公告
  [历史搜索] 陵川县秦家庄至司家河公路改造工程中标结果公告
  [历史回填] 搜索项目：陵川县秦家庄至司家河公路改造工程中标结果公告
    ✓ 历史结果监督部门
  → upsert 完成：中标结果公示

  [中标结果公示] 大学城产业园(科创城晋中区)环四路西延(低碳谷路)道路工程
  [历史搜索] 大学城产业园(科创城晋中区)环四路西延(低碳谷路)道路工程
  [历史回填] 搜索项目：大学城产业园(科创城晋中区)环四路西延(低碳谷路)道路工程
    ✓ 历史招标计划
    ✓ 历史招标公告
    ✓ 历史候选人监督部门
    ✓ 历史结果监督部门
  → upsert 完成：中标结果公示

  [中标结果公示] 晋城市城区群众户外健身场地补短板项目EPC总承包中标结果公告
  [历史搜索] 晋城市城区群众户外健身场地补短板项目EPC总承包中标结果公告
  [历史回填] 搜索项目：晋城市城区群众户外健身场地补短板项目EPC总承包中标结果公告
    ✓ 历史结果监督部门
  → upsert 完成：中标结果公示

  [中标结果公示] 2026年泽州县昆玉小区等4个老旧小区更新改造工程初步设计中标结果公告
  [历史搜索] 2026年泽州县昆玉小区等4个老旧小区更新改造工程初步设计中标结果公告
  [历史回填] 搜索项目：2026年泽州县昆玉小区等4个老旧小区更新改造工程初步设计中标结果公告
    ✓ 历史结果监督部门
  → upsert 完成：中标结果公示

  [中标结果公示] 国际贸易有机蔬菜生产车间项目
  [历史搜索] 国际贸易有机蔬菜生产车间项目
  [历史回填] 搜索项目：国际贸易有机蔬菜生产车间项目
  [POST失败1/3] ReadTimeout: HTTPSConnectionPool(host='prec.sxzwfw.gov.cn', port=443): Read timed out. (read timeout=18) | https://prec.sxzwfw.gov.cn/queryContent-jyxx.jspx
    ✓ 历史招标计划
    ✓ 历史招标公告
    ✓ 历史候选人监督部门
    ✓ 历史结果监督部门
  → upsert 完成：中标结果公示
[索引] → /home/intsig/zwx/shanxi/output/山西_index.txt
[自检] → /home/intsig/zwx/shanxi/log/20260713_check.log

===== AI 兜底补充提取 =====
  [夹马口引黄灌区续建配套与现代化改造工程（2026-2027年度）勘察] AI补字段 ['开标时间', '标书发售时间', '公告内容', '招标人', '招标人地址', '招标人联系人', '招标人联系方式', '招标代理机构', '招标代理机构地址', '招标代理机构联系人', '招标代理机构联系方式', '监督部门', '监督部门联系方式'] ← https://prec.sxzwfw.gov.cn/jyxxgczb/1073339.jhtml
  [PDF公告] 发现PDF: https://ggzyjyzx.yuncheng.gov.cn:8083/upload/wj/2c9f80959f4135b2019f55a70317154a.pdf
  [PDF] 下载: https://ggzyjyzx.yuncheng.gov.cn:8083/upload/wj/2c9f80959f4135b2019f55a70317154a.pdf
  [PDF] 直接提取文字成功，长度=1896
    ✓ 开标时间: 2026 年08 月04 日09 时00 分
    ✓ 标书发售时间: 2026 年07 月13 日00 时00 分起至2026 年07 月18 日00 时00 分止
    ✓ 公告内容: 夹马口引黄灌区续建配套与现代化改造工程（2026-2027 年度）勘察招标公告 （招标编号：2026GC010719） 招标项目所在地区：运城市 一、招标条件 
    ✓ 招标人: 运城市夹马口引黄服务中心有限公司
    ✓ 招标人地址: 运城市禹都东街128 号
    ✓ 招标人联系人: 薛女士
    ✓ 招标人联系方式: 13467282183
    ✓ 招标代理机构: 山西河东投资项目管理咨询服务有限公司
    ✓ 招标代理机构地址: 运城市盐湖区槐东南路国土公寓一单元7 层701
    ✓ 招标代理机构联系人: 任女士
    ✓ 招标代理机构联系方式: 18003598581
    ✓ 监督部门: 运城市水务局
    ✓ 监督部门联系方式: 0359-2260828
  [马村镇马村村高标准设施蔬菜基地项目] AI补字段 ['招标代理机构地址'] ← https://prec.sxzwfw.gov.cn/jyxxgczb/1069822.jhtml
    ✗ 招标代理机构地址: AI未提取
  [太原市杏花岭区宇乔400MW/800MWh独立储能调频电站项目(EPC总承包）] AI补字段 ['监督部门联系方式'] ← https://prec.sxzwfw.gov.cn/jyxxgcgs/1071357.jhtml
    ✗ 监督部门联系方式: AI未提取
  [太原西山“骑行+”户外运动场地设施与服务保障设施建设项目施工] AI补字段 ['监督部门'] ← https://prec.sxzwfw.gov.cn/jyxxgcgs/1070917.jhtml
    ✗ 监督部门: AI未提取
  [华信振阳高新区200MW/400MWh独立储能项目EPC总承包] AI补字段 ['监督部门'] ← https://prec.sxzwfw.gov.cn/jyxxgcgs/1071264.jhtml
    ✗ 监督部门: AI未提取
  [原平市2025年农村公路灾毁改造工程（裕隆社区-武彦等6条）监理项目] AI补字段 ['监督部门联系方式'] ← https://prec.sxzwfw.gov.cn/jyxxgchxr/1069689.jhtml
    ✗ 监督部门联系方式: AI未提取
  [代县城市地下管网及设施建设改造工程-东北街片区（分区二）施工项目] AI补字段 ['监督部门联系方式'] ← https://prec.sxzwfw.gov.cn/jyxxgchxr/1069209.jhtml
    ✗ 监督部门联系方式: AI未提取
  [大同市晋北地区高原风沙源生态保护和修复项目桦林背林场2026年人工造林(1,2,3,4,5,6,8,9,10,11,12,] AI补字段 ['监督部门联系方式'] ← https://prec.sxzwfw.gov.cn/jyxxgczb/1069176.jhtml
    ✓ 监督部门联系方式: 电话:0352-7789836
  [山西蓝焰煤层气集团有限责任公司晋城矿区煤层气加密井建设项目（二期）煤层气井录井技术服务] AI补字段 ['招标人地址', '招标人联系人', '招标人联系方式'] ← https://prec.sxzwfw.gov.cn/jyxxgczb/1055857.jhtml
    ✗ 招标人地址: AI未提取
    ✗ 招标人联系人: AI未提取
    ✗ 招标人联系方式: AI未提取
  [高平市炎谷丰高标准设施蔬菜基地项目(002二标段)] AI补字段 ['监督部门联系方式'] ← https://prec.sxzwfw.gov.cn/jyxxgchxr/1067695.jhtml
    ✗ 监督部门联系方式: AI未提取
  [太原天然气有限公司太原市2026年住宅小区居民共有老旧庭院燃气管网及户内立管更新改造项目工程施工] AI补字段 ['监督部门联系方式'] ← https://prec.sxzwfw.gov.cn/jyxxgcgs/1069250.jhtml
    ✗ 监督部门联系方式: AI未提取
  [黄水河宁武县段河道治理工程勘察设计项目] AI补字段 ['监督部门联系方式'] ← https://prec.sxzwfw.gov.cn/jyxxgchxr/1067711.jhtml
    ✗ 监督部门联系方式: AI未提取
  [高平市燃气老化管网及设施更新改造工程（老化燃气管道更新改造EPC）] AI补字段 ['招标代理机构地址'] ← https://prec.sxzwfw.gov.cn/jyxxgczb/1060412.jhtml
    ✗ 招标代理机构地址: AI未提取
  [杏花岭区2024年老旧小区改造项目（二期）设计施工总承包（EPC）(004标段四)] AI补字段 ['监督部门联系方式'] ← https://prec.sxzwfw.gov.cn/jyxxgcgs/1071595.jhtml
    ✗ 监督部门联系方式: AI未提取
  [中村镇张马村历山花卉融创基地] AI补字段 ['监督部门联系方式'] ← https://prec.sxzwfw.gov.cn/jyxxgchxr/1070266.jhtml
    ✗ 监督部门联系方式: AI未提取
  [晋中市松塔水库供水（二期）工程管材及管件采购03标] AI补字段 ['监督部门联系方式'] ← https://prec.sxzwfw.gov.cn/jyxxgchxr/1070208.jhtml
    ✗ 监督部门联系方式: AI未提取
  [平陆县2026年村道水毁工程] AI补字段 ['招标人联系人'] ← https://prec.sxzwfw.gov.cn/jyxxgczb/1062514.jhtml
  [PDF公告] 发现PDF: https://ggzyjyzx.yuncheng.gov.cn:8083/upload/wj/2c9f80959e25d986019e96ce7a0b2044.pdf
  [PDF] 直接提取文字成功，长度=3358
    ✗ 招标人联系人: AI未提取
  [原平市2025年农村公路灾毁改造工程（裕隆社区-武彦等6条）施工项目] AI补字段 ['监督部门联系方式'] ← https://prec.sxzwfw.gov.cn/jyxxgchxr/1070610.jhtml
    ✓ 监督部门联系方式: 忻州市交通运输局
  [代县城市地下管网及设施建设改造工程-东北街片区（分区一）施工项目] AI补字段 ['监督部门联系方式'] ← https://prec.sxzwfw.gov.cn/jyxxgchxr/1068808.jhtml
    ✗ 监督部门联系方式: AI未提取
  [代县城市地下管网及设施建设改造工程-东北街片区（分区一）监理项目] AI补字段 ['监督部门联系方式'] ← https://prec.sxzwfw.gov.cn/jyxxgchxr/1068807.jhtml
    ✗ 监督部门联系方式: AI未提取
  [高平市原村乡冯村村集中供热二网项目] AI补字段 ['监督部门联系方式'] ← https://prec.sxzwfw.gov.cn/jyxxgczb/1071190.jhtml
    ✗ 监督部门联系方式: AI未提取
  [柿庄镇输配站基础设施提升改造项目] AI补字段 ['招标人地址'] ← https://prec.sxzwfw.gov.cn/jyxxgczb/1064015.jhtml
    ✗ 招标人地址: AI未提取
  [晋城市建筑垃圾资源化利用项目特许经营者（二次）招标] AI补字段 ['招标人', '招标人地址', '招标人联系人', '招标人联系方式', '招标代理机构', '招标代理机构地址', '招标代理机构联系人', '招标代理机构联系方式', '监督部门'] ← https://prec.sxzwfw.gov.cn/jyxxgczb/1065567.jhtml
    ✗ 招标人: AI未提取
    ✗ 招标人地址: AI未提取
    ✗ 招标人联系人: AI未提取
    ✗ 招标人联系方式: AI未提取
    ✗ 招标代理机构: AI未提取
    ✗ 招标代理机构地址: AI未提取
    ✗ 招标代理机构联系人: AI未提取
    ✗ 招标代理机构联系方式: AI未提取
    ✗ 监督部门: AI未提取
  [阳城县城市更新清林沟片区综合改造工程勘察] AI补字段 ['标书发售时间', '招标代理机构', '招标代理机构地址', '招标代理机构联系人', '招标代理机构联系方式'] ← https://prec.sxzwfw.gov.cn/jyxxgczb/1064508.jhtml
    ✓ 标书发售时间: 2026年6月12日18时00分至2026年6月17日18时00分
    ✓ 招标代理机构: 锐驰项目管理有限公司
    ✓ 招标代理机构地址: 晋城市城区泽州南路白水印象东门北侧100米神利便利二楼
    ✓ 招标代理机构联系人: 祁俊莲
    ✓ 招标代理机构联系方式: 0356-2130506
  [繁峙县资源路产业路108国道-上西庄公路改造工程施工项目] AI补字段 ['监督部门联系方式'] ← https://prec.sxzwfw.gov.cn/jyxxgchxr/1071396.jhtml
    ✗ 监督部门联系方式: AI未提取
  [杏花岭区2024年老旧小区改造项目（二期）设计施工总承包（EPC）(003标段三)] AI补字段 ['监督部门联系方式'] ← https://prec.sxzwfw.gov.cn/jyxxgcgs/1071593.jhtml
    ✗ 监督部门联系方式: AI未提取
  [杏花岭区2024年老旧小区改造项目（二期）设计施工总承包（EPC）(002标段二)] AI补字段 ['监督部门联系方式'] ← https://prec.sxzwfw.gov.cn/jyxxgcgs/1071592.jhtml
    ✗ 监督部门联系方式: AI未提取
  [杏花岭区2024年老旧小区改造项目（二期）设计施工总承包（EPC）(007标段七)] AI补字段 ['监督部门联系方式'] ← https://prec.sxzwfw.gov.cn/jyxxgcgs/1071561.jhtml
    ✗ 监督部门联系方式: AI未提取
  [杏花岭区2024年老旧小区改造项目（二期）设计施工总承包（EPC）(006标段六)] AI补字段 ['监督部门联系方式'] ← https://prec.sxzwfw.gov.cn/jyxxgcgs/1071560.jhtml
    ✗ 监督部门联系方式: AI未提取
  [杏花岭区2024年老旧小区改造项目（二期）设计施工总承包（EPC）(005标段五)] AI补字段 ['监督部门联系方式'] ← https://prec.sxzwfw.gov.cn/jyxxgcgs/1071559.jhtml
    ✗ 监督部门联系方式: AI未提取
  [陵川县丁东线(浙水村至长治界)公路改造工程中标结果公告] AI补字段 ['监督部门联系方式'] ← https://prec.sxzwfw.gov.cn/jyxxgcgs/1073373.jhtml
    ✓ 监督部门联系方式: 13015455110
  [长兴南街（光华路-西中环）建设工程施工] AI补字段 ['开标时间', '标书发售时间', '公告内容', '招标人', '招标人地址', '招标人联系人', '招标人联系方式', '招标代理机构', '招标代理机构地址', '招标代理机构联系人', '招标代理机构联系方式', '监督部门'] ← https://prec.sxzwfw.gov.cn/jyxxgczb/1065459.jhtml
    ✓ 开标时间: 2026年07月07日09时30分
    ✓ 标书发售时间: 2026年06月16日17时00分至结束时间2026年06月22日17时00分
    ✓ 公告内容: （招标编号： E1401000267024448001001） 招标项目所在地区： 山西省太原市 一、招标条件 本 长兴南街（光华路 -西中环）建设工程施工 （
    ✓ 招标人: 太原市城乡基础设施建设中心
    ✓ 招标人地址: 太原市迎泽区双塔西街81号
    ✓ 招标人联系人: 周亚琼
    ✓ 招标人联系方式: 0351-7520287
    ✓ 招标代理机构: 山西海通建设项目管理咨询有限公司
    ✓ 招标代理机构地址: 山西省太原市平阳路119号鸿富综合楼2626层
    ✓ 招标代理机构联系人: 王建红
    ✓ 招标代理机构联系方式: 0351-7285300
    ✓ 监督部门: 太原市住房和城乡建设局
  [晋源区新村村城中村改造安置项目景观工程] AI补字段 ['开标时间', '招标代理机构联系人'] ← https://prec.sxzwfw.gov.cn/jyxxgczb/1052197.jhtml
    ✓ 开标时间: 2026年05月22日09时30分
    ✓ 招标代理机构联系人: 崔玉龙
  [吕梁市新城北川河治理工程二期工程2标段末端新旧河道连接工程施工项目二次] AI补字段 ['标书发售时间', '招标人', '招标人地址', '招标人联系人', '招标人联系方式', '招标代理机构', '招标代理机构地址', '招标代理机构联系人', '招标代理机构联系方式'] ← https://prec.sxzwfw.gov.cn/jyxxgczb/1072361.jhtml
    ✓ 标书发售时间: 2026年07月08日18时00分至2026年07月29日10时00分
    ✓ 招标人: 吕梁市新城两山防洪指挥部
    ✓ 招标人地址: 吕梁市离石区滨河北西路1号
    ✓ 招标人联系人: 付先生
    ✓ 招标人联系方式: 13935813347
    ✓ 招标代理机构: 山西鼎盛源项目管理有限责任公司
    ✓ 招标代理机构地址: 吕梁市离石区凤山街道文丰路69号（乔家沟八巷正对面）
    ✓ 招标代理机构联系人: 薛女士
    ✓ 招标代理机构联系方式: 13233589799
  [临猗县城区雨污分流改造项目（一期）南环路雨污分流改造监理] AI补字段 ['开标时间', '标书发售时间', '公告内容', '招标人', '招标人地址', '招标人联系人', '招标人联系方式', '招标代理机构', '招标代理机构地址', '招标代理机构联系人', '招标代理机构联系方式'] ← https://prec.sxzwfw.gov.cn/jyxxgczb/1065463.jhtml
  [PDF公告] 发现PDF: https://ggzyjyzx.yuncheng.gov.cn:8083/upload/wj/2c9f80959ec96301019ecf75cf8410f6.pdf
  [PDF] 直接提取文字成功，长度=2006
    ✓ 开标时间: 2026 年7 月8 日09 时00 分（北京时间）
    ✓ 标书发售时间: 2026 年6 月17 日08 时00 分至2026 年6 月23 日18 时00 分
    ✓ 公告内容: 临猗县城区雨污分流改造项目（一期）南环路雨污分流改造监理 招标公告 （项目编号：2026GC010562） 招标项目所在地区：运城市临猗县 一、招标条件 本临猗
    ✓ 招标人: 临猗县市政公用服务中心
    ✓ 招标人地址: 临猗县双塔南路1190 号
    ✓ 招标人联系人: 谢先生
    ✓ 招标人联系方式: 13835929284
    ✓ 招标代理机构: 中鼎誉润工程咨询有限公司
    ✓ 招标代理机构地址: 运城市红旗东街盐湖城小区
    ✓ 招标代理机构联系人: 张女士
    ✓ 招标代理机构联系方式: 0359-8333353
  [稷山县汾北城乡一体化供水工程监理二次] AI补字段 ['开标时间', '标书发售时间', '公告内容', '招标人', '招标人地址', '招标人联系人', '招标人联系方式', '招标代理机构', '招标代理机构地址', '招标代理机构联系人', '招标代理机构联系方式'] ← https://prec.sxzwfw.gov.cn/jyxxgczb/1064946.jhtml
  [PDF公告] 发现PDF: https://ggzyjyzx.yuncheng.gov.cn:8083/upload/wj/2c9f80959ec8c02f019ec905977300ce.pdf
  [PDF] 直接提取文字成功，长度=1737
    ✓ 开标时间: 2026 年7 月7 日9 时00 分
    ✓ 标书发售时间: 2026 年 6 月 15 日 17 时 00 分至 2026 年 6 月 23 日 17 时 00 分
    ✓ 公告内容: 稷山县汾北城乡一体化供水工程监理二次 招标公告 （招标项目编号：2026GC010465） 招标项目所在就地区:运城市 稷山县 一、招标条件 本稷山县汾北城乡一
    ✓ 招标人: 稷山县水利局
    ✓ 招标人地址: 稷山县稷王南路7 号
    ✓ 招标人联系人: 赵先生
    ✓ 招标人联系方式: 13293993113
    ✓ 招标代理机构: 山西渊诚工程管理有限公司
    ✓ 招标代理机构地址: 运城市盐湖区解放路与老西街交汇处南50 米
    ✓ 招标代理机构联系人: 薛先生
    ✓ 招标代理机构联系方式: 13620691422
  [新绛经济技术开发区地下水污染风险管控与修复项目设计] AI补字段 ['开标时间', '标书发售时间', '公告内容', '招标人', '招标人地址', '招标人联系人', '招标人联系方式', '招标代理机构', '招标代理机构地址', '招标代理机构联系人', '招标代理机构联系方式'] ← https://prec.sxzwfw.gov.cn/jyxxgczb/1065310.jhtml
  [PDF公告] 发现PDF: https://ggzyjyzx.yuncheng.gov.cn:8083/upload/wj/2c9f80959ec96301019ecdf876b3041b.pdf
  [PDF] 直接提取文字成功，长度=2099
    ✓ 开标时间: 2026年7月8日09时00分
    ✓ 标书发售时间: 2026年6月17日08时00分至2026年6月24日18时00分
    ✓ 公告内容: 新绛经济技术开发区地下水污染风险管控与修复项目设计 招标公告 （招标编号：2026GC010588 ） 招标项目所在地区：运城市新绛县 一、招标条件 本招标项目
    ✓ 招标人: 新绛经济技术开发区管理委员会
    ✓ 招标人地址: 山西省新绛县城北临夏县5公里
    ✓ 招标人联系人: 邱先生
    ✓ 招标人联系方式: 0359-2366085
    ✓ 招标代理机构: 山西泽林工程项目管理有限公司
    ✓ 招标代理机构地址: 山西省运城市盐湖区禹西路1569 号金华国际大厦23 层
    ✓ 招标代理机构联系人: 黄女士
    ✓ 招标代理机构联系方式: 13620699079
  [山西朔州山阴兰花口前煤业有限公司11号煤层开采项目监理] AI补字段 ['标书发售时间'] ← https://prec.sxzwfw.gov.cn/jyxxgczb/1065644.jhtml
    ✓ 标书发售时间: 2026年06月17日17时00分至2026年06月25日17时00分
  [清徐县城乡供水一体化工程(一期)施工水表井采购] AI补字段 ['招标代理机构', '招标代理机构地址', '招标代理机构联系人', '招标代理机构联系方式'] ← https://prec.sxzwfw.gov.cn/jyxxgczb/1064902.jhtml
    ✓ 招标代理机构: 山西泰昊工程技术咨询有限公司
    ✓ 招标代理机构地址: 太原市小店区亲贤北街368号水工大厦630室
    ✓ 招标代理机构联系人: 李旭升
    ✓ 招标代理机构联系方式: 15235170426
  [规划一路（龙城大街—龙城南街）和规划二路（龙城大街—龙城南街）建设工程施工] AI补字段 ['监督部门'] ← https://prec.sxzwfw.gov.cn/jyxxgchxr/1072302.jhtml
    ✓ 监督部门: 太原市住房和城乡建设局
  [吴家堡南北规划路（康兴街一吴家堡北街）建设工程施工] AI补字段 ['招标代理机构', '招标代理机构地址', '招标代理机构联系人', '招标代理机构联系方式'] ← https://prec.sxzwfw.gov.cn/jyxxgczb/1065545.jhtml
    ✓ 招标代理机构: 山西通九州工程项目管理有限公司
    ✓ 招标代理机构地址: 太原市小店区龙城南街98号富力尚悦居办公楼五层513室
    ✓ 招标代理机构联系人: 于海霞
    ✓ 招标代理机构联系方式: 13994237536
  [山西省黎城县佛崖底滑坡地质灾害治理项目工程施工] AI补字段 ['开标时间', '标书发售时间'] ← https://prec.sxzwfw.gov.cn/jyxxgczb/1065269.jhtml
    ✓ 开标时间: 2026年07月07日09时30分
    ✓ 标书发售时间: 2026年06月16日至2026年07月07日
  [中阳县南川河城区段生态综合治理和雨污管网更新改造项目EPC总承包其它] AI补字段 ['标书发售时间', '招标人', '招标人地址', '招标人联系人', '招标人联系方式', '招标代理机构', '招标代理机构地址', '招标代理机构联系人', '招标代理机构联系方式', '监督部门联系方式'] ← https://prec.sxzwfw.gov.cn/jyxxgczb/1061532.jhtml
    ✓ 标书发售时间: 2026年06月03日17时00分至2026年07月06日10时00分
    ✓ 招标人: 中阳县住房和城乡建设管理局
    ✓ 招标人地址: 中阳县宁乡镇办公楼三层
    ✓ 招标人联系人: 赵先生
    ✓ 招标人联系方式: 13753371876
    ✓ 招标代理机构: 中彧工程咨询有限公司
    ✓ 招标代理机构地址: 山西省太原市高新区产业路48号新岛科技园E座三层
    ✓ 招标代理机构联系人: 张飞燕
    ✓ 招标代理机构联系方式: 18535885564 18734187671
    ✓ 监督部门联系方式: 0358-3398049
  [中阳县南川河城区段生态综合治理和雨污管网更新改造项目EPC总承包其它第二标段] AI补字段 ['监督部门联系方式'] ← https://prec.sxzwfw.gov.cn/jyxxgchxr/1072278.jhtml
    ✓ 监督部门联系方式: 0358-3398049
  [运城市排洪通道（姚暹渠盐湖段）改造工程互通项目] AI补字段 ['开标时间', '标书发售时间', '公告内容', '招标人', '招标人地址', '招标人联系人', '招标人联系方式', '招标代理机构', '招标代理机构地址', '招标代理机构联系人', '招标代理机构联系方式'] ← https://prec.sxzwfw.gov.cn/jyxxgczb/1064767.jhtml
  [PDF公告] 发现PDF: https://ggzyjyzx.yuncheng.gov.cn:8083/upload/wj/2c9f80959e25d986019ec00a02b67264.pdf
  [PDF] 直接提取文字成功，长度=2458
    ✓ 开标时间: 2026 年07 月07 日09 时00 分（北京时间）
    ✓ 标书发售时间: 2026 年06 月15 日08 时00 分至2026 年06 月22 日18 时00 分
    ✓ 公告内容: 运城市排洪通道（姚暹渠盐湖段）改造工程互通项目 招标公告 （项目编号：2026GC010582） 招标项目所在地区：运城市盐湖区 一、招标条件 运城市排洪通道（
    ✓ 招标人: 运城市盐湖区水务局
    ✓ 招标人地址: 盐湖区解放北路益农园约90 米
    ✓ 招标人联系人: 李先生
    ✓ 招标人联系方式: 0359-8605001
    ✓ 招标代理机构: 山西沐泓工程项目管理有限公司
    ✓ 招标代理机构地址: 运城市盐湖区铺安街天泰文化苑北区D 幢三单元2101 室
    ✓ 招标代理机构联系人: 王女士
    ✓ 招标代理机构联系方式: 0359-2226128/15364842299
  [万荣县2026年农村公路建设工程（汉池至汉薛等4条路）] AI补字段 ['开标时间', '标书发售时间', '公告内容', '招标人', '招标人地址', '招标人联系人', '招标人联系方式', '招标代理机构', '招标代理机构地址', '招标代理机构联系人', '招标代理机构联系方式'] ← https://prec.sxzwfw.gov.cn/jyxxgczb/1064564.jhtml
  [PDF公告] 发现PDF: https://ggzyjyzx.yuncheng.gov.cn:8083/upload/wj/2c9f80959e25d986019ebb235969618c.pdf
  [PDF] 直接提取文字成功，长度=3201
    ✓ 开标时间: 2026年7月7日09时00分
    ✓ 标书发售时间: 2026年6月15日00时00分起至2026年6月20日00时00分止
    ✓ 公告内容: 万荣县2026 年农村公路建设工程（汉池至汉薛等4 条路）招标公告 （招标编号：2026GC010576） 招标项目所在地区：运城市万荣县 一、招标条件 本万荣
    ✓ 招标人: 万荣县交通运输局
    ✓ 招标人地址: 万荣县城五一东街
    ✓ 招标人联系人: 王先生
    ✓ 招标人联系方式: 15935990567
    ✓ 招标代理机构: 山西三源工程项目管理有限公司
    ✓ 招标代理机构地址: 运城市盐湖区红旗东街康乐苑临街办公楼1 栋2 单元301 室
    ✓ 招标代理机构联系人: 崔先生
    ✓ 招标代理机构联系方式: 0359-2507779、18634834446
  [长治市体育路(捉马大街-漳泽东街)道路建设工程施工] AI补字段 ['标书发售时间', '招标人', '招标人地址', '招标人联系人', '招标人联系方式', '招标代理机构', '招标代理机构地址', '招标代理机构联系人', '招标代理机构联系方式'] ← https://prec.sxzwfw.gov.cn/jyxxgczb/1065385.jhtml
    ✓ 标书发售时间: 2026年6月16日至2026年7月7日(北京时间)
    ✓ 招标人: 长治市市政建设中心
    ✓ 招标人地址: 长治市太行西街36号
    ✓ 招标人联系人: 王女士
    ✓ 招标人联系方式: 0355-5829645
    ✓ 招标代理机构: 山西卓元博盛建设工程项目管理有限公司
    ✓ 招标代理机构地址: 长治市保宁门西街309号世纪城第一座807号
    ✓ 招标代理机构联系人: 陈女士
    ✓ 招标代理机构联系方式: 18235546118
  [2026年城市道路绿化工程总承包中标结果公告] AI补字段 ['监督部门'] ← https://prec.sxzwfw.gov.cn/jyxxgcgs/1073562.jhtml
    ✗ 监督部门: AI未提取
  [代县阳明堡镇2026年生态农业示范园配套道路及渠道修建项目项目] AI补字段 ['监督部门联系方式'] ← https://prec.sxzwfw.gov.cn/jyxxgchxr/1072768.jhtml
    ✗ 监督部门联系方式: AI未提取
  [阳泉市郊区2026 年国土绿化综合治理项目施工二次第七标段] AI补字段 ['监督部门'] ← https://prec.sxzwfw.gov.cn/jyxxgchxr/1072730.jhtml
    ✓ 监督部门: 阳泉市规划和自然资源局
  [响水坡村供排污工程总承包二次招标] AI补字段 ['标书发售时间'] ← https://prec.sxzwfw.gov.cn/jyxxgczb/1062931.jhtml
    ✓ 标书发售时间: 2026年6月8日17:00至2026年6月13日17:00
  [武乡县新城区污水处理厂尾水人工湿地净化工程初步设计设计项目] AI补字段 ['招标人地址', '招标人联系人', '招标人联系方式', '招标代理机构', '招标代理机构地址', '招标代理机构联系人', '招标代理机构联系方式'] ← https://prec.sxzwfw.gov.cn/jyxxgczb/1065426.jhtml
    ✗ 招标人地址: AI未提取
    ✗ 招标人联系人: AI未提取
    ✗ 招标人联系方式: AI未提取
    ✗ 招标代理机构: AI未提取
    ✗ 招标代理机构地址: AI未提取
    ✗ 招标代理机构联系人: AI未提取
    ✗ 招标代理机构联系方式: AI未提取
  [忻州市通岗路、广裕街道路建设工程设计项目] AI补字段 ['监督部门联系方式'] ← https://prec.sxzwfw.gov.cn/jyxxgchxr/1072587.jhtml
    ✗ 监督部门联系方式: AI未提取
  [2026年泽州县昆玉小区等4个老旧小区更新改造工程初步设计中标结果公告] AI补字段 ['监督部门联系方式'] ← https://prec.sxzwfw.gov.cn/jyxxgcgs/1073338.jhtml
    ✗ 监督部门联系方式: AI未提取
  [朔州市平鲁区偏关河、汤溪河流域水土流失治理工程勘察设计项目] AI补字段 ['监督部门联系方式'] ← https://prec.sxzwfw.gov.cn/jyxxgcgs/1073428.jhtml
    ✓ 监督部门联系方式: 朔州市平鲁区水利局
  [山西转型综合改革示范区储能充换电停车场示范项目设计施工总承包中标候选人公示更正] AI补字段 ['监督部门联系方式'] ← https://prec.sxzwfw.gov.cn/jyxxgchxr/1073127.jhtml
    ✗ 监督部门联系方式: AI未提取
  [大秦铁路股份有限公司侯马北工务段南同蒲线K841+940-K843+233路堑护坡大修整治工程施工总价承包项目(1标段)中标候选人公示更正] AI补字段 ['监督部门联系方式'] ← https://prec.sxzwfw.gov.cn/jyxxgchxr/1073096.jhtml
    ✗ 监督部门联系方式: AI未提取
  [运城经济技术开发区数智未来产业中心建设项目1＃标准厂房幕墙工程] AI补字段 ['监督部门'] ← https://prec.sxzwfw.gov.cn/jyxxgczb/1073689.jhtml
    ✓ 监督部门: 运城经济技术开发区管理委员会
  [山西省万荣县景盛牧业有限公司新建年出栏900头肉牛养殖建设（农业面源污染综合治理）项目] AI补字段 ['开标时间', '标书发售时间', '公告内容', '招标人', '招标人地址', '招标人联系人', '招标人联系方式', '招标代理机构', '招标代理机构地址', '招标代理机构联系人', '招标代理机构联系方式', '监督部门', '监督部门联系方式'] ← https://prec.sxzwfw.gov.cn/jyxxgczb/1073663.jhtml
  [PDF公告] 发现PDF: https://ggzyjyzx.yuncheng.gov.cn:8083/upload/wj/2c9f80959f4135b2019f5ab3d93d18ea.pdf
  [PDF] 下载: https://ggzyjyzx.yuncheng.gov.cn:8083/upload/wj/2c9f80959f4135b2019f5ab3d93d18ea.pdf
  [PDF] 直接提取文字成功，长度=2165
    ✓ 开标时间: 2026 年8 月4 日9 时00 分
    ✓ 标书发售时间: 2026 年7 月14 日00：00 分至2026 年7 月21 日00：00
    ✓ 公告内容: 山西省万荣县景盛牧业有限公司新建年出栏900 头肉牛养殖建设（农业面源 污染综合治理）项目招标公告 （招标编号：2026GC010729） 招标项目所在地区:万
    ✓ 招标人: 山西省万荣县景盛牧业有限公司
    ✓ 招标人地址: 运城市万荣县
    ✓ 招标人联系人: 牛先生
    ✓ 招标人联系方式: 13623440000
    ✓ 招标代理机构: 山西方昇项目管理有限公司
    ✓ 招标代理机构地址: 运城市盐湖区铂郡东方6 号楼2203
    ✓ 招标代理机构联系人: 薛女士
    ✓ 招标代理机构联系方式: 0359-2500868
    ✓ 监督部门: 万荣县农业农村局
    ✓ 监督部门联系方式: 0359-4521007
  [陵川县清阳路东侧污水供暖管线更新改造工程] AI补字段 ['开标时间', '标书发售时间', '公告内容', '招标人', '招标人地址', '招标人联系人', '招标人联系方式', '招标代理机构', '招标代理机构地址', '招标代理机构联系人', '招标代理机构联系方式', '监督部门', '监督部门联系方式'] ← https://prec.sxzwfw.gov.cn/jyxxgczb/1073611.jhtml
    ✓ 开标时间: 2026年8月3日10时00分
    ✓ 标书发售时间: 2026年7月13日17时00分至2026年7月18日17时00分
    ✓ 公告内容: 陵川县清阳路东侧污水供暖管线更新改造工程 招标公告 招标项目所在地区：山西省·晋城市·陵川县 一、招标条件 本招标项目陵川县清阳路东侧污水供暖管线更新改造工程（
    ✓ 招标人: 陵川县住房和城乡建设管理局
    ✓ 招标人地址: 陵川县崇文镇梅园西街240号
    ✓ 招标人联系人: 赵先生
    ✓ 招标人联系方式: 13935620820
    ✓ 招标代理机构: 山西智行全过程工程咨询有限公司
    ✓ 招标代理机构地址: 晋城市凤台东街131号中小企业局
    ✓ 招标代理机构联系人: 索先生
    ✓ 招标代理机构联系方式: 13068050566
    ✓ 监督部门: 晋城市住房和城乡建设局
    ✓ 监督部门联系方式: 13753629288
  [洪洞县2026年万安镇农村供水提升工程总承包（EPC）项目] AI补字段 ['监督部门'] ← https://prec.sxzwfw.gov.cn/jyxxgczb/1073599.jhtml
    ✓ 监督部门: 洪行政监督：洪洞县水利局
  [古交-娄烦-方山高速公路环保水保监理监测及验收咨询服务] AI补字段 ['招标代理机构', '招标代理机构地址', '招标代理机构联系人', '招标代理机构联系方式'] ← https://prec.sxzwfw.gov.cn/jyxxgczb/1073588.jhtml
    ✓ 招标代理机构: 北京中交建设工程咨询有限公司
    ✓ 招标代理机构地址: 北京市朝阳区北苑路170号凯旋城3号楼501号
    ✓ 招标代理机构联系人: 郭先生、高先生
    ✓ 招标代理机构联系方式: 17636662545
  [上党革命老区散煤清零（长治市襄垣县）项目容海线霍村支线管网及换热站、五堡线侯村和小黄庄支线、五阳社区支线管网及换热站工程施工] AI补字段 ['标书发售时间', '招标人', '招标人地址', '招标人联系人', '招标人联系方式', '招标代理机构', '招标代理机构地址', '招标代理机构联系人', '招标代理机构联系方式'] ← https://prec.sxzwfw.gov.cn/jyxxgczb/1073585.jhtml
    ✓ 标书发售时间: 2026年7月13日至2026年8月5日(北京时间)
    ✓ 招标人: 襄垣县住房和城乡建设管理局
    ✓ 招标人地址: 襄垣县太行路222号
    ✓ 招标人联系人: 赵先生
    ✓ 招标人联系方式: 0355-7222587
    ✓ 招标代理机构: 山西垚华招标代理有限公司
    ✓ 招标代理机构地址: 长治市潞阳门南路102号山西淮海机电有限公司招待所东楼二层
    ✓ 招标代理机构联系人: 宋女士
    ✓ 招标代理机构联系方式: 0355-3563105
  [长治市屯留区屯绛水库清淤工程勘察设计项目] AI补字段 ['标书发售时间', '招标人', '招标人地址', '招标人联系人', '招标人联系方式', '招标代理机构', '招标代理机构地址', '招标代理机构联系人', '招标代理机构联系方式'] ← https://prec.sxzwfw.gov.cn/jyxxgczb/1073545.jhtml
    ✓ 标书发售时间: 2026年7月13日至2026年8月4日
    ✓ 招标人: 长治市屯留区水利发展中心（长治市屯留区河道治理工程项目部）
    ✓ 招标人地址: 长治市屯留区建设北路016号
    ✓ 招标人联系人: 王先生
    ✓ 招标人联系方式: 0355-7526116
    ✓ 招标代理机构: 山西邦诚工程项目管理有限公司
    ✓ 招标代理机构地址: 山西省长治市潞潞州区焦家庄村委南66米路东二楼
    ✓ 招标代理机构联系人: 高先生
    ✓ 招标代理机构联系方式: 15039957757
  [潞州区农村街巷户道路提档升级工程（大辛庄街道）二次施工项目] AI补字段 ['开标时间', '标书发售时间'] ← https://prec.sxzwfw.gov.cn/jyxxgczb/1073541.jhtml
    ✓ 开标时间: 2026年08月04日9时30分
    ✓ 标书发售时间: 2026年07月13日至2026年08月04日
  [侯马市凤驿晋源产业融合示范路项目施工（二次）] AI补字段 ['开标时间', '标书发售时间', '公告内容', '招标人', '招标人地址', '招标人联系人', '招标人联系方式', '招标代理机构', '招标代理机构地址', '招标代理机构联系人', '招标代理机构联系方式', '监督部门', '监督部门联系方式'] ← https://prec.sxzwfw.gov.cn/jyxxgczb/1073531.jhtml
    ✓ 开标时间: 2026年8月10日9时00分
    ✓ 标书发售时间: 2026年7月14日00时00分至2026年7月20日23时59分
    ✓ 公告内容: 侯马市凤驿晋源产业融合示范路项目施工（二次） 招标公告 （招标编号： SXXZMGCSG20260506-02 ） 招标项目所在地区： 临汾市侯马市 一、招标条
    ✓ 招标人: 侯马市交通运输局
    ✓ 招标人地址: 侯马市程王路40号
    ✓ 招标人联系人: 刘堃
    ✓ 招标人联系方式: 0357-4235122
    ✓ 招标代理机构: 山西鑫振民工程项目管理有限公司
    ✓ 招标代理机构地址: 临汾市尧都高新技术产业开发区兴荣物流园3楼315室
    ✓ 招标代理机构联系人: 薛娜
    ✓ 招标代理机构联系方式: 0357-4163913
    ✓ 监督部门: 临汾市交通运输局
    ✓ 监督部门联系方式: 15935762829
  [黎城县高级中学建设项目监理重新] AI补字段 ['招标人', '招标人地址', '招标人联系人', '招标人联系方式', '招标代理机构', '招标代理机构地址', '招标代理机构联系人', '招标代理机构联系方式'] ← https://prec.sxzwfw.gov.cn/jyxxgczb/1073495.jhtml
    ✓ 招标人: 黎城县第一中学校
    ✓ 招标人地址: 黎城县教育街
    ✓ 招标人联系人: 刘先生
    ✓ 招标人联系方式: 15803456827
    ✓ 招标代理机构: 山西三木工程项目管理有限公司
    ✓ 招标代理机构地址: 长治市英雄中路 383 号
    ✓ 招标代理机构联系人: 李女士
    ✓ 招标代理机构联系方式: 0355-2031510
  [长治高新技术产业开发区起步区低碳可再生能源综合利用项目-晶博光电产业园低碳能源综合利用分项（空气能供热及热水部分）（第十三标段）施工] AI补字段 ['开标时间', '标书发售时间', '招标人', '招标人地址', '招标人联系人', '招标人联系方式', '招标代理机构', '招标代理机构地址', '招标代理机构联系人', '招标代理机构联系方式'] ← https://prec.sxzwfw.gov.cn/jyxxgczb/1073464.jhtml
    ✓ 开标时间: 2026年08月04日9时30分
    ✓ 标书发售时间: 2026年07月13日至2026年08月04日
    ✓ 招标人: 山西长高汇能科技有限公司
    ✓ 招标人地址: 山西省长治市长治高新技术产业开发区北一环路9号
    ✓ 招标人联系人: 唐先生
    ✓ 招标人联系方式: 13835556673
    ✓ 招标代理机构: 山西众利联建设项目管理有限公司
    ✓ 招标代理机构地址: 山西省长治市潞州区太行东街街道东环路北段29号百厚大厦7725号
    ✓ 招标代理机构联系人: 吉女士
    ✓ 招标代理机构联系方式: 13834772277
  [西上庄煤矿无轨胶轮车（003标段）二次] AI补字段 ['标书发售时间', '监督部门'] ← https://prec.sxzwfw.gov.cn/jyxxgczb/1061294.jhtml
    ✓ 标书发售时间: 2026-06-02 18:00 至 2026-06-08 18:00
    ✓ 监督部门: 山西省能源局
  [山西省管涔山国有林管理局2026年吕梁山生态保护修复和水土流失综合治理项目（作业设计编制）] AI补字段 ['监督部门联系方式'] ← https://prec.sxzwfw.gov.cn/jyxxgczb/1073409.jhtml
    ✓ 监督部门联系方式: 生态处:0351-4072954，纪检科:15034469663
  [介休泰新储能有限公司221MW/400.588MWh独立混合储能电站项目总承包（EPC）] AI补字段 ['监督部门联系方式'] ← https://prec.sxzwfw.gov.cn/jyxxgczb/1073383.jhtml
    ✓ 监督部门联系方式: 电话:乔先生 电子邮件:13403446320
  [静乐县王村镇2026年下道宏村护坝及土地治理工程以工代赈项目项目] AI补字段 ['监督部门联系方式'] ← https://prec.sxzwfw.gov.cn/jyxxgchxr/1073620.jhtml
    ✗ 监督部门联系方式: AI未提取
  [沁水县干线道路更新提质工程初步设计] AI补字段 ['标书发售时间', '招标人地址', '招标代理机构地址'] ← https://prec.sxzwfw.gov.cn/jyxxgczb/1066432.jhtml
    ✓ 标书发售时间: 2026年06月18日20时00分至2026年06月23日20时00分
    ✗ 招标人地址: AI未提取
    ✗ 招标代理机构地址: AI未提取
  [平顺县中心城区雨污分流源头治理及错接混接改造工程施工] AI补字段 ['开标时间', '标书发售时间'] ← https://prec.sxzwfw.gov.cn/jyxxgczb/1065429.jhtml
    ✓ 开标时间: 2026年07月10日09时30分
    ✓ 标书发售时间: 2026年06月16日至2026年07月10日
  [恒大九年一贯制学校北侧规划路建设工程（设计）] AI补字段 ['标书发售时间', '招标代理机构', '招标代理机构地址', '招标代理机构联系人', '招标代理机构联系方式'] ← https://prec.sxzwfw.gov.cn/jyxxgczb/1064974.jhtml
    ✓ 标书发售时间: 2026年6月16日8时00分至2026年6月24日8时00分
    ✓ 招标代理机构: 山西重力工程咨询有限公司
    ✓ 招标代理机构地址: 太原市万柏林区长兴北街1号华润大厦T4楼15层
    ✓ 招标代理机构联系人: 王亚男、孙远东、王雷、党慧慧
    ✓ 招标代理机构联系方式: 0351-7077533、13835197726、15135151388
  [吕梁市中阳县后师峪水库工程设备及安装货物项目货物] AI补字段 ['开标时间', '标书发售时间', '招标人地址', '招标代理机构地址'] ← https://prec.sxzwfw.gov.cn/jyxxgczb/1066221.jhtml
    ✓ 开标时间: 2026年7月9日10时00分
    ✓ 标书发售时间: 2026年6月18日17时00分至2026年7月9日10时00分
    ✓ 招标人地址: 山西省吕梁市中阳县县委大院二号楼3层
    ✓ 招标代理机构地址: 山西省太原市万柏林区长风街道万国城MOMA19号楼1901
  [太原市西山地表水厂供水工程一取水泵站(引黄原水)工程钢制管件及法兰采购] AI补字段 ['招标代理机构联系人'] ← https://prec.sxzwfw.gov.cn/jyxxgczb/1065767.jhtml
    ✓ 招标代理机构联系人: 石亚琼
  [晋中（华北）表面处理工业园项目（一期工程）施工] AI补字段 ['开标时间'] ← https://prec.sxzwfw.gov.cn/jyxxgczb/1050619.jhtml
    ✓ 开标时间: 2026-05-15 10:30
  [世界银行贷款可持续生态系统恢复与生物多样性保护项目河津市鸟类栖息地保护与修复工程] AI补字段 ['开标时间', '标书发售时间', '招标人', '招标人地址', '招标人联系人', '招标人联系方式', '招标代理机构', '招标代理机构地址', '招标代理机构联系人', '招标代理机构联系方式', '监督部门', '监督部门联系方式'] ← https://prec.sxzwfw.gov.cn/jyxxgczb/1044915.jhtml
    ✓ 开标时间: 2026年5月26日 09:30
    ✓ 标书发售时间: 2026年4月9日 15:00 至 2026年5月25日 17:00
    ✓ 招标人: 河津市林业局
    ✓ 招标人地址: 山西省河津市新耿街170号
    ✓ 招标人联系人: 韩冬
    ✓ 招标人联系方式: +86-359-5022281
    ✓ 招标代理机构: 中金招标有限责任公司
    ✓ 招标代理机构地址: 中国北京市海淀区西三环北路21号久凌大厦南楼15层
    ✓ 招标代理机构联系人: 何平
    ✓ 招标代理机构联系方式: +86-10-67409997
    ✓ 监督部门: 运城市规划和自然资源局
    ✗ 监督部门联系方式: AI未提取
  [沁河流域（张峰水库下游-殷庄段）水环境综合治理项目监理] AI补字段 ['标书发售时间'] ← https://prec.sxzwfw.gov.cn/jyxxgczb/1065883.jhtml
    ✓ 标书发售时间: 2026年6月17日18时00分至2026年6月22日18时00分
  [山西晋城兴唐煤业有限公司车寨矿井矿建工程、部分土建工程及井下安装工程施工监理] AI补字段 ['招标代理机构地址', '招标代理机构联系人', '招标代理机构联系方式'] ← https://prec.sxzwfw.gov.cn/jyxxgczb/1055815.jhtml
    ✓ 招标代理机构地址: 山西省太原市迎泽区柳巷街道开化寺街86号综合办公楼
    ✓ 招标代理机构联系人: 霍女士、苏先生
    ✓ 招标代理机构联系方式: 15536866060、13934133190
  [古交市公益性公墓建设项目施工] AI补字段 ['开标时间', '标书发售时间', '招标代理机构联系人'] ← https://prec.sxzwfw.gov.cn/jyxxgczb/1060646.jhtml
    ✓ 开标时间: 2026年06月15日09时30分
    ✓ 标书发售时间: 2026年06月0101日10时00分 - 2026年06月06日17时00分
    ✓ 招标代理机构联系人: 李勇
  [晋城市主城区再生水综合利用及配套设施项目（西线）工程总承包中标结果公告] AI补字段 ['监督部门联系方式'] ← https://prec.sxzwfw.gov.cn/jyxxgcgs/1073416.jhtml
    ✓ 监督部门联系方式: 0356-2229661
  [清徐县城乡供水一体化工程(一期)施工远传阀控水表设备采购] AI补字段 ['标书发售时间', '招标代理机构', '招标代理机构地址', '招标代理机构联系人', '招标代理机构联系方式'] ← https://prec.sxzwfw.gov.cn/jyxxgczb/1064903.jhtml
    ✓ 标书发售时间: 2026年06月15日15时00分-2026年06月24日15时00分
    ✓ 招标代理机构: 山西泰昊工程技术咨询有限公司
    ✓ 招标代理机构地址: 太原市小店区亲贤北街368号水工大厦630室
    ✓ 招标代理机构联系人: 李旭升
    ✓ 招标代理机构联系方式: 15235170426
[AI报告] → /home/intsig/zwx/shanxi/log/20260713_ai_report.log
  AI补全完成：259 个字段
  AI调用统计：共 84 次
  输入 tokens : 138,353
  输出 tokens : 37,528
  合计 tokens : 175,881
[自检] → /home/intsig/zwx/shanxi/log/20260713_check.log
[索引] → /home/intsig/zwx/shanxi/output/山西_index.txt

============================================================
完成！共 837 条记录 → /home/intsig/zwx/shanxi/output/山西.csv
自检日志 → /home/intsig/zwx/shanxi/log/20260713_check.log
AI报告   → /home/intsig/zwx/shanxi/log/20260713_ai_report.log
============================================================
============================================================
运行结束: 2026-07-14 00:25:30
============================================================
